"-99,-48,9,0,0,0,0,0,0,0,0,0,-4,-17,-5,-16,-7,-17,-8,-17,-8,-16,-7,-15,-8,-15,-8,-14,-9,-15,-9,-14,-11,-15,-12,-16,-12,-15,-11,-15,-11,-15,-14,-15,-12,-14,-11,-14,-13,-13,-12,-14,-13,-13,-15,-13,-12,-13,-14,-15,-17,-15,-16,-14,0,0,-16,-15,-17,-15,-17,-14,-18,-15,-16,-14,-18,-15,-18,-15,-16,-14,-20,-19,-16,-15,-18,-15,-15,-16,-17,-18,-18,-16,-17,-17,-18,-18,-19,-18,-16,-19,-17,-17,-15,-18,-15,-19,-14,-19,-14,-20,-14,-20,-11,-20,-9,-20,0,0,0,0,0,0,0,0,0,0
"
"-121,112,8,0,0,0,0,0,0,0,0,0,13,-8,12,-9,12,-10,12,-11,11,-10,11,-10,10,-10,11,-10,10,-11,9,-11,10,-13,10,-14,9,-14,10,-14,10,-13,9,-16,8,-14,9,-13,9,-14,9,-14,9,-14,8,-16,9,-14,9,-16,9,-18,9,-18,0,0,8,-18,8,-19,8,-20,8,-19,9,-17,10,-19,9,-20,10,-18,10,-20,9,-18,9,-21,10,-18,11,-20,10,-20,10,-19,11,-20,11,-21,12,-19,12,-18,13,-17,13,-17,14,-17,14,-16,14,-17,15,-14,15,-13,0,0,0,0,0,0,0,0,0,0
"
"-122,-31,23,0,0,0,0,0,0,0,0,0,-14,-11,-14,-10,-14,-10,-16,-9,-15,-9,-14,-8,-15,-7,-14,-7,-16,-7,-15,-6,-17,-6,-18,-6,-18,-5,-18,-6,-17,-5,-20,-4,-17,-4,-17,-4,-18,-4,-17,-3,-18,-4,-19,-2,-18,-4,-19,-3,-21,-3,-21,-3,0,0,-21,-2,-22,-1,-22,-2,-23,-1,-21,-2,-23,-1,-23,-2,-22,-2,-24,-1,-22,-2,-24,-1,-22,-4,-24,-3,-24,-2,-23,-2,-24,-2,-25,-3,-23,-4,-23,-4,-23,-5,-23,-5,-22,-6,-22,-8,-23,-8,-20,-9,-20,-10,0,0,0,0,0,0,0,0,0,0
"
"-122,-31,23,0,0,0,0,0,0,0,0,0,-8,-16,-8,-15,-9,-16,-11,-15,-10,-15,-9,-14,-11,-14,-10,-13,-11,-13,-11,-13,-14,-14,-14,-13,-14,-12,-15,-14,-13,-13,-16,-13,-14,-12,-14,-12,-15,-12,-15,-12,-15,-13,-16,-12,-15,-12,-16,-12,-19,-13,-18,-12,0,0,-19,-13,-20,-12,-20,-11,-21,-12,-18,-12,-21,-13,-21,-13,-19,-14,-21,-14,-20,-13,-22,-13,-19,-13,-21,-15,-20,-14,-21,-14,-21,-14,-22,-16,-20,-16,-19,-16,-18,-17,-17,-17,-17,-18,-17,-18,-17,-19,-14,-19,-13,-19,0,0,0,0,0,0,0,0,0,0
"
"82,-96,4,0,0,0,0,0,0,0,0,0,-20,2,-18,3,-20,4,-19,6,-18,5,-18,4,-17,7,-17,6,-17,7,-17,8,-17,10,-18,11,-18,10,-17,10,-16,10,-19,13,-17,11,-17,10,-16,11,-16,12,-16,13,-16,14,-16,11,-17,14,-17,16,-17,14,0,0,-17,16,-17,17,-16,17,-18,18,-18,16,-18,16,-18,19,-18,16,-18,19,-18,17,-18,19,-18,17,-19,18,-18,18,-19,17,-20,19,-21,19,-21,16,-19,17,-22,14,-19,14,-21,15,-22,12,-23,12,-23,10,-23,10,0,0,0,0,0,0,0,0,0,0
"
"82,-96,4,0,0,0,0,0,0,0,0,0,-15,4,-13,5,-15,6,-14,7,-14,7,-13,6,-13,8,-12,7,-13,8,-12,9,-13,10,-13,10,-13,11,-14,10,-13,9,-13,13,-12,11,-12,11,-12,11,-12,12,-12,12,-12,13,-13,11,-12,13,-13,14,-12,14,0,0,-12,15,-12,16,-12,16,-13,17,-12,15,-13,17,-13,17,-12,16,-13,18,-13,16,-13,18,-13,15,-14,17,-13,17,-14,17,-14,18,-16,18,-15,16,-15,15,-16,15,-16,14,-17,14,-18,14,-18,13,-18,11,-18,10,0,0,0,0,0,0,0,0,0,0
"
"82,-96,4,0,0,0,0,0,0,0,0,0,-11,-1,-11,-1,-11,0,-12,0,-11,0,-11,1,-11,1,-11,2,-11,1,-12,2,-12,2,-11,3,-12,4,-12,4,-11,3,-12,3,-11,4,-12,4,-12,5,-11,4,-12,4,-12,4,-11,4,-11,6,-12,5,-12,6,0,0,-13,5,-12,5,-13,5,-12,6,-12,6,-13,6,-13,6,-12,6,-13,6,-13,6,-13,6,-14,7,-14,6,-14,6,-13,5,-14,5,-15,5,-14,5,-15,4,-14,3,-15,4,-15,2,-14,2,-14,2,-14,1,-14,1,0,0,0,0,0,0,0,0,0,0
"
"82,-96,4,0,0,0,0,0,0,0,0,0,8,-5,8,-6,8,-7,8,-7,7,-7,7,-7,6,-7,6,-8,7,-8,7,-8,6,-8,7,-9,5,-8,6,-8,5,-9,5,-9,5,-10,5,-9,6,-10,4,-10,5,-9,4,-10,4,-10,4,-10,4,-11,5,-11,0,0,4,-11,4,-11,4,-11,4,-12,4,-11,4,-12,4,-12,4,-13,4,-13,4,-13,5,-13,5,-12,5,-12,5,-12,6,-13,6,-13,6,-12,7,-13,7,-13,7,-13,8,-11,8,-12,8,-11,8,-11,8,-10,9,-10,0,0,0,0,0,0,0,0,0,0
"
"82,-96,4,0,0,0,0,0,0,0,0,0,7,7,7,6,8,6,8,6,9,5,9,5,9,5,9,5,9,5,10,5,10,5,10,5,10,4,11,4,11,4,11,4,11,3,10,4,11,3,12,3,12,3,12,3,11,3,12,2,12,2,13,2,0,0,13,2,13,1,13,2,13,2,13,2,14,1,15,2,13,2,14,2,14,1,14,2,14,1,15,2,14,2,14,3,13,3,15,4,14,4,14,4,13,4,13,4,13,5,13,6,13,6,12,6,11,6,0,0,0,0,0,0,0,0,0,0
"
"82,-96,4,0,0,0,0,0,0,0,0,0,3,15,4,15,5,15,6,16,6,15,5,14,6,14,7,14,7,14,8,13,9,15,10,15,10,15,10,15,9,14,11,15,10,14,10,14,11,14,11,14,12,14,13,14,10,13,13,14,14,15,14,15,0,0,15,15,15,15,16,15,16,15,14,14,16,15,17,15,15,15,17,16,15,14,17,15,15,15,16,17,17,16,15,15,16,17,16,17,14,17,14,17,13,18,13,17,12,18,12,17,12,18,9,18,9,18,0,0,0,0,0,0,0,0,0,0
"
"82,-96,4,0,0,0,0,0,0,0,0,0,4,14,4,13,5,14,6,14,6,13,6,12,7,12,7,12,8,13,9,12,9,13,11,13,10,13,10,13,10,12,12,13,10,12,10,12,11,11,11,12,12,11,14,12,11,11,13,11,15,12,14,12,0,0,15,12,16,12,16,12,16,12,15,12,16,12,18,13,16,12,18,14,17,12,18,13,16,13,17,14,18,13,16,14,17,14,17,15,16,14,16,14,15,15,15,14,14,16,14,15,13,16,11,17,11,17,0,0,0,0,0,0,0,0,0,0
"
"37,80,2,0,0,0,0,0,0,0,0,0,-16,3,-15,3,-17,4,-17,6,-16,5,-15,5,-15,7,-13,7,-15,8,-14,8,-15,9,-15,10,-14,10,-15,10,-14,9,-15,12,-14,10,-14,10,-14,11,-14,11,-14,12,-14,13,-13,11,-14,12,-15,16,-14,14,0,0,-14,16,-14,17,-15,17,-14,17,-14,15,-14,17,-15,18,-14,16,-16,18,-13,16,-15,18,-15,16,-17,17,-16,19,-16,17,-17,18,-18,19,-17,16,-16,16,-18,15,-18,16,-18,15,-18,14,-19,14,-19,11,-19,10,0,0,0,0,0,0,0,0,0,0
"
"37,80,2,0,0,0,0,0,0,0,0,0,-12,9,-11,10,-11,10,-11,12,-11,12,-9,11,-10,12,-8,11,-9,13,-8,13,-9,14,-9,15,-8,15,-10,15,-8,14,-8,17,-8,14,-7,15,-7,15,-7,16,-7,16,-5,17,-7,15,-7,17,-7,19,-6,19,0,0,-5,20,-6,20,-6,21,-5,21,-6,18,-5,22,-6,22,-5,20,-6,22,-5,20,-6,21,-7,19,-8,21,-7,22,-6,20,-6,21,-6,24,-8,21,-8,21,-8,19,-9,20,-10,19,-9,20,-10,20,-11,16,-11,15,0,0,0,0,0,0,0,0,0,0
"
"84,-64,4,0,0,0,0,0,0,0,0,0,11,8,10,7,12,8,12,6,12,6,11,6,11,5,12,5,13,5,12,4,14,4,14,4,14,4,15,4,13,4,16,2,14,3,14,3,14,2,14,2,15,2,15,1,14,2,16,1,18,1,17,1,0,0,17,0,18,0,19,-1,19,-1,17,0,19,-1,19,0,19,-1,23,3,26,1,22,-1,19,1,20,0,20,-1,20,0,20,-1,22,0,20,2,20,1,20,3,19,3,19,3,19,4,20,5,17,6,17,6,0,0,0,0,0,0,0,0,0,0
"
"84,-64,4,0,0,0,0,0,0,0,0,0,-6,-16,-6,-15,-7,-16,-9,-16,-9,-15,-8,-14,-9,-14,-8,-14,-9,-15,-9,-14,-12,-15,-13,-15,-13,-14,-13,-15,-12,-14,-15,-15,-13,-14,-13,-14,-13,-14,-13,-14,-13,-14,-15,-14,-13,-14,-15,-14,-17,-14,-16,-14,0,0,-17,-15,-19,-14,-19,-14,-19,-15,-17,-14,-18,-15,-19,-16,-17,-16,-19,-16,-18,-15,-20,-15,-17,-16,-18,-17,-18,-16,-18,-16,-19,-16,-20,-18,-17,-17,-16,-17,-15,-19,-15,-18,-15,-19,-14,-19,-14,-19,-12,-19,-10,-19,0,0,0,0,0,0,0,0,0,0
"
"84,-64,4,0,0,0,0,0,0,0,0,0,11,11,12,9,13,10,14,10,13,9,13,8,14,7,14,7,15,7,15,6,17,6,18,6,17,5,17,6,16,6,19,5,17,5,16,5,17,5,18,4,18,4,19,3,17,4,19,3,21,3,21,2,0,0,21,2,22,2,22,2,22,2,21,2,23,2,24,2,23,2,25,2,23,1,25,1,23,3,24,3,24,2,23,3,25,3,26,4,24,5,23,5,23,7,23,6,23,7,22,7,23,9,21,9,20,10,0,0,0,0,0,0,0,0,0,0
"
"84,-64,4,0,0,0,0,0,0,0,0,0,1,-14,1,-15,1,-14,0,-15,0,-14,0,-14,-1,-14,-1,-13,-2,-14,-3,-14,-4,-16,-4,-16,-5,-16,-5,-15,-5,-15,-5,-16,-5,-15,-5,-14,-6,-15,-6,-15,-6,-15,-7,-15,-6,-14,-8,-15,-9,-17,-9,-17,0,0,-11,-17,-10,-16,-12,-16,-11,-17,-10,-17,-11,-17,-12,-18,-10,-16,-9,-19,-12,-16,-14,-17,-11,-16,-10,-18,-11,-18,-10,-17,-11,-18,-11,-20,-11,-19,-11,-19,-8,-19,-9,-20,-7,-20,-8,-19,-8,-20,-5,-18,-4,-19,0,0,0,0,0,0,0,0,0,0
"
"84,-64,4,0,0,0,0,0,0,0,0,0,-15,6,-14,6,-14,7,-15,9,-13,7,-13,8,-13,8,-12,8,-12,10,-11,10,-12,11,-12,12,-12,12,-12,12,-12,11,-12,13,-11,12,-11,12,-11,13,-11,12,-11,13,-11,14,-10,13,-11,15,-11,17,-10,17,0,0,-10,17,-10,17,-10,18,-11,18,-10,17,-11,18,-11,19,-11,18,-11,19,-11,17,-10,20,-11,17,-12,19,-12,19,-11,19,-12,20,-13,20,-14,18,-13,18,-14,17,-14,17,-15,16,-15,15,-16,16,-16,14,-17,13,0,0,0,0,0,0,0,0,0,0
"
"84,-64,4,0,0,0,0,0,0,0,0,0,-15,4,-14,4,-15,5,-15,6,-15,6,-13,6,-14,7,-13,7,-14,8,-13,8,-14,9,-14,11,-14,10,-14,10,-13,10,-14,12,-13,10,-13,11,-13,11,-13,12,-13,12,-13,14,-13,12,-13,13,-14,16,-14,15,0,0,-13,16,-13,17,-14,17,-13,17,-13,15,-14,17,-14,18,-14,17,-15,18,-13,17,-14,18,-15,16,-16,17,-15,18,-15,17,-15,18,-17,19,-16,16,-16,16,-17,15,-17,15,-18,15,-18,14,-18,14,-19,11,-18,11,0,0,0,0,0,0,0,0,0,0
"
"84,-64,4,0,0,0,0,0,0,0,0,0,-14,11,-13,11,-13,12,-12,13,-12,13,-11,12,-11,13,-9,13,-10,14,-9,14,-9,16,-8,17,-8,17,-9,17,-9,15,-8,18,-8,17,-8,16,-8,17,-7,17,-6,17,-7,19,-7,17,-6,19,-5,21,-6,21,0,0,-5,21,-5,22,-5,23,-4,23,-5,21,-5,23,-5,24,-6,22,-5,25,-5,22,-4,25,-5,23,-6,24,-5,24,-6,23,-6,25,-7,26,-8,24,-8,23,-9,23,-9,23,-10,22,-10,22,-10,23,-11,21,-13,20,0,0,0,0,0,0,0,0,0,0
"
"84,-64,4,0,0,0,0,0,0,0,0,0,2,17,2,16,4,17,5,17,4,16,5,15,5,15,6,15,7,15,7,14,9,16,9,16,9,16,9,16,9,15,11,16,10,15,9,14,10,15,11,14,11,14,13,15,10,14,12,15,14,16,14,16,0,0,15,16,16,16,16,17,16,16,15,16,16,16,17,17,16,16,18,18,16,16,17,17,15,17,16,19,17,19,16,18,16,19,17,20,15,20,14,19,14,20,14,21,13,21,12,21,11,21,10,22,9,22,0,0,0,0,0,0,0,0,0,0
"
"84,-64,4,0,0,0,0,0,0,0,0,0,0,15,1,15,2,15,3,16,3,15,3,14,4,14,4,14,5,15,5,14,8,14,8,15,8,15,7,15,8,15,9,15,8,14,8,13,9,15,8,14,9,15,11,15,8,15,10,15,12,15,12,16,0,0,13,16,14,16,15,15,14,16,13,15,15,17,14,17,16,16,12,17,15,14,17,17,14,17,15,18,15,18,13,17,16,18,15,19,13,19,13,19,11,20,11,19,10,20,9,19,10,20,8,20,7,20,0,0,0,0,0,0,0,0,0,0
"
"84,-64,4,0,0,0,0,0,0,0,0,0,-20,23,-20,23,-19,24,-17,27,-16,26,-16,24,-14,26,-14,26,-12,27,-10,28,-9,32,-6,33,9,42,-30,101,9,27,-8,36,-7,32,-6,30,-7,32,-6,32,-5,34,-3,34,-5,31,-3,35,-1,39,-2,38,0,0,0,40,0,40,2,42,2,40,-1,38,3,41,3,43,1,41,2,44,3,40,5,44,0,40,0,45,4,45,2,42,0,42,4,45,0,43,0,43,-4,44,-3,43,-4,44,-5,42,-5,42,-9,39,-10,39,0,0,0,0,0,0,0,0,0,0
"
"84,-64,4,0,0,0,0,0,0,0,0,0,-46,35,-40,32,-47,44,-43,51,-40,45,-31,39,-35,44,-26,37,-34,49,-24,42,-37,54,-27,62,-31,57,-34,58,-33,52,-38,71,-25,61,-28,57,-27,57,-31,57,-28,57,-28,67,-36,49,-39,65,-39,72,-43,74,0,0,-39,80,-29,87,-29,84,-23,90,-41,76,-36,91,-43,87,-42,74,-25,89,-55,64,-30,80,-47,58,-43,88,-34,75,-22,81,-23,96,-26,106,-39,73,-31,76,-48,56,-34,66,-33,59,-44,47,-46,67,-43,42,-43,37,0,0,0,0,0,0,0,0,0,0
"
"84,-64,4,0,0,0,0,0,0,0,0,0,-18,-4,-18,-3,-19,-3,-20,-1,-18,-1,-18,-2,-18,-1,-18,-1,-19,0,-18,1,-21,2,-21,3,-20,3,-21,2,-20,2,-22,4,-20,3,-20,3,-20,3,-20,4,-21,4,-21,5,-20,3,-22,5,-23,7,-23,6,0,0,-23,7,-23,8,-24,8,-24,8,-23,6,-24,7,-25,8,-24,6,-26,7,-23,7,-25,9,-23,6,-26,7,-25,7,-25,6,-26,7,-27,7,-26,4,-25,4,-25,2,-25,2,-25,1,-25,1,-25,1,-24,-1,-23,-2,0,0,0,0,0,0,0,0,0,0
"
"84,-64,4,0,0,0,0,0,0,0,0,0,5,-14,5,-13,4,-15,3,-16,2,-15,3,-14,2,-15,2,-14,1,-15,0,-15,-1,-17,-2,-17,-2,-16,-1,-17,-1,-16,-3,-18,-3,-16,-3,-16,-4,-16,-3,-17,-3,-17,-4,-17,-4,-17,-6,-17,-6,-19,-5,-18,0,0,-6,-19,-8,-19,-8,-19,-8,-19,-7,-18,-8,-20,-8,-22,-6,-21,-8,-16,-10,-17,-8,-22,-7,-21,-7,-22,-10,-21,-8,-22,-8,-22,-8,-24,-7,-22,-6,-23,-5,-23,-5,-23,-3,-22,-4,-23,-4,-23,-2,-22,-1,-21,0,0,0,0,0,0,0,0,0,0
"
"84,-64,4,0,0,0,0,0,0,0,0,0,-34,41,-33,37,-38,47,-34,54,-30,47,-28,46,-30,47,-23,39,-28,50,-22,44,-24,66,-17,70,-20,65,-33,70,-26,64,-20,78,-20,68,-22,59,-23,66,-30,68,-21,68,-21,70,-31,57,-37,80,-22,87,-41,93,0,0,-27,92,-18,99,-22,98,-8,104,-33,92,-25,98,-35,99,-38,86,-29,84,-47,67,-13,88,-40,72,-29,94,-13,82,-12,79,-14,102,-6,106,-28,79,-13,79,-34,57,-18,70,-25,57,-38,57,-25,62,-32,41,-26,40,0,0,0,0,0,0,0,0,0,0
"
"84,-64,4,0,0,0,0,0,0,0,0,0,12,11,12,10,13,9,15,9,14,9,13,7,14,7,14,7,14,7,14,6,16,5,17,5,18,5,17,5,17,5,18,4,17,4,16,4,18,4,18,4,18,3,20,3,17,3,19,3,21,2,21,2,0,0,22,1,22,1,23,1,22,1,21,2,23,1,24,0,23,1,25,1,23,1,25,0,23,1,26,3,26,2,24,3,26,2,27,3,26,4,25,4,24,6,24,6,25,7,24,7,24,7,22,9,21,10,0,0,0,0,0,0,0,0,0,0
"
"84,-64,4,0,0,0,0,0,0,0,0,0,14,5,14,4,15,3,16,3,15,3,14,2,15,1,15,1,15,1,15,-1,17,-1,17,-2,17,-2,17,-1,16,-2,18,-3,17,-3,17,-3,17,-3,17,-4,18,-4,18,-4,17,-3,18,-5,20,-6,20,-6,0,0,20,-7,21,-8,21,-8,21,-8,20,-7,22,-8,22,-8,22,-7,23,-8,21,-7,23,-9,22,-7,23,-7,23,-8,23,-6,24,-7,25,-7,24,-6,23,-6,24,-4,23,-3,24,-3,23,-2,24,-2,22,0,22,1,0,0,0,0,0,0,0,0,0,0
"
"84,-64,4,0,0,0,0,0,0,0,0,0,-15,-1,-14,0,-16,1,-15,2,-15,2,-14,2,-14,3,-14,3,-14,4,-14,4,-15,5,-15,6,-15,6,-16,5,-15,5,-16,8,-14,6,-14,7,-15,7,-15,7,-15,8,-14,9,-15,7,-15,9,-16,10,-16,10,0,0,-16,11,-16,12,-17,12,-17,13,-16,11,-17,12,-17,13,-17,12,-18,13,-17,12,-18,14,-18,10,-19,12,-18,12,-19,12,-19,13,-21,14,-20,11,-19,11,-20,10,-20,10,-20,9,-21,8,-21,7,-21,5,-21,5,0,0,0,0,0,0,0,0,0,0
"
"84,-64,4,0,0,0,0,0,0,0,0,0,5,-14,4,-14,4,-15,2,-16,2,-15,1,-14,1,-15,1,-14,0,-15,0,-15,-1,-16,-2,-17,-2,-16,-2,-17,-1,-16,-3,-18,-2,-16,-2,-16,-3,-16,-3,-17,-3,-16,-4,-17,-3,-17,-5,-17,-6,-19,-6,-18,0,0,-6,-19,-7,-19,-7,-19,-7,-20,-6,-19,-7,-20,-8,-21,-6,-20,-7,-22,-7,-20,-8,-22,-6,-21,-7,-22,-7,-22,-6,-22,-7,-23,-6,-24,-5,-23,-5,-22,-3,-23,-3,-23,-2,-23,-2,-23,-2,-23,0,-22,1,-22,0,0,0,0,0,0,0,0,0,0
"
"84,-64,4,0,0,0,0,0,0,0,0,0,50,23,49,18,53,26,58,18,53,17,48,13,48,16,49,9,55,8,49,5,64,4,62,0,64,3,68,6,59,1,72,-2,62,-7,61,3,60,-8,60,-1,64,-5,69,-11,57,-1,68,-1,75,-10,72,-1,0,0,81,-15,81,-18,86,-20,79,-25,78,-12,83,-22,88,-22,83,-11,81,-18,75,-3,83,-29,71,-9,92,-27,78,-31,77,-29,92,-36,97,-43,85,-21,79,-28,81,-9,77,-13,80,-21,74,-13,82,-14,76,2,66,4,0,0,0,0,0,0,0,0,0,0
"
"84,-64,4,0,0,0,0,0,0,0,0,0,2,-17,1,-17,0,-17,-1,-19,-1,-17,-2,-17,-2,-17,-1,-16,-3,-17,-2,-16,-5,-18,-6,-19,-6,-19,-5,-19,-5,-19,-8,-19,-7,-19,-7,-18,-8,-19,-7,-19,-7,-19,-11,-18,-8,-19,-8,-17,-12,-20,-13,-20,0,0,-12,-20,-12,-19,-13,-19,-15,-22,-13,-21,-14,-21,-15,-20,-13,-21,-20,-23,-9,-18,-16,-20,-12,-21,-15,-22,-16,-24,-14,-21,-16,-24,-17,-24,-14,-24,-13,-24,-12,-24,-11,-24,-10,-25,-10,-25,-10,-25,-8,-24,-6,-24,0,0,0,0,0,0,0,0,0,0
"
"84,-64,4,0,0,0,0,0,0,0,0,0,-45,-29,-41,-27,-53,-25,-59,-24,-57,-19,-44,-17,-51,-15,-43,-14,-53,-11,-45,-7,-64,-11,-66,1,-65,3,-72,-7,-64,-6,-77,-1,-69,4,-63,-1,-65,2,-63,-5,-67,3,-70,8,-66,-5,-87,1,-89,6,-91,-7,0,0,-87,20,-89,17,-91,20,-92,29,-94,9,-97,17,-98,15,-89,12,-114,3,-83,1,-90,39,-77,3,-96,16,-78,35,-71,30,-94,42,-110,45,-78,13,-71,24,-66,0,-78,7,-65,14,-67,0,-73,14,-60,-10,-49,-8,0,0,0,0,0,0,0,0,0,0
"
"84,-64,4,0,0,0,0,0,0,0,0,0,5,10,5,10,5,11,7,10,6,9,6,9,7,9,7,9,8,9,8,9,10,9,11,9,10,8,10,9,10,9,12,9,11,8,10,7,11,8,11,7,12,8,13,7,11,7,13,7,15,7,14,7,0,0,15,6,16,6,17,6,16,6,15,6,17,7,18,7,16,7,18,7,16,6,18,7,16,7,18,8,18,7,16,8,18,8,18,7,16,8,17,9,15,10,16,8,15,11,15,9,14,10,12,11,12,12,0,0,0,0,0,0,0,0,0,0
"
"84,-64,4,0,0,0,0,0,0,0,0,0,48,-21,42,-27,40,-35,48,-33,37,-41,41,-28,39,-30,41,-24,42,-41,34,-34,41,-41,38,-51,42,-49,55,-44,48,-47,38,-74,36,-53,41,-54,22,-58,42,-54,31,-51,39,-58,43,-54,30,-59,36,-75,41,-62,0,0,32,-70,38,-89,32,-96,28,-100,36,-77,38,-85,38,-81,25,-77,67,-84,57,-59,27,-92,29,-57,48,-82,19,-70,26,-84,24,-93,27,-101,41,-64,15,-74,43,-53,21,-64,32,-73,42,-58,26,-61,45,-42,43,-39,0,0,0,0,0,0,0,0,0,0
"
"84,-64,4,0,0,0,0,0,0,0,0,0,6,9,6,9,6,8,8,8,7,7,7,7,8,6,8,6,8,7,8,5,10,5,11,6,11,5,11,5,11,5,12,5,11,4,10,4,11,4,12,4,12,4,13,4,10,5,11,2,14,2,15,2,0,0,15,2,15,2,17,2,17,2,16,2,17,1,16,2,18,2,18,7,20,7,20,2,17,2,18,2,19,2,18,3,19,3,18,3,17,5,17,3,17,5,16,4,17,6,16,6,16,7,15,8,15,8,0,0,0,0,0,0,0,0,0,0
"
"84,-64,4,0,0,0,0,0,0,0,0,0,-10,0,-10,1,-10,0,-10,2,-10,1,-9,2,-10,3,-10,3,-10,3,-11,3,-11,4,-10,4,-10,5,-10,4,-11,5,-10,5,-10,5,-10,6,-11,6,-11,5,-11,6,-10,6,-11,6,-11,7,-11,6,-11,7,0,0,-10,7,-12,7,-11,7,-11,8,-11,8,-12,8,-11,8,-12,8,-12,7,-12,8,-13,8,-13,8,-13,8,-13,7,-13,8,-14,7,-15,7,-15,7,-14,6,-14,5,-14,4,-15,5,-15,3,-15,3,-15,3,-14,3,0,0,0,0,0,0,0,0,0,0
"
"84,-64,4,0,0,0,0,0,0,0,0,0,-4,-7,-5,-7,-6,-6,-5,-7,-6,-6,-6,-6,-6,-6,-6,-5,-6,-6,-7,-5,-7,-6,-8,-6,-8,-6,-8,-5,-7,-6,-10,-6,-8,-4,-9,-5,-9,-5,-8,-6,-9,-4,-9,-4,-9,-5,-11,-4,-11,-4,-12,-4,0,0,-12,-5,-13,-4,-13,-4,-13,-4,-10,-4,-11,-4,-14,-5,-12,-4,-14,-5,-12,-5,-13,-5,-12,-5,-13,-5,-13,-5,-12,-6,-13,-6,-13,-6,-13,-6,-12,-6,-12,-7,-12,-7,-12,-8,-11,-8,-12,-8,-10,-9,-10,-9,0,0,0,0,0,0,0,0,0,0
"
"84,-64,4,0,0,0,0,0,0,0,0,0,-10,1,-9,2,-10,3,-11,2,-10,3,-10,3,-10,3,-10,4,-10,4,-10,5,-11,6,-10,6,-10,6,-10,6,-10,6,-10,7,-9,7,-10,7,-10,8,-10,7,-11,8,-10,8,-9,8,-8,10,-10,10,-10,10,0,0,-9,11,-10,11,-10,12,-10,12,-10,11,-10,12,-11,12,-10,12,-10,13,-10,12,-9,13,-10,12,-11,13,-11,13,-11,13,-11,13,-13,13,-12,12,-12,11,-13,11,-13,10,-14,10,-13,9,-13,10,-14,9,-13,8,0,0,0,0,0,0,0,0,0,0
"
"84,-64,4,0,0,0,0,0,0,0,0,0,-1,-11,-2,-10,-3,-11,-2,-12,-3,-12,-2,-11,-3,-11,-4,-11,-4,-11,-4,-11,-5,-13,-6,-12,-6,-12,-6,-12,-5,-12,-7,-12,-6,-11,-6,-12,-7,-11,-7,-12,-6,-12,-8,-11,-7,-13,-10,-11,-9,-13,-9,-11,0,0,-10,-12,-11,-13,-11,-13,-12,-13,-10,-12,-11,-13,-11,-14,-9,-13,-14,-17,-9,-14,-10,-13,-11,-13,-11,-14,-11,-15,-10,-15,-11,-15,-11,-15,-11,-15,-9,-15,-8,-15,-7,-16,-7,-16,-6,-16,-7,-16,-6,-16,-5,-15,0,0,0,0,0,0,0,0,0,0
"
"84,-64,4,0,0,0,0,0,0,0,0,0,-4,-10,-4,-9,-5,-9,-5,-12,-6,-10,-5,-10,-6,-10,-6,-9,-7,-9,-6,-8,-7,-11,-9,-10,-9,-10,-8,-10,-7,-10,-9,-9,-9,-8,-8,-8,-10,-8,-9,-9,-9,-9,-11,-8,-8,-9,-12,-7,-12,-10,-12,-8,0,0,-13,-8,-13,-9,-14,-9,-14,-8,-12,-8,-14,-8,-13,-10,-11,-8,-16,-11,-12,-9,-14,-9,-12,-10,-14,-10,-14,-10,-13,-10,-14,-10,-15,-10,-14,-11,-12,-10,-12,-11,-12,-11,-11,-11,-11,-12,-11,-11,-9,-13,-9,-12,0,0,0,0,0,0,0,0,0,0
"
"84,-64,4,0,0,0,0,0,0,0,0,0,-7,2,-7,2,-7,3,-8,3,-7,3,-7,4,-6,4,-7,4,-7,4,-6,5,-6,5,-6,6,-7,5,-6,6,-6,6,-6,7,-6,6,-6,6,-6,7,-6,6,-6,6,-5,7,-5,7,-5,8,-6,8,-5,8,0,0,-5,9,-5,9,-5,9,-5,9,-5,9,-6,9,-6,9,-6,10,-5,10,-6,10,-6,11,-6,10,-7,10,-7,10,-7,10,-7,10,-7,10,-8,10,-8,10,-7,10,-9,9,-9,9,-9,8,-9,8,-10,7,-10,7,0,0,0,0,0,0,0,0,0,0
"
"84,-64,4,0,0,0,0,0,0,0,0,0,-11,0,-10,1,-10,2,-12,2,-11,2,-11,2,-11,3,-10,3,-11,4,-10,4,-11,5,-12,5,-12,6,-12,5,-12,5,-11,6,-10,6,-10,5,-10,6,-11,6,-12,6,-11,8,-11,6,-10,9,-12,8,-11,10,0,0,-11,10,-12,9,-12,9,-11,11,-11,9,-13,11,-12,9,-9,9,-14,12,-12,9,-10,12,-12,9,-13,9,-13,11,-12,10,-14,10,-14,10,-14,10,-13,9,-14,8,-14,8,-13,7,-14,6,-14,7,-14,5,-15,5,0,0,0,0,0,0,0,0,0,0
"
"84,-64,4,0,0,0,0,0,0,0,0,0,-7,4,-7,5,-6,6,-8,6,-7,6,-7,6,-6,7,-6,6,-6,7,-5,7,-7,8,-5,9,-5,9,-6,9,-7,8,-4,10,-2,10,-4,7,-4,9,-5,9,-6,9,-4,10,-5,9,-2,11,-4,12,-3,12,0,0,-2,12,-3,12,-3,13,-2,13,-3,12,-3,13,-3,13,-3,12,-3,14,-2,13,-2,15,-3,13,-3,14,-3,14,-3,13,-2,14,-3,15,-4,15,-4,14,-4,13,-5,13,-5,13,-6,12,-5,13,-6,12,-7,11,0,0,0,0,0,0,0,0,0,0
"
"84,-64,4,0,0,0,0,0,0,0,0,0,6,-6,6,-6,6,-7,6,-7,6,-7,6,-7,5,-8,5,-8,4,-8,5,-8,5,-9,4,-9,5,-10,4,-7,6,-9,3,-9,3,-10,2,-11,3,-10,3,-10,3,-10,2,-11,3,-10,2,-12,3,-12,2,-12,0,0,1,-13,2,-13,1,-13,0,-13,1,-13,1,-13,1,-14,1,-13,0,-14,0,-14,1,-15,1,-14,2,-15,1,-14,1,-15,1,-15,2,-15,2,-15,2,-14,2,-14,3,-14,3,-14,4,-14,4,-13,4,-13,5,-12,0,0,0,0,0,0,0,0,0,0
"
"84,-64,4,0,0,0,0,0,0,0,0,0,7,4,6,3,7,2,8,3,7,2,7,3,7,2,7,2,7,2,8,1,9,1,9,0,9,0,9,1,9,1,10,0,9,-1,8,0,10,-1,9,0,10,0,10,-1,9,0,10,-3,11,-1,10,-2,0,0,11,-3,11,-3,12,-4,11,-3,12,-3,12,-3,13,-3,12,-3,12,-3,11,-3,13,-4,12,-4,13,-3,13,-3,12,-3,13,-3,14,-3,13,-2,13,-1,13,-1,13,0,14,-1,12,0,14,-1,13,1,13,1,0,0,0,0,0,0,0,0,0,0
"
"84,-64,4,0,0,0,0,0,0,0,0,0,-6,7,-6,8,-5,8,-7,9,-6,9,-6,8,-6,9,-5,8,-6,9,-4,9,-6,11,-5,11,-5,12,-4,12,-6,11,-5,12,-5,12,-4,10,-5,11,-6,11,-5,11,-3,12,-5,12,-1,13,-4,13,-3,14,0,0,-3,15,-4,15,-5,16,-2,16,-3,13,-5,12,-6,14,-3,13,-8,17,-6,19,-2,17,-4,13,-4,15,-6,14,-5,14,-6,15,-6,16,-6,15,-6,14,-8,14,-9,13,-8,13,-9,12,-8,13,-10,11,-9,11,0,0,0,0,0,0,0,0,0,0
"
"84,-64,4,0,0,0,0,0,0,0,0,0,19,-42,12,-42,9,-50,21,-49,13,-43,18,-40,6,-35,8,-39,9,-42,-6,-40,7,-44,-14,-50,-6,-46,-8,-42,-1,-39,-9,-47,-28,-45,-3,-31,-24,-30,-15,-38,-2,-40,-18,-38,0,-37,-47,-32,-24,-38,-21,-43,0,0,-40,-40,-33,-37,-32,-47,-36,-32,-27,-51,-32,-45,-36,-43,-36,-33,-40,-33,-25,-45,-38,-49,-28,-38,-30,-47,-32,-51,-34,-52,-41,-39,-64,-35,-26,-50,-33,-37,-15,-57,-30,-45,-34,-55,-2,-56,-31,-45,-3,-26,-3,-53,0,0,0,0,0,0,0,0,0,0
"
"84,-64,4,0,0,0,0,0,0,0,0,0,9,3,8,1,10,1,10,1,10,1,10,1,9,1,9,0,9,0,10,-1,11,0,11,-1,11,-1,11,-2,11,-2,12,-3,10,-3,11,-2,11,-3,11,-3,11,-2,11,-4,11,-3,12,-5,12,-4,11,-5,0,0,12,-5,12,-6,12,-6,12,-7,12,-5,13,-6,13,-6,10,-6,12,-11,13,-3,12,-7,12,-6,15,-5,13,-5,13,-5,14,-5,15,-5,15,-5,14,-5,15,-4,14,-3,14,-2,16,-2,15,-2,14,-1,13,0,0,0,0,0,0,0,0,0,0,0
"
"84,-64,4,0,0,0,0,0,0,0,0,0,-2,8,-1,9,0,9,0,10,0,10,-1,10,0,9,1,9,1,10,2,8,2,10,3,11,3,10,3,10,2,10,4,10,4,9,3,10,4,10,4,10,3,10,5,10,3,10,6,9,5,11,6,11,0,0,7,11,6,11,7,11,8,11,7,11,7,12,7,12,7,12,7,13,7,11,8,13,7,12,7,12,8,13,6,13,8,14,7,14,6,14,6,14,5,14,4,14,4,15,4,14,4,13,2,14,2,14,0,0,0,0,0,0,0,0,0,0
"
"84,-64,4,0,0,0,0,0,0,0,0,0,-9,2,-9,3,-8,4,-10,4,-9,4,-8,4,-9,4,-8,4,-9,5,-8,6,-10,6,-8,7,-9,7,-9,7,-9,7,-9,8,-8,7,-8,7,-8,8,-9,7,-9,7,-8,9,-8,7,-7,10,-8,9,-8,11,0,0,-8,11,-8,10,-8,11,-7,11,-9,11,-9,11,-10,12,-8,11,-9,12,-8,11,-9,13,-9,11,-10,12,-10,12,-10,11,-10,12,-11,12,-10,12,-11,11,-11,11,-12,10,-12,9,-12,10,-11,9,-13,8,-13,8,0,0,0,0,0,0,0,0,0,0
"
"84,-64,4,0,0,0,0,0,0,0,0,0,-3,7,-3,7,-1,7,-3,8,-3,7,-2,8,-2,8,-1,7,-2,7,0,7,0,9,1,9,0,9,0,9,-1,9,1,9,2,8,0,9,1,9,1,9,0,9,2,10,0,8,4,8,3,10,3,10,0,0,4,10,3,10,4,11,4,10,3,10,4,11,4,11,3,11,4,12,4,10,5,13,4,11,4,11,4,12,4,12,4,13,4,13,3,14,2,13,2,14,1,12,1,12,1,12,2,13,-1,12,0,12,0,0,0,0,0,0,0,0,0,0
"
"84,-64,4,0,0,0,0,0,0,0,0,0,1,-8,0,-8,-1,-9,0,-9,-1,-9,0,-8,-1,-9,-1,-9,-1,-9,-2,-9,-2,-10,-2,-10,-2,-11,-1,-9,-2,-10,-3,-11,-5,-9,-3,-9,-4,-9,-4,-11,-4,-11,-4,-9,-3,-10,-5,-9,-5,-11,-6,-10,0,0,-6,-10,-6,-11,-8,-9,-6,-11,-6,-11,-6,-12,-7,-12,-5,-12,-9,-6,-8,-8,-5,-13,-4,-12,-6,-13,-7,-12,-5,-13,-5,-12,-7,-13,-6,-13,-6,-14,-5,-13,-4,-14,-4,-14,-3,-13,-4,-14,-2,-13,-2,-13,0,0,0,0,0,0,0,0,0,0
"
"84,-64,4,0,0,0,0,0,0,0,0,0,-2,-10,-2,-10,-3,-10,-2,-11,-3,-10,-3,-10,-4,-10,-4,-10,-4,-11,-4,-10,-5,-11,-6,-11,-6,-11,-6,-11,-6,-11,-7,-11,-7,-10,-6,-10,-7,-10,-8,-10,-7,-10,-8,-10,-7,-11,-9,-9,-9,-11,-10,-10,0,0,-10,-11,-10,-11,-11,-11,-11,-11,-10,-11,-11,-11,-12,-11,-11,-10,-12,-12,-11,-11,-13,-11,-11,-11,-12,-12,-12,-12,-11,-13,-12,-13,-12,-13,-11,-13,-10,-13,-10,-13,-9,-13,-9,-13,-9,-13,-9,-13,-7,-14,-7,-14,0,0,0,0,0,0,0,0,0,0
"
"84,-64,4,0,0,0,0,0,0,0,0,0,-1,-9,-2,-8,-3,-8,-2,-9,-4,-8,-4,-8,-4,-9,-5,-8,-4,-9,-4,-7,-5,-9,-6,-9,-6,-9,-6,-8,-5,-9,-6,-9,-6,-8,-6,-8,-7,-8,-6,-8,-6,-8,-7,-8,-6,-7,-8,-8,-8,-9,-9,-8,0,0,-10,-8,-9,-9,-10,-8,-9,-9,-9,-9,-9,-8,-11,-9,-10,-9,-9,-8,-11,-10,-12,-10,-9,-10,-10,-9,-10,-9,-10,-10,-10,-10,-9,-11,-9,-11,-9,-10,-8,-11,-8,-12,-8,-11,-8,-12,-9,-11,-7,-12,-6,-12,0,0,0,0,0,0,0,0,0,0
"
"84,-64,4,0,0,0,0,0,0,0,0,0,-8,4,-7,5,-6,5,-8,5,-7,5,-7,6,-7,6,-7,6,-7,7,-5,7,-7,8,-6,8,-6,9,-6,8,-7,8,-6,9,-5,9,-6,8,-5,9,-6,8,-6,8,-5,10,-5,9,-4,10,-5,11,-4,11,0,0,-3,12,-4,11,-4,12,-4,12,-5,12,-5,12,-5,13,-2,12,-7,12,-2,13,-2,14,-4,12,-5,13,-5,13,-4,13,-4,13,-5,14,-6,14,-6,13,-7,11,-7,13,-7,12,-7,12,-6,12,-8,11,-8,10,0,0,0,0,0,0,0,0,0,0
"
"84,-64,4,0,0,0,0,0,0,0,0,0,-48,26,-44,25,-50,40,-50,44,-45,41,-45,32,-42,39,-47,30,-38,43,-45,47,-43,62,-37,78,-41,66,-52,60,-45,51,-45,74,-37,70,-38,52,-33,57,-46,54,-47,54,-42,70,-49,46,-53,74,-45,97,-50,80,0,0,-41,76,-41,105,-47,107,-40,96,-51,86,-51,90,-41,91,-42,73,-50,74,-51,63,-23,99,-48,66,-41,64,-24,70,-19,66,-25,92,-29,112,-42,79,-32,87,-32,50,-43,76,-37,59,-40,56,-25,67,-29,50,-36,31,0,0,0,0,0,0,0,0,0,0
"
"84,-64,4,0,0,0,0,0,0,0,0,0,-9,-3,-10,-2,-9,-2,-11,-1,-9,-1,-10,-1,-10,-1,-10,-1,-11,-1,-10,0,-10,0,-11,2,-12,1,-11,1,-11,1,-12,1,-11,2,-11,1,-12,2,-11,1,-12,1,-12,2,-11,1,-12,3,-13,3,-13,4,0,0,-13,3,-12,4,-13,4,-13,3,-13,4,-14,3,-14,4,-15,3,-14,1,-14,6,-15,7,-15,6,-14,5,-15,4,-14,4,-14,3,-17,2,-15,2,-14,1,-15,1,-16,1,-16,0,-14,0,-15,0,-14,0,-14,-2,0,0,0,0,0,0,0,0,0,0
"
"84,-64,4,0,0,0,0,0,0,0,0,0,5,-1,5,-1,6,-2,6,-2,5,-2,6,-2,6,-3,5,-3,5,-3,6,-3,6,-3,6,-4,6,-4,6,-4,6,-4,6,-4,5,-5,6,-4,6,-5,6,-5,6,-5,6,-5,6,-5,6,-6,6,-5,6,-6,0,0,7,-6,6,-6,6,-5,6,-7,6,-6,7,-7,7,-6,5,-6,8,-7,7,-5,5,-8,6,-6,8,-6,8,-6,8,-6,7,-7,9,-6,9,-6,8,-6,8,-6,8,-4,9,-5,9,-4,9,-4,9,-3,9,-3,0,0,0,0,0,0,0,0,0,0
"
"84,-64,4,0,0,0,0,0,0,0,0,0,10,-3,10,-3,11,-5,11,-4,11,-4,10,-5,10,-5,10,-5,10,-5,11,-6,11,-7,10,-7,11,-7,10,-7,11,-7,11,-9,9,-9,10,-8,10,-9,10,-9,11,-9,10,-9,10,-9,10,-11,11,-11,10,-11,0,0,10,-11,10,-12,10,-12,10,-13,10,-12,11,-12,11,-13,11,-12,11,-13,11,-13,11,-13,11,-12,12,-12,12,-12,12,-13,11,-12,13,-12,12,-12,13,-11,12,-11,13,-10,14,-10,14,-9,14,-9,14,-8,13,-7,0,0,0,0,0,0,0,0,0,0
"
"84,-64,4,0,0,0,0,0,0,0,0,0,7,8,8,8,9,7,9,8,9,7,9,7,9,6,9,6,10,7,11,6,11,6,11,6,12,6,12,5,11,6,13,5,12,4,11,6,13,5,12,5,13,5,14,5,12,5,14,3,14,5,15,3,0,0,15,4,15,4,16,3,15,4,16,4,16,4,17,4,16,4,16,4,16,4,17,5,17,4,16,5,16,5,16,7,15,6,17,6,15,6,15,7,15,7,14,8,14,8,14,8,14,9,13,9,11,9,0,0,0,0,0,0,0,0,0,0
"
"84,-64,4,0,0,0,0,0,0,0,0,0,-12,1,-12,1,-11,2,-12,2,-12,2,-12,3,-12,4,-11,3,-12,4,-12,4,-12,4,-12,5,-12,5,-12,5,-12,5,-12,6,-11,6,-11,6,-11,7,-12,7,-12,6,-11,7,-11,6,-11,8,-12,8,-11,8,0,0,-11,9,-12,9,-12,9,-11,9,-12,9,-12,10,-12,10,-11,10,-12,10,-12,10,-12,10,-13,9,-13,9,-13,9,-13,9,-13,9,-14,10,-13,9,-14,9,-13,9,-12,7,-13,5,-13,6,-12,6,-15,4,-15,3,0,0,0,0,0,0,0,0,0,0
"
"84,-64,4,0,0,0,0,0,0,0,0,0,5,-9,5,-10,5,-11,5,-11,4,-11,4,-11,4,-11,3,-11,3,-12,3,-12,3,-12,3,-13,2,-13,3,-13,3,-12,2,-13,2,-13,1,-13,1,-13,2,-13,2,-13,1,-14,1,-13,-1,-14,0,-14,-1,-14,0,0,0,-15,0,-15,-1,-15,0,-15,0,-15,0,-15,-1,-16,0,-14,0,-16,-1,-16,-1,-17,0,-15,0,-16,1,-16,0,-16,0,-17,1,-15,2,-17,1,-15,3,-14,3,-14,4,-15,2,-15,2,-12,4,-14,6,-14,0,0,0,0,0,0,0,0,0,0
"
"84,-64,4,0,0,0,0,0,0,0,0,0,15,-4,14,-5,15,-5,15,-7,14,-7,13,-6,13,-7,14,-7,14,-8,14,-8,15,-10,15,-11,15,-10,15,-10,14,-10,16,-12,14,-11,14,-11,14,-11,14,-11,14,-12,14,-13,15,-11,15,-12,16,-15,15,-14,0,0,15,-15,16,-16,15,-17,16,-17,15,-14,16,-17,17,-17,17,-16,18,-18,17,-16,18,-18,17,-13,20,-15,18,-17,17,-15,19,-16,21,-17,20,-14,19,-14,20,-13,20,-13,21,-12,22,-10,21,-9,22,-9,20,-9,0,0,0,0,0,0,0,0,0,0
"
"84,-64,4,0,0,0,0,0,0,0,0,0,10,0,10,0,10,-1,11,-1,10,-1,10,-1,10,-1,10,-2,10,-2,10,-3,12,-3,11,-4,11,-4,11,-3,11,-3,11,-5,10,-5,11,-4,11,-5,11,-5,11,-4,11,-5,10,-4,10,-8,12,-7,11,-7,0,0,11,-8,12,-8,12,-9,12,-9,12,-7,13,-8,13,-8,12,-8,13,-9,12,-8,13,-9,13,-8,13,-9,13,-8,13,-7,14,-8,15,-8,13,-7,14,-7,14,-6,14,-6,15,-5,14,-5,14,-5,13,-4,14,-4,0,0,0,0,0,0,0,0,0,0
"
"84,-64,4,0,0,0,0,0,0,0,0,0,-6,7,-6,8,-5,7,-6,7,-5,7,-5,8,-5,8,-4,7,-4,9,-4,7,-5,10,-4,9,-4,9,-4,9,-4,9,-4,10,-3,10,-3,9,-3,10,-4,10,-4,9,-3,10,-3,9,-1,11,-2,11,-2,11,0,0,-1,11,-2,11,-1,12,-2,11,-2,11,-1,10,-3,13,-1,11,-3,20,2,19,-1,15,-2,13,-2,12,-3,12,-3,13,-3,13,-5,13,-5,13,-5,12,-5,12,-6,12,-5,12,-7,11,-7,11,-7,11,-8,11,0,0,0,0,0,0,0,0,0,0
"
"84,-64,4,0,0,0,0,0,0,0,0,0,6,4,7,3,8,3,9,4,8,4,7,4,8,3,8,2,8,3,8,2,9,2,9,1,10,2,9,1,9,2,10,1,9,1,9,2,10,1,9,1,10,2,10,1,9,1,10,-1,11,0,11,0,0,0,11,0,11,0,12,-1,12,-1,12,0,12,0,12,0,13,0,12,-1,12,-1,13,-2,12,-1,13,-1,13,0,12,1,14,0,13,1,13,1,12,1,12,2,12,2,13,3,12,3,12,4,12,4,11,4,0,0,0,0,0,0,0,0,0,0
"
"84,-64,4,0,0,0,0,0,0,0,0,0,-8,6,-7,6,-7,6,-8,6,-7,7,-8,7,-7,7,-7,7,-6,7,-6,8,-6,8,-6,9,-6,9,-6,8,-7,8,-6,9,-5,9,-5,8,-5,9,-5,9,-5,9,-6,10,-5,9,-4,10,-5,11,-4,11,0,0,-4,12,-4,11,-5,12,-4,12,-4,12,-4,12,-4,12,-5,12,-4,13,-3,12,-4,13,-5,12,-5,13,-5,13,-5,12,-6,13,-6,13,-6,13,-6,12,-7,13,-7,12,-8,11,-7,11,-8,11,-9,11,-9,10,0,0,0,0,0,0,0,0,0,0
"
"84,-64,4,0,0,0,0,0,0,0,0,0,-39,16,-31,18,-25,24,-30,29,-32,18,-30,21,-22,21,-35,16,-26,20,-18,25,-12,31,-20,34,-14,30,-10,36,-11,24,-12,44,-5,31,-14,26,-3,23,-6,35,-18,34,-9,40,-13,35,17,35,8,47,1,39,0,0,12,36,10,51,7,49,11,40,8,30,9,39,11,46,7,34,17,31,10,54,-1,64,9,41,11,58,1,48,-5,54,15,53,9,41,4,57,5,58,-4,42,-9,56,2,49,-9,47,1,55,-11,31,-7,42,0,0,0,0,0,0,0,0,0,0
"
"84,-64,4,0,0,0,0,0,0,0,0,0,-11,5,-10,6,-11,7,-11,7,-10,7,-11,7,-10,7,-10,8,-10,8,-10,8,-10,9,-10,11,-11,10,-11,10,-11,9,-10,11,-10,10,-10,10,-9,10,-10,11,-10,10,-10,11,-9,11,-8,13,-9,12,-9,12,0,0,-9,14,-9,13,-9,14,-9,15,-9,13,-10,14,-11,14,-8,14,-10,25,-7,22,-9,17,-11,14,-11,13,-11,13,-11,13,-10,15,-14,13,-13,14,-12,12,-12,13,-13,12,-13,10,-14,10,-13,10,-14,10,-14,9,0,0,0,0,0,0,0,0,0,0
"
"84,-64,4,0,0,0,0,0,0,0,0,0,8,-8,8,-9,8,-10,9,-10,8,-10,7,-10,7,-10,7,-10,7,-10,7,-11,7,-11,6,-11,6,-12,7,-12,6,-12,6,-13,5,-12,6,-13,5,-13,6,-13,6,-13,5,-14,6,-13,4,-15,5,-15,5,-14,0,0,4,-15,5,-15,5,-15,3,-16,5,-15,5,-17,6,-17,4,-16,1,-17,7,-14,8,-16,6,-16,5,-19,6,-16,7,-16,6,-16,6,-15,6,-15,8,-15,8,-15,8,-14,9,-14,8,-14,8,-14,9,-12,9,-11,0,0,0,0,0,0,0,0,0,0
"
"84,-64,4,0,0,0,0,0,0,0,0,0,11,-2,11,-2,11,-3,11,-3,11,-3,10,-3,11,-3,10,-4,11,-4,10,-5,11,-5,11,-6,11,-6,11,-6,11,-5,11,-6,10,-6,11,-6,11,-7,11,-6,11,-6,11,-7,11,-7,11,-8,11,-9,11,-8,0,0,11,-9,12,-9,11,-7,11,-10,11,-8,13,-10,12,-9,12,-7,14,-12,11,-7,12,-8,13,-9,14,-9,13,-10,13,-8,13,-8,13,-8,12,-8,14,-7,13,-7,14,-6,14,-6,14,-6,14,-5,14,-4,13,-4,0,0,0,0,0,0,0,0,0,0
"
"84,-64,4,0,0,0,0,0,0,0,0,0,3,7,4,8,3,7,5,7,4,7,4,7,5,7,4,6,5,7,6,6,6,7,6,7,7,7,7,6,7,7,7,6,7,6,7,6,7,6,8,6,8,6,8,5,7,6,9,6,9,6,10,5,0,0,9,5,10,5,10,6,10,6,10,5,10,6,11,7,11,6,13,12,10,5,11,6,11,5,10,6,12,6,11,7,10,7,12,7,10,7,10,8,10,8,9,8,10,8,9,9,9,8,8,9,8,10,0,0,0,0,0,0,0,0,0,0
"
"84,-64,4,0,0,0,0,0,0,0,0,0,8,3,8,2,8,2,8,2,8,2,9,1,8,1,8,0,9,1,9,0,9,1,9,0,9,0,10,0,10,0,10,-1,10,-2,9,-1,10,-2,10,-1,10,-1,10,-2,10,-1,10,-3,11,-2,10,-4,0,0,11,-3,11,-2,11,-3,11,-4,10,-3,12,-3,12,-2,9,-3,13,-1,9,-6,12,-4,12,-3,13,-1,13,-3,13,-2,13,-2,14,-1,14,-2,13,-1,12,-1,12,-1,13,1,13,0,13,2,12,2,12,2,0,0,0,0,0,0,0,0,0,0
"
"84,-64,4,0,0,0,0,0,0,0,0,0,-6,7,-4,8,-4,8,-4,9,-4,8,-3,8,-3,9,-3,8,-3,9,-2,9,-3,10,-2,9,-2,10,-2,10,-2,9,0,10,-1,9,-1,10,0,10,0,10,-1,9,1,10,0,10,2,10,1,11,2,11,0,0,2,11,2,12,2,12,3,12,2,11,4,11,4,13,2,10,13,9,7,13,2,12,1,10,3,12,3,13,3,14,3,12,3,13,2,14,2,13,2,13,2,12,2,12,1,12,0,13,0,13,0,11,0,0,0,0,0,0,0,0,0,0
"
"84,-64,4,0,0,0,0,0,0,0,0,0,-16,47,-16,49,-16,55,-12,64,-14,56,-11,56,-5,54,-9,45,-5,52,-2,48,6,72,12,77,4,68,2,73,0,63,11,84,6,75,3,61,7,70,6,70,8,71,12,71,-3,71,8,90,24,97,13,103,0,0,21,91,33,90,30,103,25,91,11,100,18,97,20,90,5,92,22,111,19,70,46,102,4,81,18,81,28,84,20,57,42,93,38,97,26,81,25,72,9,60,18,74,13,65,4,53,20,72,-3,59,-4,36,0,0,0,0,0,0,0,0,0,0
"
"84,-64,4,0,0,0,0,0,0,0,0,0,52,7,52,5,59,1,67,-2,59,1,58,-1,56,-2,48,-2,55,-6,50,-9,70,-20,70,-19,74,-20,72,-15,67,-13,75,-20,71,-20,62,-16,65,-21,68,-14,69,-22,68,-21,64,-11,81,-21,88,-31,91,-21,0,0,85,-35,80,-38,92,-42,83,-47,90,-25,87,-32,89,-29,96,-34,91,-24,75,-22,93,-54,78,-20,80,-32,72,-37,70,-34,95,-60,84,-55,75,-28,69,-40,62,-11,74,-27,65,-29,66,-8,68,-26,60,-3,47,-4,0,0,0,0,0,0,0,0,0,0
"
"84,-64,4,0,0,0,0,0,0,0,0,0,-1,-11,-2,-12,-2,-11,-1,-12,-3,-11,-2,-11,-4,-12,-3,-11,-4,-11,-4,-11,-4,-12,-5,-13,-5,-12,-5,-12,-5,-12,-6,-12,-6,-12,-5,-11,-6,-12,-7,-11,-6,-12,-7,-11,-7,-12,-9,-10,-8,-12,-8,-11,0,0,-7,-12,-9,-12,-10,-12,-8,-12,-8,-13,-8,-10,-10,-14,-8,-13,-11,-11,-7,-15,-8,-15,-7,-14,-10,-12,-10,-13,-8,-14,-9,-14,-7,-11,-8,-13,-8,-13,-7,-13,-7,-11,-7,-15,-5,-12,-4,-13,-4,-13,-4,-14,0,0,0,0,0,0,0,0,0,0
"
"84,-64,4,0,0,0,0,0,0,0,0,0,-10,2,-10,2,-10,4,-11,3,-10,4,-10,4,-10,4,-10,4,-11,5,-10,5,-11,5,-10,6,-11,6,-10,6,-11,6,-10,7,-9,7,-9,7,-9,8,-10,8,-10,7,-10,9,-9,7,-9,9,-10,9,-9,9,0,0,-9,10,-9,10,-10,10,-9,11,-10,9,-10,10,-10,10,-8,12,-13,10,-10,12,-12,12,-11,11,-10,10,-10,11,-10,10,-11,11,-11,10,-11,10,-11,10,-12,10,-12,9,-12,8,-12,8,-12,7,-12,7,-13,6,0,0,0,0,0,0,0,0,0,0
"
"84,-64,4,0,0,0,0,0,0,0,0,0,12,0,12,0,12,-2,13,-1,12,-1,12,-1,11,-2,11,-2,12,-2,12,-3,13,-3,13,-3,13,-4,13,-4,13,-3,13,-5,11,-5,13,-4,13,-5,12,-4,13,-4,13,-5,13,-5,13,-7,14,-6,13,-6,0,0,13,-6,13,-6,14,-7,13,-7,13,-6,13,-7,16,-7,13,-5,11,-15,10,-11,14,-8,14,-6,15,-6,15,-5,14,-6,14,-6,16,-5,15,-5,14,-4,14,-4,16,-2,14,-2,15,-2,15,-3,14,-1,14,-1,0,0,0,0,0,0,0,0,0,0
"
"84,-64,4,0,0,0,0,0,0,0,0,0,-1,9,-1,10,0,10,0,10,0,10,0,9,0,10,0,10,1,10,1,10,2,11,2,11,2,11,2,10,1,10,4,11,4,10,3,11,4,10,4,10,3,10,4,10,3,10,6,11,5,12,5,11,0,0,6,11,6,11,7,11,7,11,6,12,6,12,7,12,7,12,7,13,6,12,7,13,6,12,6,12,7,13,6,13,6,13,6,14,5,14,5,13,5,14,4,14,4,14,3,14,3,14,2,14,1,13,0,0,0,0,0,0,0,0,0,0
"
"84,-64,4,0,0,0,0,0,0,0,0,0,-2,10,-2,10,-1,11,-1,12,-1,11,-1,11,0,11,0,10,0,11,1,10,1,12,2,12,2,12,2,12,1,12,3,12,3,11,3,12,3,12,3,12,3,12,4,12,3,12,5,11,5,13,5,12,0,0,6,12,5,13,6,13,7,13,6,13,6,13,7,13,6,13,7,14,7,14,7,14,6,13,6,14,6,14,6,14,6,15,6,15,5,15,4,15,4,15,4,14,3,15,2,15,3,15,1,15,0,15,0,0,0,0,0,0,0,0,0,0
"
"84,-64,4,0,0,0,0,0,0,0,0,0,-9,-3,-9,-2,-10,-2,-10,-2,-10,-2,-9,-2,-10,-1,-9,-1,-10,-1,-10,0,-10,0,-10,1,-11,0,-11,1,-10,0,-11,2,-10,1,-11,1,-11,2,-11,2,-11,2,-11,3,-10,2,-10,4,-11,4,-11,3,0,0,-11,5,-12,4,-12,5,-11,5,-11,5,-12,5,-12,5,-12,5,-12,6,-12,5,-13,6,-12,5,-13,5,-13,5,-13,5,-12,6,-14,6,-13,5,-13,4,-13,4,-13,3,-14,3,-13,3,-13,3,-13,2,-13,2,0,0,0,0,0,0,0,0,0,0
"
"84,-64,4,0,0,0,0,0,0,0,0,0,-8,6,-7,7,-7,7,-7,7,-7,8,-7,8,-7,8,-6,7,-6,8,-5,8,-7,9,-6,10,-5,10,-6,9,-6,10,-5,10,-5,10,-4,10,-5,10,-5,10,-5,11,-4,11,-4,10,-3,11,-4,12,-3,12,0,0,-2,13,-3,12,-3,13,-2,13,-3,13,-3,13,-2,14,-3,13,-3,14,-3,13,-3,15,-3,14,-3,14,-3,14,-4,14,-4,15,-5,15,-4,15,-5,14,-5,14,-5,14,-6,13,-6,13,-7,13,-7,12,-8,12,0,0,0,0,0,0,0,0,0,0
"
"84,-64,4,0,0,0,0,0,0,0,0,0,11,0,12,-1,11,-3,12,-2,11,-2,11,-3,11,-2,10,-3,11,-3,10,-4,11,-4,11,-5,11,-5,11,-4,12,-5,11,-5,11,-6,11,-5,11,-6,11,-6,11,-5,12,-6,10,-6,11,-7,12,-7,11,-8,0,0,12,-8,12,-8,12,-9,11,-8,12,-8,13,-7,12,-9,13,-10,14,-9,10,-10,14,-11,13,-8,13,-9,13,-8,12,-7,13,-7,14,-7,14,-7,14,-6,14,-5,13,-5,14,-4,14,-4,14,-5,13,-3,13,-3,0,0,0,0,0,0,0,0,0,0
"
"84,-64,4,0,0,0,0,0,0,0,0,0,8,-2,8,-2,8,-3,8,-3,9,-3,8,-3,8,-3,8,-4,8,-3,8,-4,9,-5,8,-5,9,-5,8,-5,8,-5,7,-6,7,-6,8,-6,7,-6,8,-6,8,-6,9,-7,8,-6,6,-8,8,-7,7,-8,0,0,8,-9,8,-8,8,-9,7,-9,7,-9,9,-10,9,-9,7,-10,9,-6,10,-11,9,-10,8,-9,10,-10,9,-9,10,-9,9,-9,11,-9,10,-9,10,-8,10,-9,11,-7,11,-6,11,-7,11,-8,11,-6,11,-6,0,0,0,0,0,0,0,0,0,0
"
"84,-64,4,0,0,0,0,0,0,0,0,0,-10,0,-11,0,-11,2,-11,1,-10,1,-10,2,-11,2,-11,3,-10,2,-10,3,-10,3,-11,4,-11,4,-11,4,-11,4,-11,5,-10,5,-10,4,-10,6,-11,5,-11,5,-11,6,-10,6,-10,7,-11,7,-11,7,0,0,-11,7,-12,7,-12,7,-11,8,-11,7,-12,8,-13,7,-12,8,-11,14,-12,10,-12,7,-12,7,-14,9,-15,8,-14,7,-14,8,-15,8,-13,8,-14,6,-14,6,-14,6,-14,5,-14,5,-14,4,-14,3,-14,3,0,0,0,0,0,0,0,0,0,0
"
"84,-64,4,0,0,0,0,0,0,0,0,0,-9,-3,-10,-2,-9,-1,-10,-2,-10,-1,-10,-1,-10,-1,-9,0,-10,0,-9,0,-10,0,-10,0,-10,0,-10,1,-11,1,-10,1,-10,1,-10,2,-10,3,-11,2,-10,2,-11,3,-11,1,-10,3,-11,3,-11,4,0,0,-12,4,-11,4,-12,4,-12,5,-12,5,-12,4,-13,5,-15,3,-7,1,-8,2,-12,2,-12,3,-13,5,-14,4,-13,4,-13,5,-14,4,-14,5,-14,3,-13,3,-14,2,-13,2,-13,2,-14,2,-13,1,-12,0,0,0,0,0,0,0,0,0,0,0
"
"84,-64,4,0,0,0,0,0,0,0,0,0,-3,10,-3,10,-2,11,-2,11,-2,11,-2,10,-2,11,-1,10,-1,11,0,10,-1,12,0,12,0,12,0,12,-1,11,2,12,2,11,1,12,2,11,2,12,1,11,2,12,1,12,4,12,3,13,4,13,0,0,4,13,4,13,5,13,5,13,4,13,5,13,5,14,5,13,5,14,5,13,5,15,3,13,4,14,4,14,4,15,5,15,4,15,3,15,3,14,3,14,2,14,2,14,0,14,1,14,0,14,-1,14,0,0,0,0,0,0,0,0,0,0
"
"84,-64,4,0,0,0,0,0,0,0,0,0,5,-8,4,-7,4,-9,4,-8,4,-9,3,-8,3,-9,2,-8,3,-8,2,-9,3,-9,2,-9,2,-9,2,-10,3,-10,1,-11,1,-11,2,-10,1,-10,1,-11,1,-11,1,-11,1,-11,0,-10,1,-11,0,-12,0,0,0,-11,1,-12,0,-12,0,-13,0,-12,0,-13,0,-13,0,-12,-1,-14,1,-13,0,-14,1,-13,1,-14,1,-14,1,-14,1,-14,1,-14,1,-14,2,-13,3,-13,3,-13,3,-13,4,-12,3,-12,5,-12,5,-12,0,0,0,0,0,0,0,0,0,0
"
"84,-64,4,0,0,0,0,0,0,0,0,0,10,-5,10,-6,10,-6,11,-7,9,-6,9,-6,8,-7,8,-7,9,-7,9,-8,9,-9,8,-9,8,-9,8,-10,9,-9,8,-11,8,-10,8,-10,8,-11,8,-11,8,-10,8,-11,7,-11,7,-12,8,-13,7,-13,0,0,7,-13,8,-12,8,-14,7,-14,8,-14,8,-14,9,-14,7,-13,8,-14,7,-14,9,-15,8,-14,9,-15,10,-14,9,-14,9,-14,10,-14,10,-14,10,-13,11,-13,11,-13,12,-11,11,-11,11,-11,12,-10,11,-10,0,0,0,0,0,0,0,0,0,0
"
"84,-64,4,0,0,0,0,0,0,0,0,0,-3,-13,-4,-12,-4,-13,-4,-13,-6,-13,-5,-12,-5,-13,-6,-12,-6,-13,-6,-12,-7,-13,-7,-13,-7,-13,-8,-13,-6,-12,-8,-13,-8,-12,-8,-13,-9,-11,-8,-13,-8,-13,-9,-12,-8,-12,-11,-11,-10,-13,-11,-12,0,0,-11,-13,-12,-12,-11,-12,-14,-13,-11,-12,-12,-14,-11,-11,-13,-13,-15,-12,-8,-13,-9,-11,-10,-13,-12,-15,-12,-15,-10,-13,-11,-15,-12,-14,-10,-15,-11,-15,-9,-15,-9,-15,-9,-15,-7,-15,-8,-15,-6,-16,-5,-16,0,0,0,0,0,0,0,0,0,0
"
"84,-64,4,0,0,0,0,0,0,0,0,0,4,9,4,8,5,8,5,8,5,7,6,8,5,7,5,7,6,7,7,7,7,7,8,7,8,6,7,7,8,6,9,6,8,6,9,6,9,5,10,5,9,5,10,6,10,6,11,5,11,5,11,5,0,0,11,4,12,4,12,5,13,3,13,4,14,3,14,4,12,3,17,6,11,4,12,3,12,5,13,5,14,4,14,6,14,6,14,5,13,6,12,6,13,7,12,6,13,7,11,8,12,8,11,8,10,8,0,0,0,0,0,0,0,0,0,0
"
"84,-64,4,0,0,0,0,0,0,0,0,0,9,6,8,5,10,5,10,5,9,4,9,4,9,4,10,4,10,3,11,2,11,3,11,2,12,2,12,2,11,2,12,1,12,0,11,1,13,1,12,0,12,0,12,0,12,0,13,-1,13,0,13,-2,0,0,14,-2,15,-2,16,-2,14,-2,15,-2,14,-2,17,-4,16,-2,7,1,13,-3,18,-1,15,-1,16,-3,15,-4,15,-1,16,-2,16,-1,16,-1,16,0,15,0,15,0,15,1,15,0,15,1,14,3,14,3,0,0,0,0,0,0,0,0,0,0
"
"84,-64,4,0,0,0,0,0,0,0,0,0,-10,-5,-10,-4,-10,-4,-11,-4,-11,-3,-10,-2,-10,-2,-10,-2,-11,-1,-10,-1,-11,-1,-12,-1,-11,-1,-11,0,-11,0,-12,1,-11,1,-11,0,-12,2,-12,1,-12,1,-13,2,-11,1,-13,3,-13,3,-12,3,0,0,-13,3,-13,3,-13,4,-13,4,-14,4,-15,4,-15,4,-11,3,-16,11,-15,7,-13,3,-13,3,-15,2,-15,4,-15,3,-15,3,-16,3,-16,3,-14,2,-15,2,-15,0,-15,-1,-14,0,-16,0,-15,-1,-15,-1,0,0,0,0,0,0,0,0,0,0
"
"84,-64,4,0,0,0,0,0,0,0,0,0,-5,7,-4,7,-4,8,-5,7,-4,8,-4,7,-4,8,-4,8,-4,8,-2,8,-3,9,-2,9,-2,9,-2,9,-3,9,-2,10,-1,9,-2,9,-1,9,-2,9,-2,9,-1,10,-1,10,0,10,0,11,0,11,0,0,0,11,0,12,0,11,0,12,0,11,0,12,0,13,0,11,0,13,0,12,1,13,0,12,0,13,-1,13,-1,13,-1,13,-1,14,-2,13,-3,13,-3,13,-3,12,-4,12,-4,12,-4,12,-5,12,-5,11,0,0,0,0,0,0,0,0,0,0
"
"84,-64,4,0,0,0,0,0,0,0,0,0,-2,-11,-2,-11,-2,-11,-3,-12,-3,-11,-3,-12,-4,-11,-4,-10,-4,-11,-4,-11,-5,-11,-6,-11,-6,-11,-6,-11,-6,-11,-7,-11,-7,-10,-6,-10,-7,-10,-7,-11,-7,-11,-8,-11,-7,-11,-9,-11,-8,-12,-9,-11,0,0,-10,-11,-10,-12,-11,-11,-11,-11,-10,-11,-10,-12,-11,-12,-10,-11,-11,-13,-10,-12,-11,-13,-10,-12,-11,-13,-11,-13,-10,-13,-10,-13,-10,-14,-9,-14,-9,-14,-8,-14,-8,-14,-8,-14,-8,-14,-7,-14,-6,-14,-5,-15,0,0,0,0,0,0,0,0,0,0
"
"84,-64,4,0,0,0,0,0,0,0,0,0,6,12,5,10,7,9,6,10,8,10,6,9,9,10,7,9,8,10,9,8,10,8,9,8,10,9,10,8,11,8,12,8,11,8,12,9,11,6,12,7,11,8,12,9,11,7,14,7,14,6,14,9,0,0,15,8,14,6,16,6,16,8,16,7,15,7,17,7,14,7,16,8,15,7,15,8,15,8,16,8,15,8,15,9,15,10,16,10,15,10,14,10,13,11,13,11,13,11,13,11,13,11,11,12,10,12,0,0,0,0,0,0,0,0,0,0
"
"84,-64,4,0,0,0,0,0,0,0,0,0,-3,9,-3,9,-1,9,-1,9,-2,9,-1,9,-1,9,0,9,-1,10,0,9,0,10,1,10,1,11,1,10,1,10,2,11,2,10,2,10,3,10,3,10,2,10,3,11,2,10,4,10,4,11,5,11,0,0,5,12,5,12,5,11,5,11,5,11,6,11,6,12,6,12,6,13,6,12,6,13,5,12,5,12,6,12,4,13,5,13,6,14,4,14,4,13,3,13,3,13,3,13,2,13,2,13,1,12,0,13,0,0,0,0,0,0,0,0,0,0
"
"82,-96,4,0,0,0,0,0,0,0,0,0,-3,7,-2,8,-1,8,-2,8,-1,8,-1,7,-1,8,-1,7,-1,8,1,7,0,8,1,9,1,9,1,8,0,9,2,8,2,8,2,8,2,8,2,9,2,8,3,9,2,8,5,8,4,9,5,9,0,0,5,9,5,10,5,10,6,10,5,10,5,10,6,10,6,9,6,11,6,10,7,11,5,10,5,11,6,11,5,11,6,12,6,12,5,12,5,12,4,12,4,11,4,12,3,11,4,12,2,11,1,11,0,0,0,0,0,0,0,0,0,0
"
"84,-64,4,0,0,0,0,0,0,0,0,0,-10,-1,-9,0,-10,1,-10,1,-10,1,-10,1,-10,1,-10,3,-10,2,-9,3,-10,4,-10,4,-10,4,-10,4,-11,4,-10,4,-10,5,-10,5,-10,5,-10,5,-10,5,-10,6,-9,5,-10,7,-10,6,-10,7,0,0,-11,9,-11,8,-11,10,-10,8,-11,8,-11,7,-11,9,-14,10,-13,8,-10,10,-14,9,-12,8,-12,9,-12,8,-12,8,-13,8,-13,8,-12,8,-13,8,-13,6,-13,7,-14,5,-13,5,-13,5,-14,3,-13,4,0,0,0,0,0,0,0,0,0,0
"
"84,-64,4,0,0,0,0,0,0,0,0,0,7,-5,6,-6,7,-6,7,-7,6,-7,7,-6,5,-7,6,-7,6,-7,5,-8,5,-9,5,-9,5,-9,6,-9,6,-9,5,-10,4,-10,5,-9,5,-10,4,-10,5,-10,5,-10,4,-10,3,-10,4,-11,4,-11,0,0,4,-12,4,-12,3,-12,4,-13,4,-13,5,-12,3,-15,7,-14,1,-11,6,-9,6,-14,5,-14,5,-14,4,-13,7,-13,5,-14,7,-12,7,-12,6,-13,7,-13,7,-11,8,-12,9,-11,10,-11,9,-10,10,-10,0,0,0,0,0,0,0,0,0,0
"
"84,-64,4,0,0,0,0,0,0,0,0,0,6,-9,5,-9,5,-10,5,-10,5,-10,5,-10,4,-10,4,-10,4,-10,3,-11,4,-12,3,-13,3,-13,3,-12,4,-13,3,-13,2,-12,3,-13,2,-12,2,-13,3,-13,2,-13,3,-13,0,-14,2,-15,1,-14,0,0,2,-15,2,-16,1,-15,1,-16,1,-15,2,-16,4,-16,2,-15,6,-25,2,-23,2,-18,3,-15,3,-16,4,-15,4,-16,4,-17,5,-16,6,-15,5,-15,7,-15,7,-13,6,-14,7,-13,7,-13,8,-13,8,-13,0,0,0,0,0,0,0,0,0,0
"
"84,-64,4,0,0,0,0,0,0,0,0,0,0,10,1,11,2,10,2,12,2,10,2,11,2,10,3,10,2,10,4,10,4,11,5,11,5,10,5,10,5,11,6,10,6,10,5,10,6,10,6,10,6,11,7,11,6,10,8,10,8,11,8,11,0,0,9,11,8,11,9,11,9,11,9,11,9,11,9,11,9,11,9,12,8,11,9,12,9,11,9,12,9,12,8,12,9,13,8,13,7,13,7,13,6,13,6,13,6,13,5,13,5,12,4,13,3,13,0,0,0,0,0,0,0,0,0,0
"
"84,-64,4,0,0,0,0,0,0,0,0,0,-2,8,-2,9,-1,9,-1,9,-1,10,0,9,0,10,1,9,0,10,1,8,1,10,2,9,2,10,3,11,2,10,3,10,3,10,3,9,5,9,2,9,5,10,5,10,3,10,6,8,6,10,6,11,0,0,7,10,5,10,6,13,7,11,6,10,6,10,8,11,7,10,6,13,8,11,8,12,8,11,7,12,8,12,6,13,7,14,7,13,6,13,6,13,5,13,5,13,4,13,4,13,4,13,3,13,3,13,0,0,0,0,0,0,0,0,0,0
"
"84,-64,4,0,0,0,0,0,0,0,0,0,-5,-8,-5,-8,-6,-8,-6,-8,-6,-7,-6,-7,-6,-7,-7,-7,-7,-7,-8,-7,-8,-7,-8,-7,-9,-6,-8,-7,-8,-7,-9,-6,-10,-6,-8,-6,-10,-6,-10,-5,-10,-6,-10,-6,-9,-5,-11,-5,-11,-5,-12,-5,0,0,-11,-5,-12,-5,-12,-5,-12,-5,-12,-5,-12,-5,-13,-5,-12,-5,-13,-5,-12,-5,-13,-5,-13,-5,-12,-6,-13,-5,-12,-6,-13,-7,-13,-6,-13,-7,-12,-7,-11,-7,-11,-8,-11,-8,-10,-8,-10,-8,-9,-9,-9,-9,0,0,0,0,0,0,0,0,0,0
"
"84,-64,4,0,0,0,0,0,0,0,0,0,-6,7,-6,8,-5,8,-5,8,-5,8,-5,8,-5,9,-4,9,-4,9,-3,9,-3,10,-3,10,-3,11,-2,10,-3,10,-2,11,-1,11,-2,11,-1,11,-2,11,-2,11,-1,12,-1,11,0,12,0,13,1,13,0,0,1,13,0,13,0,13,1,14,0,13,1,14,0,15,1,14,1,15,1,14,0,15,0,14,0,15,-1,14,-1,15,0,15,-1,15,-2,15,-2,15,-2,15,-3,14,-3,14,-3,14,-4,13,-5,13,-5,13,0,0,0,0,0,0,0,0,0,0
"
"84,-64,4,0,0,0,0,0,0,0,0,0,-2,-8,-3,-8,-4,-8,-4,-8,-5,-8,-5,-7,-4,-8,-5,-6,-5,-8,-5,-6,-5,-7,-6,-7,-6,-7,-6,-8,-6,-8,-7,-6,-6,-6,-7,-6,-8,-6,-8,-6,-7,-6,-8,-7,-7,-6,-8,-6,-8,-7,-9,-7,0,0,-9,-7,-8,-6,-9,-6,-10,-5,-9,-5,-10,-7,-10,-6,-11,-7,-9,-8,-10,-6,-10,-7,-10,-6,-10,-8,-9,-7,-10,-7,-11,-7,-11,-8,-10,-9,-8,-8,-11,-9,-8,-9,-9,-8,-9,-11,-10,-10,-9,-10,-8,-9,0,0,0,0,0,0,0,0,0,0
"
"84,-64,4,0,0,0,0,0,0,0,0,0,8,-7,8,-8,7,-8,8,-8,8,-8,8,-9,7,-9,7,-9,7,-10,6,-9,7,-10,6,-11,7,-11,7,-10,7,-11,6,-12,5,-12,6,-11,5,-12,5,-12,6,-12,5,-13,6,-11,4,-13,6,-14,4,-14,0,0,3,-15,5,-15,4,-15,4,-15,5,-15,5,-15,4,-16,3,-15,6,-20,4,-12,2,-15,5,-14,6,-15,6,-16,5,-15,5,-15,5,-17,6,-16,6,-14,6,-14,7,-13,7,-13,8,-13,7,-13,8,-12,7,-11,0,0,0,0,0,0,0,0,0,0
"
"84,-64,4,0,0,0,0,0,0,0,0,0,-12,-1,-12,0,-12,1,-13,1,-13,1,-11,1,-12,2,-12,2,-12,2,-12,3,-13,3,-13,3,-13,4,-13,4,-13,3,-13,5,-12,5,-12,5,-13,5,-13,5,-13,5,-13,6,-12,5,-13,7,-14,6,-13,7,0,0,-13,7,-14,7,-14,8,-14,8,-13,8,-14,8,-14,8,-14,8,-14,8,-14,8,-15,8,-15,7,-15,7,-15,7,-15,7,-15,7,-17,7,-15,6,-15,5,-15,6,-16,4,-15,4,-16,3,-15,2,-15,2,-15,1,0,0,0,0,0,0,0,0,0,0
"
"84,-64,4,0,0,0,0,0,0,0,0,0,10,4,10,3,10,2,11,3,11,2,11,2,10,2,10,1,11,2,11,1,12,1,11,0,12,1,12,1,12,1,13,-1,11,-1,12,-1,12,-2,13,-1,13,-1,13,-2,12,-1,13,-3,14,-2,14,-3,0,0,14,-3,14,-3,14,-3,14,-3,14,-3,14,-3,16,-3,15,-3,15,-3,15,-3,15,-3,15,-3,16,-3,16,-3,15,-2,15,-2,16,-1,16,-1,15,-1,14,-1,14,0,15,1,14,1,15,1,14,2,13,2,0,0,0,0,0,0,0,0,0,0
"
"84,-64,4,0,0,0,0,0,0,0,0,0,0,10,1,10,2,10,1,11,2,11,2,10,3,10,2,10,3,10,4,10,4,11,5,11,5,11,5,10,4,11,6,11,6,10,5,10,6,10,6,10,6,10,7,11,6,11,8,11,7,11,8,11,0,0,8,11,8,11,9,11,9,11,8,12,9,12,9,12,8,12,8,12,8,12,9,13,8,12,8,13,8,13,8,13,8,13,8,14,7,13,6,14,5,14,5,14,4,14,4,13,5,13,3,13,2,13,0,0,0,0,0,0,0,0,0,0
"
"84,-64,4,0,0,0,0,0,0,0,0,0,-3,9,-2,9,-2,9,-2,10,-1,9,-1,10,0,9,-1,9,0,10,1,9,1,10,1,10,1,11,2,10,1,11,2,11,3,10,3,10,3,10,3,11,3,11,3,11,3,10,5,11,4,12,5,11,0,0,5,12,5,12,5,12,6,13,5,12,5,12,6,13,5,13,5,14,6,13,6,14,5,13,5,14,5,14,4,14,5,15,5,15,4,15,3,14,3,14,2,14,2,14,2,14,1,14,1,14,0,14,0,0,0,0,0,0,0,0,0,0
"
"84,-64,4,0,0,0,0,0,0,0,0,0,54,5,53,2,60,-3,64,0,56,-4,51,-2,57,-5,49,-6,49,-10,55,-18,75,-27,73,-38,73,-28,73,-16,69,-14,75,-37,72,-32,57,-21,61,-23,72,-19,67,-12,70,-34,68,-6,84,-20,93,-41,93,-22,0,0,92,-32,95,-44,102,-51,90,-43,96,-28,96,-24,90,-28,88,-32,84,-15,87,9,80,-47,85,-8,85,-18,68,-32,62,-32,94,-53,89,-61,82,-21,80,-32,61,-2,79,-16,66,-21,68,-1,51,-20,43,-6,36,2,0,0,0,0,0,0,0,0,0,0
"
"84,-64,4,0,0,0,0,0,0,0,0,0,-1,9,0,9,0,10,1,9,1,10,1,9,2,9,2,9,2,9,3,9,4,10,4,10,4,9,5,10,3,10,5,10,5,9,5,10,5,9,5,9,5,10,6,10,6,10,8,9,8,10,7,10,0,0,8,10,7,10,8,10,10,11,8,10,9,12,8,11,7,10,12,8,3,10,9,10,8,11,8,13,7,12,8,13,7,13,8,13,8,13,6,14,7,13,6,12,6,13,6,13,5,13,3,14,4,13,0,0,0,0,0,0,0,0,0,0
"
"84,-64,4,0,0,0,0,0,0,0,0,0,-9,0,-8,0,-9,1,-9,1,-9,1,-9,1,-9,2,-8,3,-9,3,-9,3,-10,4,-9,4,-9,4,-10,4,-10,4,-9,5,-9,5,-9,5,-9,5,-10,6,-10,5,-9,5,-9,6,-9,7,-10,7,-10,7,0,0,-10,7,-10,8,-10,8,-9,8,-9,7,-10,7,-11,8,-12,8,-9,11,-13,8,-12,8,-10,7,-11,8,-11,8,-11,8,-11,7,-13,7,-12,7,-12,6,-13,6,-12,6,-12,5,-12,4,-13,4,-12,4,-13,4,0,0,0,0,0,0,0,0,0,0
"
"84,-64,4,0,0,0,0,0,0,0,0,0,-9,0,-10,0,-9,2,-11,0,-9,1,-10,2,-10,4,-9,5,-11,4,-9,5,-10,4,-10,5,-10,7,-10,7,-12,5,-10,7,-9,6,-10,7,-10,7,-9,9,-11,8,-10,8,-10,7,-9,9,-9,10,-10,9,0,0,-10,9,-11,9,-12,10,-9,9,-12,9,-10,9,-12,11,-10,9,-12,8,-13,13,-14,13,-12,11,-11,12,-11,11,-12,10,-13,11,-12,9,-13,10,-13,9,-15,8,-12,9,-13,7,-13,7,-12,6,-13,6,-14,5,0,0,0,0,0,0,0,0,0,0
"
"84,-64,4,0,0,0,0,0,0,0,0,0,5,-6,5,-6,4,-7,5,-7,4,-7,4,-7,3,-7,2,-7,3,-8,3,-8,3,-9,2,-9,2,-9,2,-8,2,-8,1,-10,1,-9,2,-9,1,-9,1,-9,2,-9,1,-9,2,-9,0,-10,1,-11,0,-11,0,0,0,-11,0,-11,0,-11,-1,-12,1,-11,0,-12,0,-12,0,-11,0,-12,0,-11,0,-12,1,-11,1,-12,1,-12,1,-12,1,-12,1,-13,1,-12,2,-12,3,-12,3,-11,3,-11,3,-11,3,-11,4,-11,4,-10,0,0,0,0,0,0,0,0,0,0
"
"84,-64,4,0,0,0,0,0,0,0,0,0,3,8,4,7,4,7,4,8,4,7,4,7,5,7,5,6,5,7,5,6,6,7,7,7,7,6,6,6,7,7,7,7,6,6,7,7,7,5,8,6,7,6,8,6,7,7,9,5,9,7,9,6,0,0,9,5,9,7,10,6,10,6,9,6,10,7,9,6,9,6,5,6,4,8,10,7,10,7,10,8,11,7,8,8,9,9,10,7,8,8,9,8,7,8,8,7,7,10,6,8,6,9,5,9,4,9,0,0,0,0,0,0,0,0,0,0
"
"84,-64,4,0,0,0,0,0,0,0,0,0,-5,-9,-6,-8,-7,-8,-6,-9,-7,-8,-6,-8,-7,-7,-7,-7,-8,-7,-8,-7,-9,-8,-10,-7,-10,-7,-9,-7,-10,-7,-11,-6,-10,-6,-10,-5,-10,-6,-11,-6,-11,-6,-12,-6,-11,-5,-12,-5,-13,-5,-12,-5,0,0,-13,-5,-14,-5,-15,-4,-13,-5,-14,-5,-14,-6,-15,-4,-15,-5,-13,-11,-14,-5,-13,-5,-14,-4,-14,-5,-15,-5,-14,-6,-14,-6,-15,-6,-14,-6,-14,-7,-13,-7,-13,-7,-12,-7,-13,-8,-13,-8,-11,-9,-11,-9,0,0,0,0,0,0,0,0,0,0
"
"84,-64,4,0,0,0,0,0,0,0,0,0,6,6,7,6,7,5,8,5,7,5,8,5,8,4,8,3,8,4,9,3,10,4,10,3,10,3,10,2,11,3,10,1,10,1,10,1,11,1,11,2,11,1,12,1,10,0,12,-1,13,1,13,0,0,0,14,-1,12,-1,14,-2,12,0,14,-2,13,-1,14,-2,16,-3,11,0,14,-3,16,-2,15,-2,14,-1,14,-1,14,0,14,0,15,1,14,1,14,1,13,1,14,1,14,2,14,3,14,3,12,3,12,4,0,0,0,0,0,0,0,0,0,0
"
"84,-64,4,0,0,0,0,0,0,0,0,0,3,8,3,7,4,7,4,8,3,7,4,7,4,7,4,7,5,7,6,6,6,8,7,7,7,6,7,7,7,7,7,7,7,6,7,7,7,6,8,7,8,6,8,7,8,6,10,5,10,7,10,6,0,0,10,6,10,6,10,7,10,6,10,6,10,6,11,7,10,6,11,7,11,6,11,7,10,7,11,7,11,8,10,8,10,8,10,9,10,8,10,8,9,9,9,9,9,10,8,9,8,9,7,10,7,10,0,0,0,0,0,0,0,0,0,0
"
"84,-64,4,0,0,0,0,0,0,0,0,0,-10,1,-10,2,-10,2,-11,2,-9,3,-10,3,-10,3,-10,4,-10,4,-10,4,-10,5,-10,6,-10,6,-9,6,-11,5,-10,7,-9,6,-10,6,-10,7,-10,7,-11,6,-10,7,-10,6,-10,8,-10,8,-10,9,0,0,-11,9,-12,8,-11,8,-11,10,-10,9,-12,10,-11,10,-11,9,-12,6,-10,8,-12,8,-12,9,-13,9,-13,9,-13,8,-13,8,-14,9,-13,9,-14,8,-14,7,-13,7,-14,5,-14,5,-14,5,-15,4,-14,5,0,0,0,0,0,0,0,0,0,0
"
"84,-64,4,0,0,0,0,0,0,0,0,0,-5,9,-4,9,-3,9,-4,10,-3,10,-3,9,-4,10,-2,10,-3,11,-2,10,-1,11,-1,11,-1,11,-1,12,-1,12,0,12,1,11,0,11,1,11,0,12,0,12,1,13,0,12,2,12,1,13,2,13,0,0,2,13,1,13,2,14,3,14,2,14,2,15,2,14,2,13,1,15,2,14,2,16,1,14,1,15,2,15,1,15,0,16,0,16,0,16,-1,15,-2,15,-2,15,-2,14,-2,14,-2,14,-3,14,-4,13,0,0,0,0,0,0,0,0,0,0
"
"84,-64,4,0,0,0,0,0,0,0,0,0,1,-9,1,-10,1,-9,1,-11,1,-10,0,-11,0,-11,-1,-10,-1,-10,-1,-10,-1,-11,-2,-12,-2,-11,-2,-11,-2,-10,-2,-11,-3,-11,-2,-10,-4,-11,-3,-11,-3,-12,-4,-12,-3,-11,-4,-11,-4,-12,-5,-11,0,0,-5,-13,-5,-12,-5,-12,-5,-13,-6,-13,-5,-14,-6,-12,-5,-14,-7,-15,-1,-11,-5,-11,-4,-13,-4,-15,-4,-16,-3,-13,-4,-14,-5,-14,-4,-14,-3,-14,-2,-14,-2,-14,-2,-14,-2,-14,-2,-14,-1,-13,0,-13,0,0,0,0,0,0,0,0,0,0
"
"84,-64,4,0,0,0,0,0,0,0,0,0,5,9,5,9,7,8,7,9,6,8,7,9,7,8,7,8,7,9,8,7,9,8,9,7,9,8,9,7,10,8,10,7,10,7,9,8,11,7,10,7,10,7,11,7,10,7,12,6,12,7,12,6,0,0,13,7,12,7,13,7,13,7,13,7,13,8,14,8,13,7,13,8,13,7,15,8,13,8,14,8,14,9,12,9,13,10,13,10,12,10,12,10,12,11,10,10,11,11,10,10,10,11,9,11,9,11,0,0,0,0,0,0,0,0,0,0
"
"84,-64,4,0,0,0,0,0,0,0,0,0,8,4,7,4,8,3,9,3,9,3,8,3,9,3,9,2,9,2,9,1,10,1,10,1,10,0,10,0,10,0,11,0,10,-1,10,-1,11,-1,11,-1,11,0,11,-1,11,-1,11,-2,12,-2,12,-2,0,0,12,-2,13,-3,13,-3,13,-3,13,-2,14,-3,14,-2,13,-2,13,-2,13,-2,14,-3,13,-2,14,-2,14,-2,14,-1,14,-2,15,-1,14,-1,13,0,13,0,14,1,14,1,14,1,13,1,13,2,12,2,0,0,0,0,0,0,0,0,0,0
"
"84,-64,4,0,0,0,0,0,0,0,0,0,-7,-8,-8,-8,-8,-7,-8,-8,-8,-7,-9,-7,-9,-7,-9,-6,-9,-6,-9,-5,-10,-6,-11,-5,-11,-5,-11,-5,-11,-5,-11,-5,-12,-5,-11,-5,-12,-4,-12,-5,-12,-5,-12,-4,-12,-5,-13,-3,-14,-4,-13,-3,0,0,-14,-4,-14,-3,-15,-3,-14,-3,-15,-3,-15,-4,-15,-3,-14,-4,-15,-4,-14,-4,-16,-4,-15,-4,-15,-5,-16,-4,-14,-5,-15,-5,-15,-5,-15,-5,-14,-5,-14,-7,-13,-7,-14,-8,-13,-7,-13,-7,-12,-8,-12,-8,0,0,0,0,0,0,0,0,0,0
"
"84,-64,4,0,0,0,0,0,0,0,0,0,-12,-1,-12,0,-12,1,-13,1,-12,1,-12,1,-12,2,-12,3,-12,2,-11,3,-12,4,-12,4,-13,4,-13,4,-13,4,-12,5,-12,5,-12,6,-13,6,-12,5,-13,6,-12,6,-13,5,-13,8,-14,7,-13,8,0,0,-13,8,-13,7,-13,9,-13,8,-14,8,-13,7,-15,9,-14,9,-11,7,-13,9,-15,9,-14,9,-14,8,-15,9,-14,7,-15,8,-16,7,-15,7,-14,6,-15,7,-15,6,-15,4,-14,4,-15,4,-15,3,-14,3,0,0,0,0,0,0,0,0,0,0
"
"84,-64,4,0,0,0,0,0,0,0,0,0,9,-3,9,-3,8,-4,9,-3,9,-4,8,-4,8,-5,7,-5,9,-5,8,-6,8,-5,8,-6,8,-7,9,-6,9,-6,8,-7,8,-8,7,-7,8,-8,8,-8,8,-8,8,-8,8,-8,7,-10,8,-10,8,-10,0,0,7,-10,8,-11,9,-11,8,-10,8,-10,8,-10,9,-11,9,-10,6,-10,7,-11,10,-12,9,-10,8,-11,9,-11,9,-10,9,-10,9,-10,9,-10,10,-10,9,-9,10,-9,10,-8,9,-8,9,-7,9,-7,9,-6,0,0,0,0,0,0,0,0,0,0
"
"84,-64,4,0,0,0,0,0,0,0,0,0,-6,7,-6,8,-5,7,-6,8,-5,8,-5,9,-5,9,-4,9,-5,9,-3,9,-4,10,-3,11,-3,11,-4,11,-3,11,-3,11,-2,11,-3,10,-1,11,-2,11,-2,11,-2,12,-2,11,0,12,-2,13,0,13,0,0,0,13,-1,12,0,14,0,13,0,13,-1,14,-1,14,0,13,0,15,0,14,1,15,-1,14,-1,15,0,15,-2,14,-1,15,-2,14,-2,15,-3,14,-3,14,-4,14,-4,13,-4,13,-3,13,-4,12,-5,13,0,0,0,0,0,0,0,0,0,0
"
"84,-64,4,0,0,0,0,0,0,0,0,0,-5,9,-4,8,-3,9,-3,10,-3,9,-3,9,-2,9,-2,9,-2,10,-1,10,-1,11,-1,11,-1,11,0,11,-1,11,0,11,0,10,0,10,1,11,1,11,1,11,1,11,1,11,2,12,2,12,2,12,0,0,2,13,2,13,3,13,2,12,3,12,2,12,3,14,2,13,4,12,2,14,2,15,2,14,2,13,2,13,2,14,2,14,1,14,0,14,0,13,0,14,0,13,-1,13,-1,12,-2,12,-3,12,-3,12,0,0,0,0,0,0,0,0,0,0
"
"84,-64,4,0,0,0,0,0,0,0,0,0,-7,-6,-8,-6,-8,-6,-8,-5,-9,-6,-8,-5,-9,-5,-9,-5,-9,-5,-10,-4,-10,-5,-11,-4,-10,-4,-10,-5,-11,-4,-11,-3,-10,-3,-10,-3,-11,-2,-12,-3,-11,-3,-12,-2,-11,-4,-12,-1,-13,-2,-12,-1,0,0,-13,-2,-14,-2,-14,-2,-14,0,-13,-1,-14,-2,-14,-1,-12,-1,-17,-4,-12,-1,-13,-2,-13,-3,-14,-5,-15,-3,-14,-2,-14,-3,-16,-3,-14,-3,-13,-3,-13,-4,-13,-5,-14,-5,-14,-6,-13,-6,-12,-6,-11,-7,0,0,0,0,0,0,0,0,0,0
"
"84,-64,4,0,0,0,0,0,0,0,0,0,8,0,9,0,8,-1,9,0,9,-2,8,-2,8,-2,8,-3,9,-2,8,-4,8,-3,9,-4,9,-4,9,-4,9,-5,9,-6,8,-6,9,-6,8,-6,9,-6,9,-6,9,-7,9,-6,9,-8,9,-8,9,-8,0,0,9,-9,9,-8,8,-10,9,-10,9,-9,10,-9,9,-10,10,-11,18,-9,11,-8,9,-13,10,-10,10,-9,10,-9,10,-10,10,-10,11,-10,10,-8,11,-9,11,-9,10,-8,12,-7,12,-7,11,-7,11,-6,12,-6,0,0,0,0,0,0,0,0,0,0
"
"84,-64,4,0,0,0,0,0,0,0,0,0,-8,-8,-8,-8,-9,-7,-10,-8,-9,-8,-10,-8,-10,-7,-11,-6,-11,-7,-11,-6,-12,-7,-12,-6,-13,-5,-13,-6,-13,-6,-13,-5,-13,-5,-12,-5,-14,-4,-14,-5,-14,-5,-14,-4,-13,-4,-16,-2,-15,-4,-15,-3,0,0,-16,-3,-16,-3,-17,-3,-16,-3,-16,-4,-17,-3,-18,-3,-17,-3,-17,-4,-17,-3,-17,-3,-17,-3,-18,-4,-17,-4,-16,-5,-18,-5,-18,-5,-17,-6,-17,-5,-16,-6,-16,-7,-16,-7,-15,-7,-15,-7,-15,-8,-13,-8,0,0,0,0,0,0,0,0,0,0
"
"84,-64,4,0,0,0,0,0,0,0,0,0,-10,2,-10,2,-10,3,-11,3,-11,3,-10,4,-10,4,-9,5,-10,5,-9,5,-10,5,-10,6,-10,6,-10,7,-10,6,-10,7,-9,8,-9,7,-9,8,-10,8,-10,8,-9,9,-9,8,-8,9,-10,9,-9,10,0,0,-9,11,-10,10,-10,11,-9,11,-10,10,-10,11,-10,11,-10,11,-10,12,-9,11,-10,12,-10,10,-11,11,-11,12,-11,11,-11,11,-12,10,-12,11,-12,10,-12,10,-12,9,-13,8,-12,8,-13,8,-13,7,-13,7,0,0,0,0,0,0,0,0,0,0
"
"84,-64,4,0,0,0,0,0,0,0,0,0,-5,9,-5,9,-4,10,-4,10,-3,10,-3,10,-3,10,-2,10,-2,10,-1,11,-1,11,-1,12,0,12,0,12,-1,12,0,12,1,12,1,12,1,11,1,12,1,13,2,13,1,13,3,12,2,14,3,13,0,0,4,14,3,15,4,14,4,15,4,13,4,15,4,15,4,14,4,15,4,15,4,16,4,15,3,15,3,16,3,16,3,16,2,17,2,15,2,15,1,16,0,15,0,15,0,15,0,15,-1,15,-2,14,0,0,0,0,0,0,0,0,0,0
"
"84,-64,4,0,0,0,0,0,0,0,0,0,3,-10,3,-10,2,-11,2,-11,2,-10,1,-11,1,-11,0,-11,0,-11,0,-10,0,-12,-1,-12,-1,-12,-1,-12,-1,-12,-2,-13,-2,-12,-1,-12,-3,-12,-3,-12,-2,-12,-4,-13,-2,-12,-4,-12,-3,-14,-4,-13,0,0,-4,-13,-5,-13,-5,-14,-5,-14,-5,-13,-5,-15,-5,-14,-5,-13,-5,-15,-5,-14,-5,-15,-4,-15,-4,-15,-5,-15,-4,-15,-4,-15,-4,-15,-3,-15,-3,-14,-2,-14,-2,-15,-2,-15,-2,-15,-2,-15,0,-14,0,-14,0,0,0,0,0,0,0,0,0,0
"
"84,-64,4,0,0,0,0,0,0,0,0,0,-4,-9,-4,-9,-5,-9,-5,-10,-5,-9,-5,-9,-6,-9,-6,-8,-6,-8,-7,-8,-7,-9,-8,-8,-8,-8,-8,-8,-8,-9,-9,-8,-8,-8,-8,-8,-9,-7,-10,-8,-9,-9,-10,-8,-9,-8,-10,-7,-11,-8,-11,-7,0,0,-12,-8,-11,-8,-12,-8,-11,-9,-11,-8,-12,-9,-12,-9,-11,-9,-12,-9,-12,-9,-12,-9,-12,-9,-12,-10,-12,-9,-11,-10,-12,-10,-12,-10,-10,-10,-10,-11,-10,-11,-10,-11,-9,-11,-9,-11,-9,-11,-8,-11,-7,-11,0,0,0,0,0,0,0,0,0,0
"
"84,-64,4,0,0,0,0,0,0,0,0,0,7,6,8,6,8,4,9,5,8,5,8,5,9,4,8,4,9,4,9,3,10,4,10,3,10,3,11,3,11,3,12,3,11,2,11,3,12,2,11,2,11,3,12,2,11,2,12,1,13,2,13,1,0,0,14,1,13,1,14,1,14,1,14,1,14,1,15,1,14,2,15,2,14,2,15,2,15,2,15,2,14,2,14,3,15,3,15,3,14,4,14,4,13,5,13,6,13,6,12,5,13,6,11,7,11,7,0,0,0,0,0,0,0,0,0,0
"
"84,-64,4,0,0,0,0,0,0,0,0,0,-1,-9,-1,-9,-2,-9,-2,-9,-1,-9,-2,-9,-3,-9,-3,-9,-3,-10,-3,-9,-3,-10,-4,-10,-5,-10,-4,-9,-4,-10,-5,-10,-5,-9,-5,-10,-6,-9,-5,-10,-5,-10,-6,-10,-5,-10,-6,-9,-7,-11,-7,-9,0,0,-7,-11,-6,-11,-6,-11,-8,-10,-7,-10,-8,-11,-6,-11,-9,-12,-6,-11,-3,-17,-6,-14,-7,-12,-8,-13,-7,-13,-6,-13,-6,-13,-6,-12,-6,-13,-6,-13,-5,-13,-5,-13,-4,-13,-4,-12,-4,-12,-3,-13,-2,-13,0,0,0,0,0,0,0,0,0,0
"
"84,-64,4,0,0,0,0,0,0,0,0,0,-5,-9,-6,-9,-7,-8,-7,-10,-6,-8,-6,-8,-7,-9,-8,-8,-8,-8,-8,-7,-9,-8,-10,-7,-10,-7,-10,-7,-10,-8,-10,-8,-10,-7,-10,-7,-11,-7,-12,-6,-11,-7,-12,-6,-12,-6,-13,-5,-13,-5,-13,-5,0,0,-14,-6,-14,-6,-14,-6,-14,-5,-15,-6,-14,-5,-16,-7,-12,-5,-17,1,-17,-2,-13,-8,-13,-5,-16,-7,-16,-7,-15,-7,-15,-8,-16,-6,-15,-7,-14,-8,-14,-7,-14,-8,-14,-8,-13,-8,-14,-8,-12,-9,-12,-10,0,0,0,0,0,0,0,0,0,0
"
"84,-64,4,0,0,0,0,0,0,0,0,0,-7,-7,-7,-6,-8,-6,-8,-6,-9,-5,-8,-6,-8,-5,-9,-5,-9,-5,-9,-4,-10,-5,-10,-4,-10,-5,-10,-4,-10,-4,-11,-4,-11,-4,-11,-3,-11,-2,-11,-3,-12,-3,-11,-3,-11,-3,-12,-2,-13,-2,-13,-2,0,0,-13,-2,-14,-2,-14,-2,-13,-2,-13,-1,-14,-1,-14,-2,-15,-1,-12,-1,-18,-3,-17,-2,-14,-2,-15,-2,-15,-1,-15,-4,-14,-2,-15,-4,-14,-3,-14,-4,-13,-4,-13,-4,-13,-5,-13,-5,-13,-4,-11,-6,-11,-6,0,0,0,0,0,0,0,0,0,0
"
"84,-64,4,0,0,0,0,0,0,0,0,0,3,-9,1,-9,2,-10,2,-10,2,-9,2,-10,1,-10,1,-9,0,-10,0,-10,0,-11,-1,-12,-1,-11,0,-11,0,-11,-2,-12,-2,-11,0,-12,-1,-12,-1,-12,-2,-12,-1,-12,-1,-11,-3,-11,-2,-12,-2,-12,0,0,-2,-13,-3,-14,-2,-13,-3,-14,-3,-15,-1,-14,-3,-14,-1,-14,-4,-10,3,-9,-3,-15,-2,-13,-1,-15,0,-15,-1,-15,-1,-14,1,-15,1,-16,1,-14,1,-15,2,-13,1,-14,4,-13,4,-13,5,-15,4,-14,0,0,0,0,0,0,0,0,0,0
"
"84,-64,4,0,0,0,0,0,0,0,0,0,-9,-4,-9,-3,-9,-3,-9,-3,-9,-3,-9,-2,-10,-2,-10,-2,-10,-2,-11,-1,-11,-1,-11,0,-11,0,-11,0,-12,0,-11,1,-11,1,-11,1,-11,1,-12,1,-12,1,-12,2,-11,1,-12,3,-13,2,-12,3,0,0,-13,4,-13,4,-13,4,-12,4,-13,4,-12,4,-14,3,-15,4,-12,-1,-10,6,-16,5,-13,5,-15,5,-14,4,-15,3,-14,3,-15,2,-14,2,-14,2,-14,1,-14,1,-14,1,-14,1,-14,0,-13,0,-13,-1,0,0,0,0,0,0,0,0,0,0
"
"84,-64,4,0,0,0,0,0,0,0,0,0,-7,6,-6,6,-6,7,-7,7,-7,7,-6,7,-6,7,-6,7,-6,7,-5,8,-5,8,-5,9,-5,10,-6,9,-5,9,-5,10,-4,10,-4,10,-3,10,-5,10,-5,11,-4,11,-4,9,-4,10,-4,11,-2,12,0,0,-4,11,-5,13,-4,11,-2,14,-4,13,-4,13,-5,12,-4,13,-3,15,-7,13,-7,12,-7,13,-6,13,-5,13,-6,12,-6,13,-5,14,-7,13,-8,12,-7,12,-8,11,-8,10,-8,10,-8,10,-8,10,-8,10,0,0,0,0,0,0,0,0,0,0
"
"84,-64,4,0,0,0,0,0,0,0,0,0,10,3,9,2,10,2,11,2,10,2,10,2,10,1,10,1,10,1,10,0,11,0,12,-1,12,-1,12,-1,13,0,13,-2,12,-2,12,-2,12,-2,12,-2,12,-2,13,-3,12,-3,13,-5,13,-4,14,-4,0,0,13,-4,14,-3,14,-3,14,-5,15,-4,15,-3,15,-3,14,-3,19,-3,13,-4,14,-4,14,-2,16,-2,16,-2,15,-3,15,-1,16,-2,16,-2,16,-1,15,-1,15,0,14,1,14,1,13,1,14,2,13,2,0,0,0,0,0,0,0,0,0,0
"
"84,-64,4,0,0,0,0,0,0,0,0,0,4,10,4,10,5,9,6,11,5,10,6,10,6,10,6,8,6,10,8,8,8,10,9,10,9,9,9,10,9,10,10,9,9,8,9,9,10,8,10,8,10,9,11,8,10,8,12,7,12,9,12,8,0,0,13,7,13,8,14,9,13,8,13,8,13,9,15,9,14,9,11,7,15,8,15,8,14,8,12,9,12,9,13,9,13,9,14,11,12,10,12,10,11,10,11,11,10,11,10,11,10,10,9,11,8,12,0,0,0,0,0,0,0,0,0,0
"
"84,-64,4,0,0,0,0,0,0,0,0,0,10,-4,9,-4,10,-5,11,-5,10,-6,10,-5,9,-6,9,-6,10,-6,10,-6,10,-7,10,-8,10,-8,10,-7,9,-7,9,-9,9,-8,10,-8,9,-9,10,-8,9,-8,10,-9,9,-9,8,-10,10,-10,9,-10,0,0,9,-10,10,-11,10,-10,9,-11,10,-10,11,-11,11,-10,11,-11,11,-6,16,-9,11,-11,11,-10,11,-12,11,-10,12,-10,13,-10,12,-10,12,-9,12,-8,12,-8,12,-7,13,-7,12,-6,12,-6,12,-6,12,-5,0,0,0,0,0,0,0,0,0,0
"
"84,-64,4,0,0,0,0,0,0,0,0,0,-1,-10,-2,-10,-3,-10,-3,-10,-4,-9,-4,-9,-4,-10,-4,-9,-5,-9,-5,-9,-5,-10,-6,-10,-6,-10,-6,-9,-6,-10,-7,-10,-7,-9,-7,-9,-8,-8,-8,-9,-8,-9,-9,-9,-8,-10,-9,-9,-9,-9,-10,-9,0,0,-10,-8,-10,-10,-10,-9,-11,-10,-10,-9,-11,-10,-11,-9,-10,-9,-14,-11,-9,-11,-10,-10,-11,-10,-11,-11,-10,-10,-12,-11,-11,-11,-11,-10,-10,-11,-10,-11,-10,-11,-9,-11,-10,-11,-8,-11,-8,-11,-7,-12,-7,-12,0,0,0,0,0,0,0,0,0,0
"
"84,-64,4,0,0,0,0,0,0,0,0,0,5,-6,5,-7,5,-6,5,-7,4,-7,4,-7,4,-7,3,-7,3,-8,3,-7,4,-8,3,-8,3,-9,3,-9,3,-9,3,-9,2,-9,2,-9,2,-9,1,-10,2,-9,1,-10,2,-10,0,-10,1,-11,1,-11,0,0,0,-11,1,-11,1,-12,0,-11,1,-11,0,-11,0,-12,1,-10,1,-12,3,-11,1,-11,1,-11,1,-12,0,-13,1,-12,2,-11,0,-12,1,-12,1,-12,2,-11,2,-12,3,-11,2,-11,2,-10,3,-9,4,-9,0,0,0,0,0,0,0,0,0,0
"
"84,-64,4,0,0,0,0,0,0,0,0,0,-7,2,-7,2,-7,3,-7,2,-7,3,-7,3,-7,3,-6,4,-7,4,-6,4,-7,4,-7,4,-7,4,-7,5,-7,5,-7,5,-6,5,-6,5,-6,6,-7,6,-6,5,-7,6,-7,6,-6,7,-7,7,-7,7,0,0,-6,8,-7,7,-8,8,-6,8,-7,7,-7,8,-7,8,-7,8,-5,5,-6,7,-8,8,-8,7,-8,8,-8,8,-7,7,-8,8,-8,8,-8,8,-9,7,-7,6,-10,6,-8,5,-8,6,-8,6,-8,5,-8,4,0,0,0,0,0,0,0,0,0,0
"
"84,-64,4,0,0,0,0,0,0,0,0,0,-8,-8,-8,-7,-10,-7,-9,-7,-10,-6,-9,-7,-9,-6,-10,-6,-10,-6,-11,-5,-12,-6,-12,-6,-12,-6,-12,-5,-11,-5,-13,-5,-12,-5,-12,-4,-13,-4,-13,-4,-14,-4,-14,-4,-13,-4,-14,-2,-14,-3,-14,-3,0,0,-16,-2,-16,-3,-15,-3,-16,-2,-16,-3,-16,-3,-16,-1,-16,-6,-9,-2,-10,-2,-16,-5,-15,-4,-17,-5,-17,-4,-16,-5,-15,-4,-17,-4,-15,-5,-16,-5,-15,-5,-15,-6,-15,-6,-15,-6,-14,-6,-14,-7,-12,-7,0,0,0,0,0,0,0,0,0,0
"
"84,-64,4,0,0,0,0,0,0,0,0,0,3,-10,2,-10,0,-9,1,-10,1,-10,1,-11,1,-10,-1,-9,0,-12,-1,-10,-1,-11,-1,-11,-2,-11,-1,-12,-2,-13,-2,-12,-2,-11,-3,-11,-4,-12,-3,-12,-3,-11,-3,-12,-2,-12,-4,-12,-3,-14,-5,-13,0,0,-5,-14,-2,-13,-3,-14,-5,-12,-3,-13,-5,-15,-2,-14,-5,-12,-1,-17,-6,-10,-5,-14,-4,-13,-2,-14,-2,-15,-3,-14,-3,-14,-2,-16,-2,-15,1,-15,-1,-14,0,-15,1,-13,0,-15,-1,-15,-1,-14,1,-12,0,0,0,0,0,0,0,0,0,0
"
"84,-64,4,0,0,0,0,0,0,0,0,0,-12,2,-10,3,-11,3,-11,3,-11,4,-11,3,-11,5,-10,5,-10,5,-11,5,-11,6,-11,6,-11,7,-10,6,-11,7,-11,8,-9,7,-10,7,-10,7,-11,8,-11,8,-10,8,-11,8,-10,10,-11,9,-11,10,0,0,-10,10,-11,10,-11,10,-11,11,-12,10,-12,10,-11,11,-11,9,-7,12,-6,7,-13,10,-13,9,-14,9,-13,9,-13,10,-13,9,-15,9,-13,9,-14,7,-14,8,-14,7,-14,6,-14,6,-14,5,-14,4,-14,4,0,0,0,0,0,0,0,0,0,0
"
"84,-64,4,0,0,0,0,0,0,0,0,0,-11,0,-11,1,-12,3,-13,2,-12,2,-12,2,-12,3,-11,3,-12,3,-11,4,-13,4,-12,5,-13,4,-12,5,-12,4,-13,6,-10,6,-11,5,-11,6,-11,6,-12,6,-11,6,-12,6,-11,9,-13,9,-12,8,0,0,-12,8,-14,8,-13,10,-13,10,-12,8,-13,10,-15,9,-12,8,-15,12,-12,9,-13,8,-13,8,-14,9,-14,10,-13,8,-13,9,-15,8,-14,8,-13,7,-13,6,-13,5,-14,5,-14,4,-14,4,-13,3,-13,3,0,0,0,0,0,0,0,0,0,0
"
"84,-64,4,0,0,0,0,0,0,0,0,0,-7,10,-6,10,-6,10,-7,10,-6,11,-5,11,-5,11,-5,10,-5,11,-4,12,-4,12,-3,13,-4,13,-3,13,-4,12,-2,13,-2,12,-3,13,-2,12,-3,13,-2,13,-2,14,-2,13,0,14,-1,15,0,15,0,0,0,16,0,15,-1,16,0,16,-1,15,0,16,-1,17,0,13,-4,23,-2,17,0,18,0,18,-2,17,-2,16,-2,16,-2,16,-3,16,-3,15,-4,16,-4,16,-5,15,-5,14,-5,14,-5,14,-5,13,-6,13,0,0,0,0,0,0,0,0,0,0
"
"84,-64,4,0,0,0,0,0,0,0,0,0,9,1,9,0,10,0,10,-1,9,0,9,-1,9,-1,9,-2,10,-1,9,-3,10,-3,10,-4,10,-4,10,-4,10,-4,11,-5,10,-5,10,-4,10,-5,10,-5,10,-4,11,-6,10,-4,9,-7,11,-7,11,-8,0,0,10,-8,11,-7,11,-8,11,-8,10,-7,12,-8,12,-8,11,-10,14,-7,11,-6,12,-12,11,-9,11,-8,12,-7,11,-7,11,-8,13,-7,12,-7,11,-6,13,-5,12,-5,13,-5,13,-4,12,-4,12,-3,12,-3,0,0,0,0,0,0,0,0,0,0
"
"84,-64,4,0,0,0,0,0,0,0,0,0,10,-5,9,-6,9,-7,10,-7,9,-7,9,-7,8,-7,8,-8,9,-8,8,-8,9,-9,8,-9,9,-10,8,-9,8,-9,8,-11,7,-11,7,-10,7,-11,8,-11,7,-11,7,-11,7,-11,6,-12,8,-13,7,-13,0,0,7,-13,7,-14,7,-14,6,-14,7,-13,7,-14,7,-14,7,-14,7,-15,7,-14,7,-15,7,-14,8,-15,8,-14,7,-14,8,-14,9,-14,8,-14,9,-13,9,-13,9,-12,10,-11,10,-11,10,-11,10,-10,10,-9,0,0,0,0,0,0,0,0,0,0
"
"84,-64,4,0,0,0,0,0,0,0,0,0,6,9,6,8,7,8,7,8,7,8,7,8,8,6,7,7,7,7,9,7,9,7,9,5,10,6,9,6,10,7,11,6,11,5,10,6,12,5,11,6,11,5,12,6,11,5,12,4,13,6,13,5,0,0,13,4,14,5,13,5,14,5,14,5,14,5,14,4,13,5,8,3,7,5,15,5,15,6,14,6,15,7,14,7,14,7,15,6,13,6,13,7,12,7,13,7,12,8,12,8,11,9,10,9,10,9,0,0,0,0,0,0,0,0,0,0
"
"84,-64,4,0,0,0,0,0,0,0,0,0,0,-12,-1,-12,-1,-11,-1,-12,-2,-11,-2,-12,-2,-12,-2,-11,-3,-12,-3,-11,-3,-13,-4,-13,-4,-12,-4,-13,-4,-13,-5,-13,-5,-13,-5,-12,-6,-12,-6,-13,-6,-13,-7,-13,-5,-13,-8,-13,-7,-13,-8,-14,0,0,-8,-14,-8,-13,-9,-14,-8,-14,-8,-14,-8,-14,-9,-14,-9,-14,-8,-15,-8,-14,-8,-15,-8,-14,-8,-15,-8,-15,-7,-15,-7,-16,-7,-15,-6,-16,-6,-16,-5,-16,-5,-15,-5,-15,-4,-15,-4,-15,-3,-15,-2,-15,0,0,0,0,0,0,0,0,0,0
"
"84,-64,4,0,0,0,0,0,0,0,0,0,3,11,4,11,5,11,5,12,5,11,4,11,6,11,5,10,6,11,7,10,7,12,8,11,8,11,8,10,7,11,10,10,9,9,8,11,9,10,9,10,9,11,10,10,9,10,11,8,11,11,11,10,0,0,12,10,12,10,13,10,13,10,12,10,13,11,13,11,12,10,13,11,12,11,13,12,11,11,12,11,12,11,12,12,12,11,12,12,10,13,10,12,10,12,9,12,9,12,9,13,8,12,6,13,6,13,0,0,0,0,0,0,0,0,0,0
"
"84,-64,4,0,0,0,0,0,0,0,0,0,-10,2,-10,3,-10,4,-11,3,-10,4,-10,4,-10,5,-9,5,-10,5,-10,5,-10,6,-10,6,-10,7,-10,7,-10,6,-10,8,-9,7,-9,7,-9,8,-10,8,-10,7,-10,9,-9,7,-8,9,-10,9,-9,9,0,0,-9,10,-10,10,-10,10,-9,11,-9,10,-10,10,-10,10,-10,10,-11,11,-10,9,-10,11,-10,10,-11,10,-11,10,-11,9,-10,10,-11,9,-11,9,-11,8,-11,8,-11,7,-12,6,-12,7,-11,7,-12,5,-12,5,0,0,0,0,0,0,0,0,0,0
"
"84,-64,4,0,0,0,0,0,0,0,0,0,-6,9,-5,9,-5,9,-5,10,-5,10,-5,9,-5,10,-4,10,-4,11,-3,10,-3,12,-3,11,-2,12,-3,11,-3,11,-2,12,-1,12,-2,12,-1,12,-1,12,-2,12,-1,13,-1,12,0,13,0,13,0,14,0,0,0,14,0,14,0,14,1,14,0,14,0,15,0,15,0,14,1,15,0,15,1,16,0,15,-1,15,-1,15,0,15,-1,15,-1,16,-2,15,-2,14,-2,15,-3,14,-3,13,-3,13,-4,13,-5,13,-5,13,0,0,0,0,0,0,0,0,0,0
"
"84,-64,4,0,0,0,0,0,0,0,0,0,11,-1,11,-2,11,-2,11,-2,11,-2,11,-3,10,-3,10,-3,11,-4,10,-4,11,-5,11,-5,11,-6,11,-5,12,-5,11,-7,10,-7,11,-6,11,-7,11,-7,11,-6,11,-7,11,-7,10,-9,12,-8,11,-9,0,0,11,-9,12,-8,12,-9,12,-9,12,-9,13,-9,13,-9,12,-9,13,-10,12,-9,13,-10,12,-9,13,-9,13,-9,12,-8,13,-8,14,-8,13,-8,13,-7,13,-7,13,-6,14,-4,13,-5,13,-5,13,-3,13,-4,0,0,0,0,0,0,0,0,0,0
"
"84,-64,4,0,0,0,0,0,0,0,0,0,-9,-5,-9,-4,-10,-4,-10,-4,-11,-3,-10,-3,-10,-3,-10,-2,-11,-2,-11,-2,-11,-2,-11,-1,-11,-1,-12,-1,-12,-1,-12,0,-11,0,-11,0,-12,1,-12,0,-13,0,-13,1,-12,1,-12,2,-13,2,-13,2,0,0,-13,3,-13,2,-14,3,-14,3,-13,2,-14,3,-15,3,-14,3,-14,2,-14,3,-15,3,-14,3,-15,2,-15,2,-14,2,-14,2,-15,1,-15,1,-14,1,-14,1,-14,0,-14,-1,-14,-1,-14,-1,-13,-2,-13,-2,0,0,0,0,0,0,0,0,0,0
"
"84,-64,4,0,0,0,0,0,0,0,0,0,7,5,7,5,9,4,8,4,8,4,8,3,9,3,8,3,9,3,9,2,9,3,10,2,10,2,11,2,10,3,11,1,11,1,10,1,11,1,11,1,11,1,12,1,11,1,12,0,13,1,12,0,0,0,13,0,13,0,13,0,13,-1,13,0,14,0,14,0,13,0,14,1,13,0,14,0,13,1,14,1,14,1,13,1,13,1,14,2,13,2,13,2,12,3,13,4,13,4,12,4,12,4,11,5,11,5,0,0,0,0,0,0,0,0,0,0
"
"84,-64,4,0,0,0,0,0,0,0,0,0,-12,0,-11,1,-11,2,-12,2,-12,2,-11,2,-11,2,-11,3,-11,3,-11,4,-12,4,-12,5,-12,5,-12,4,-12,4,-12,6,-11,6,-12,5,-11,6,-12,6,-12,6,-11,7,-12,6,-11,8,-13,7,-12,8,0,0,-13,9,-13,9,-13,9,-12,10,-13,9,-13,9,-13,9,-13,8,-13,9,-13,8,-13,9,-14,8,-15,8,-13,8,-14,9,-14,8,-15,9,-14,7,-14,7,-14,7,-14,6,-15,5,-14,5,-15,4,-14,3,-14,3,0,0,0,0,0,0,0,0,0,0
"
"84,-64,4,0,0,0,0,0,0,0,0,0,6,5,7,5,8,4,8,5,7,4,7,4,8,4,7,3,8,4,8,2,9,3,9,3,9,3,10,2,10,3,10,2,9,1,8,2,10,1,10,2,10,2,10,2,10,3,11,0,12,1,12,1,0,0,12,1,12,1,13,0,12,0,12,1,12,1,13,1,12,0,13,1,12,0,13,0,12,1,13,2,13,2,12,2,13,2,14,2,13,2,12,3,11,2,11,3,11,5,11,4,11,4,10,5,10,5,0,0,0,0,0,0,0,0,0,0
"
"84,-64,4,0,0,0,0,0,0,0,0,0,-1,12,0,12,0,12,0,13,0,12,1,12,1,12,1,11,2,11,3,11,3,12,4,13,4,12,4,13,3,13,4,13,5,12,4,11,6,12,4,12,4,13,5,13,5,12,7,11,7,13,7,13,0,0,8,13,8,13,7,14,7,14,7,13,6,13,7,14,7,15,4,14,9,11,10,16,7,14,7,14,6,14,6,14,7,15,5,15,5,15,5,15,4,15,4,15,4,14,3,14,3,14,1,13,2,14,0,0,0,0,0,0,0,0,0,0
"
"84,-64,4,0,0,0,0,0,0,0,0,0,-10,4,-10,5,-10,6,-10,6,-9,6,-10,6,-10,7,-10,6,-10,7,-9,7,-10,8,-9,9,-9,9,-9,9,-10,9,-9,9,-8,10,-8,8,-8,10,-8,9,-9,9,-9,11,-8,9,-8,12,-9,11,-9,12,0,0,-8,12,-9,12,-8,13,-9,13,-8,12,-9,13,-10,13,-9,13,-8,10,-8,13,-9,15,-9,12,-10,13,-10,12,-10,11,-11,12,-11,11,-12,12,-11,11,-11,10,-11,10,-12,9,-12,8,-12,8,-11,8,-12,7,0,0,0,0,0,0,0,0,0,0
"
"84,-64,4,0,0,0,0,0,0,0,0,0,3,-10,3,-10,3,-11,3,-11,2,-11,2,-10,1,-11,1,-10,1,-11,1,-12,1,-12,0,-12,0,-12,0,-12,0,-12,-1,-13,-1,-12,0,-12,-1,-12,-1,-13,-1,-13,-1,-13,-1,-13,-2,-13,-1,-14,-2,-13,0,0,-2,-14,-2,-15,-2,-14,-2,-15,-2,-14,-2,-14,-2,-16,-1,-15,-8,-16,-7,-13,-3,-17,0,-14,0,-15,-1,-15,-1,-15,0,-15,1,-15,0,-16,0,-15,1,-14,1,-15,2,-14,3,-14,3,-14,3,-13,3,-13,0,0,0,0,0,0,0,0,0,0
"
"84,-64,4,0,0,0,0,0,0,0,0,0,-11,2,-10,2,-10,3,-11,3,-11,3,-10,3,-10,4,-10,4,-10,5,-10,5,-11,5,-10,6,-10,6,-11,6,-11,6,-11,7,-9,7,-10,7,-10,7,-11,8,-10,7,-10,8,-10,7,-10,9,-11,9,-10,8,0,0,-10,10,-11,9,-10,10,-11,10,-10,9,-11,10,-11,10,-11,10,-12,10,-11,10,-11,11,-12,9,-12,9,-12,10,-12,10,-12,9,-13,9,-12,9,-13,8,-12,7,-13,7,-13,6,-13,6,-13,6,-12,4,-13,4,0,0,0,0,0,0,0,0,0,0
"
"84,-64,4,0,0,0,0,0,0,0,0,0,9,4,9,4,10,4,11,4,11,4,10,3,10,3,10,2,11,3,11,2,12,2,12,2,12,1,12,1,13,2,13,1,12,0,12,1,13,-1,13,0,13,0,14,-1,13,0,14,-2,14,-1,14,-1,0,0,14,-1,15,-2,15,-2,15,-3,15,-2,16,-2,16,-2,16,-2,15,-2,15,-1,17,-2,15,-1,17,-1,16,-1,16,0,16,-1,16,-1,16,1,15,1,15,2,16,2,15,3,15,3,14,3,13,4,12,4,0,0,0,0,0,0,0,0,0,0
"
"84,-64,4,0,0,0,0,0,0,0,0,0,9,-7,8,-8,9,-8,10,-8,8,-8,8,-8,8,-8,7,-9,7,-9,7,-10,8,-11,7,-11,7,-11,7,-11,7,-11,6,-13,6,-12,6,-12,6,-12,5,-13,6,-12,5,-13,6,-13,5,-14,6,-14,5,-15,0,0,5,-15,5,-16,4,-15,5,-16,5,-15,5,-15,5,-16,6,-16,5,-16,5,-16,6,-17,6,-16,6,-16,6,-16,6,-16,6,-16,7,-16,7,-16,7,-15,7,-15,8,-14,8,-14,9,-14,8,-13,9,-13,9,-12,0,0,0,0,0,0,0,0,0,0
"
"84,-64,4,0,0,0,0,0,0,0,0,0,6,-8,5,-8,5,-9,5,-9,5,-9,4,-9,4,-9,3,-10,3,-10,2,-10,3,-11,2,-11,2,-11,3,-11,3,-11,2,-12,2,-11,2,-11,1,-12,1,-11,1,-12,2,-12,1,-12,-1,-12,1,-13,1,-13,0,0,1,-14,0,-14,0,-13,0,-14,1,-14,1,-14,0,-14,3,-16,0,-9,0,-11,2,-15,1,-15,2,-16,0,-15,2,-15,2,-14,3,-15,3,-15,3,-14,3,-14,4,-14,4,-13,5,-13,4,-13,4,-12,6,-11,0,0,0,0,0,0,0,0,0,0
"
"84,-64,4,0,0,0,0,0,0,0,0,0,-1,12,0,12,1,12,1,13,1,12,1,12,1,13,2,12,1,13,3,11,3,13,4,12,4,13,4,13,3,13,5,13,5,13,4,12,5,13,5,13,4,14,5,14,5,13,7,13,6,14,7,13,0,0,7,15,6,14,7,14,8,14,5,15,7,15,7,17,4,16,8,18,4,15,6,16,5,15,7,17,6,17,4,16,4,17,5,16,4,17,4,16,4,16,3,16,2,15,2,15,2,15,0,16,0,15,0,0,0,0,0,0,0,0,0,0
"
"84,-64,4,0,0,0,0,0,0,0,0,0,-4,10,-4,10,-4,10,-4,11,-3,11,-3,11,-3,11,-2,11,-3,11,-1,11,-1,12,0,12,0,13,-1,12,-1,12,-1,13,1,12,0,12,0,13,1,13,0,13,0,14,1,13,2,13,1,14,3,14,0,0,3,15,2,14,3,15,2,14,2,15,2,14,3,17,1,15,0,17,6,15,4,18,3,15,2,14,2,15,2,16,1,16,0,15,-1,16,-1,16,-1,15,-2,15,-2,15,-2,14,-2,13,-3,14,-4,13,0,0,0,0,0,0,0,0,0,0
"
"84,-64,4,0,0,0,0,0,0,0,0,0,-9,-7,-9,-6,-10,-6,-9,-6,-10,-5,-9,-5,-9,-5,-10,-4,-10,-5,-10,-4,-10,-4,-11,-4,-11,-4,-12,-3,-11,-4,-12,-3,-11,-3,-11,-3,-12,-2,-12,-3,-12,-3,-12,-3,-11,-3,-12,-1,-13,-2,-13,-2,0,0,-14,-2,-14,-2,-14,-2,-14,-2,-13,-2,-14,-3,-15,-3,-14,-3,-14,-3,-14,-3,-14,-2,-13,-3,-15,-3,-15,-3,-14,-4,-13,-4,-15,-5,-14,-4,-13,-4,-12,-5,-12,-6,-12,-7,-12,-6,-12,-6,-11,-6,-11,-6,0,0,0,0,0,0,0,0,0,0
"
"84,-64,4,0,0,0,0,0,0,0,0,0,6,10,7,10,9,10,8,10,8,10,9,9,9,9,9,8,10,9,10,9,11,9,11,9,11,8,11,9,11,9,13,8,12,7,12,8,13,7,13,8,13,7,13,8,12,7,15,5,15,8,15,7,0,0,16,6,15,6,15,7,16,7,16,6,16,7,17,6,15,9,11,3,10,4,16,8,16,8,17,9,16,8,16,9,15,8,17,9,15,10,15,9,14,9,14,10,13,10,13,9,13,10,11,11,10,11,0,0,0,0,0,0,0,0,0,0
"
"84,-64,4,0,0,0,0,0,0,0,0,0,-10,1,-9,1,-10,2,-10,2,-9,2,-9,2,-9,3,-8,3,-9,4,-8,4,-10,5,-9,5,-9,5,-9,5,-9,5,-9,6,-8,6,-8,6,-8,6,-9,6,-9,6,-9,7,-9,6,-8,8,-10,8,-9,8,0,0,-8,9,-9,8,-10,9,-9,9,-10,8,-10,9,-10,9,-9,9,-10,9,-9,9,-10,10,-10,9,-11,9,-11,9,-10,8,-10,9,-12,9,-10,8,-10,8,-10,7,-11,7,-11,6,-11,6,-11,6,-11,5,-11,5,0,0,0,0,0,0,0,0,0,0
"
"84,-64,4,0,0,0,0,0,0,0,0,0,8,-7,7,-7,7,-8,7,-8,7,-8,6,-8,6,-9,6,-8,6,-9,6,-9,6,-10,6,-11,6,-10,6,-11,6,-11,5,-12,5,-11,5,-11,4,-12,5,-11,5,-11,4,-12,5,-11,4,-13,4,-13,4,-13,0,0,4,-14,5,-14,4,-14,4,-13,4,-13,4,-14,5,-15,5,-13,5,-17,7,-14,5,-16,5,-12,6,-15,4,-14,6,-15,5,-15,7,-13,6,-14,6,-13,6,-13,7,-12,7,-12,7,-11,7,-12,8,-11,9,-10,0,0,0,0,0,0,0,0,0,0
"
"84,-64,4,0,0,0,0,0,0,0,0,0,-1,-10,-1,-9,-2,-10,-2,-10,-2,-10,-2,-10,-3,-10,-3,-9,-3,-10,-3,-9,-3,-10,-5,-10,-4,-10,-5,-10,-4,-10,-6,-11,-5,-9,-5,-10,-6,-9,-6,-10,-6,-11,-7,-10,-6,-10,-7,-10,-7,-11,-8,-11,0,0,-8,-11,-8,-11,-8,-11,-9,-12,-8,-11,-8,-11,-8,-11,-8,-11,-8,-12,-8,-12,-8,-12,-7,-11,-7,-12,-8,-12,-7,-12,-7,-12,-8,-13,-6,-12,-6,-12,-6,-13,-5,-12,-6,-13,-5,-12,-5,-13,-3,-12,-3,-12,0,0,0,0,0,0,0,0,0,0
"
"84,-64,4,0,0,0,0,0,0,0,0,0,-2,11,-2,10,-1,11,-1,11,-1,11,-1,11,0,11,0,11,0,11,2,10,1,11,2,12,2,12,2,12,2,12,3,12,3,12,3,12,3,12,3,12,3,12,3,13,3,12,5,12,4,13,5,13,0,0,5,13,5,13,5,13,6,14,5,13,5,14,5,14,5,14,5,15,6,14,5,15,4,14,4,15,4,14,4,15,4,15,4,15,3,15,2,15,2,15,1,14,1,14,1,14,0,14,-1,14,-1,13,0,0,0,0,0,0,0,0,0,0
"
"84,-64,4,0,0,0,0,0,0,0,0,0,8,5,8,5,9,4,9,5,9,4,9,4,10,4,10,4,10,3,10,3,11,3,11,3,11,2,11,2,11,3,12,2,12,1,11,2,12,1,12,1,12,1,13,1,12,2,13,0,14,1,13,0,0,0,14,0,14,0,14,0,14,0,14,0,14,-1,15,-1,15,0,15,0,14,1,16,1,15,1,15,0,15,1,14,1,14,1,15,2,14,3,14,2,14,3,13,3,13,3,13,4,13,4,12,5,12,5,0,0,0,0,0,0,0,0,0,0
"
