28,-64,1,0,0,0,0,0,0,0,0,0,15,-23,12,-22,12,-24,11,-24,9,-24,9,-21,6,-21,4,-18,5,-21,4,-18,2,-21,1,-21,1,-20,-1,-20,0,-19,-4,-20,-2,-17,-3,-16,-2,-17,-4,-17,-4,-16,-5,-16,-4,-14,-5,-15,-4,-16,-5,-16,0,0,-5,-15,-5,-15,-4,-13,-4,-14,-4,-12,-2,-13,-2,-12,0,-11,-1,-13,2,-10,4,-13,3,-11,5,-10,6,-10,7,-8,9,-9,10,-8,10,-6,12,-6,13,-4,14,-3,18,-2,17,-1,22,0,19,2,21,3,0,0,0,0,0,0,0,0,0,0
-99,-48,9,0,0,0,0,0,0,0,0,0,1,-20,1,-20,0,-19,-1,-20,-1,-16,-2,-15,-2,-14,-2,-13,-3,-13,-2,-13,-3,-14,-4,-11,-5,-11,-4,-11,-5,-10,-6,-12,-6,-9,-6,-10,-6,-8,-7,-8,-7,-8,-7,-6,-6,-9,-7,-6,-8,-7,-6,-6,0,0,-8,-5,-6,-4,-5,-4,-5,-4,-4,-1,-6,-3,-4,-1,-4,-1,-4,1,-2,1,-2,1,-1,3,0,4,-2,6,0,7,0,9,3,13,0,12,0,13,-2,16,-1,17,-5,18,-4,19,-5,24,-8,23,-9,21,0,0,0,0,0,0,0,0,0,0
-121,112,8,0,0,0,0,0,0,0,0,0,30,14,27,11,30,12,30,8,28,7,24,5,26,3,24,4,24,3,23,2,23,0,23,-2,23,-2,23,-2,20,-3,22,-6,19,-7,19,-5,17,-7,17,-7,17,-8,17,-8,14,-6,16,-8,17,-9,15,-8,0,0,15,-8,15,-8,15,-8,15,-6,13,-3,13,-4,14,-3,12,-3,13,-2,12,-1,12,2,9,3,11,5,10,7,10,8,10,9,10,14,7,14,7,15,4,17,5,19,3,21,3,23,0,26,-5,26,-3,26,0,0,0,0,0,0,0,0,0,0
-122,-31,23,0,0,0,0,0,0,0,0,0,-12,21,-8,20,-7,20,-7,21,-5,20,-4,18,-3,17,-2,16,-3,16,-1,15,0,15,2,16,1,15,3,15,3,12,3,14,3,12,4,11,3,11,5,11,6,11,5,11,4,9,5,9,7,10,5,9,0,0,5,8,5,8,4,8,3,8,4,7,1,8,1,7,1,6,0,6,-2,6,-3,6,-5,6,-5,5,-6,5,-7,3,-10,3,-11,3,-12,3,-14,1,-14,0,-14,0,-17,-1,-18,-2,-21,-4,-19,-6,-19,-8,0,0,0,0,0,0,0,0,0,0
-122,-31,23,0,0,0,0,0,0,0,0,0,10,3,10,1,11,1,10,0,9,0,9,-1,10,-1,9,-2,10,-2,10,-3,11,-4,10,-5,12,-5,13,-4,12,-4,14,-6,12,-5,13,-5,13,-5,14,-6,15,-5,15,-5,14,-5,15,-5,17,-6,17,-6,0,0,16,-4,18,-6,17,-5,17,-5,15,-4,18,-4,18,-5,17,-3,16,-3,15,-4,16,-4,15,-3,15,-4,15,-5,15,-5,17,-6,17,-7,17,-6,17,-7,19,-9,18,-8,20,-7,20,-7,22,-6,23,-5,23,-4,0,0,0,0,0,0,0,0,0,0
82,-96,4,0,0,0,0,0,0,0,0,0,8,31,7,28,11,29,12,26,10,26,8,23,11,21,11,19,14,19,14,19,14,18,15,18,15,15,15,16,14,13,18,12,15,10,16,10,15,9,15,8,15,8,17,8,13,7,16,7,18,7,15,5,0,0,14,6,14,6,13,6,14,8,12,7,12,7,10,8,10,9,8,9,6,10,6,11,3,11,3,11,3,12,0,13,-2,14,-2,15,-5,15,-6,14,-9,15,-11,15,-12,17,-17,17,-17,17,-21,15,-21,15,0,0,0,0,0,0,0,0,0,0
82,-96,4,0,0,0,0,0,0,0,0,0,-6,6,-5,7,-4,7,-6,8,-5,7,-5,8,-5,9,-3,7,-5,12,-2,10,-5,12,-2,12,-3,13,-5,12,-5,13,-4,14,-4,14,-6,14,-4,14,-4,13,-8,13,-7,14,-6,14,-5,15,-8,15,-6,16,0,0,-7,16,-9,16,-8,14,-8,16,-9,13,-9,14,-10,14,-8,14,-10,14,-9,15,-10,14,-9,12,-8,12,-8,12,-8,13,-7,14,-8,12,-8,13,-7,12,-8,12,-9,11,-6,13,-7,14,-6,14,-9,15,-9,14,0,0,0,0,0,0,0,0,0,0
82,-96,4,0,0,0,0,0,0,0,0,0,-28,-13,-28,-11,-28,-10,-29,-8,-26,-7,-24,-5,-23,-3,-21,-1,-21,-2,-20,1,-22,3,-22,4,-18,5,-19,6,-18,5,-18,8,-16,7,-15,7,-16,9,-14,9,-13,9,-13,10,-11,9,-13,11,-11,11,-12,11,0,0,-11,11,-10,11,-10,9,-12,11,-11,7,-12,8,-13,7,-10,5,-12,5,-11,3,-14,0,-15,0,-15,-1,-12,-3,-15,-4,-15,-7,-15,-8,-16,-10,-17,-10,-15,-14,-15,-15,-18,-16,-15,-20,-17,-22,-14,-24,-14,-25,0,0,0,0,0,0,0,0,0,0
82,-96,4,0,0,0,0,0,0,0,0,0,-24,5,-21,5,-21,6,-21,7,-18,8,-17,7,-14,7,-13,7,-14,7,-11,8,-10,8,-9,8,-9,9,-7,10,-7,9,-5,10,-5,10,-4,9,-3,8,-4,10,-2,9,-1,9,-3,8,-2,9,-1,9,-1,8,0,0,-1,6,-2,5,-2,6,-2,5,-1,4,-4,3,-2,2,-2,0,-4,-1,-4,-1,-7,-1,-6,-3,-7,-5,-8,-5,-8,-7,-9,-9,-11,-9,-9,-12,-10,-14,-10,-14,-11,-17,-10,-21,-10,-22,-11,-23,-10,-25,-9,-27,0,0,0,0,0,0,0,0,0,0
82,-96,4,0,0,0,0,0,0,0,0,0,-8,-3,-9,-2,-9,-2,-10,-3,-10,-1,-9,1,-9,0,-9,2,-9,1,-10,2,-12,2,-12,2,-12,4,-14,2,-13,1,-15,3,-12,2,-14,2,-15,1,-15,0,-15,0,-15,2,-15,0,-15,2,-17,-1,-16,1,0,0,-17,0,-17,-1,-17,0,-15,0,-16,-2,-15,-2,-17,-2,-15,-4,-14,-2,-14,-2,-15,-1,-14,-2,-14,-2,-16,-2,-12,-1,-12,-1,-16,-2,-14,0,-13,1,-15,1,-14,0,-13,0,-14,-1,-17,0,-17,-2,-17,-1,0,0,0,0,0,0,0,0,0,0
82,-96,4,0,0,0,0,0,0,0,0,0,-10,24,-8,23,-7,22,-6,23,-6,22,-4,20,-2,19,0,19,0,18,1,18,2,17,3,16,4,17,4,17,5,15,5,14,5,13,5,12,6,12,8,12,8,11,7,11,7,11,8,10,9,10,8,10,0,0,7,10,7,9,7,7,6,9,6,11,4,9,5,10,3,9,2,10,2,10,2,11,-2,9,-4,11,-3,10,-5,7,-8,11,-8,11,-13,10,-12,10,-14,10,-14,8,-18,7,-18,7,-22,7,-22,5,-23,4,0,0,0,0,0,0,0,0,0,0
37,80,2,0,0,0,0,0,0,0,0,0,3,-12,5,-10,3,-12,2,-12,2,-11,2,-12,1,-13,0,-13,1,-14,-1,-15,-1,-14,0,-15,0,-15,-1,-16,-1,-17,0,-18,1,-17,0,-15,1,-17,1,-19,-1,-15,1,-20,0,-20,0,-20,3,-21,1,-23,0,0,3,-21,4,-26,5,-18,6,-19,3,-19,3,-19,5,-16,5,-18,5,-19,2,-20,4,-17,5,-17,5,-17,2,-18,4,-18,4,-16,2,-17,2,-16,2,-17,2,-16,1,-17,1,-17,3,-18,2,-18,3,-18,4,-18,0,0,0,0,0,0,0,0,0,0
37,80,2,0,0,0,0,0,0,0,0,0,18,19,18,16,17,15,19,15,18,13,16,11,15,10,15,9,16,7,16,6,16,5,18,5,17,4,17,3,16,3,18,0,15,0,15,-1,14,-1,14,-2,14,-3,14,-4,13,-2,14,-3,13,-5,13,-3,0,0,13,-4,12,-4,12,-3,11,-3,10,-2,11,-1,11,1,11,1,9,2,9,3,10,5,8,5,9,7,8,7,6,8,6,10,6,13,3,13,2,14,1,16,1,16,-2,18,-3,19,-3,21,-5,21,-7,20,0,0,0,0,0,0,0,0,0,0
84,-64,4,0,0,0,0,0,0,0,0,0,-17,4,-15,4,-15,4,-15,5,-15,5,-12,4,-12,4,-10,5,-11,6,-8,5,-9,6,-8,6,-7,6,-8,7,-8,6,-5,9,-6,7,-7,7,-5,8,-5,8,-4,8,-6,8,-5,8,-4,9,-4,7,-4,8,0,0,-4,7,-3,6,-3,5,-2,7,-3,5,-2,5,-3,4,-1,2,-1,2,0,0,1,0,1,0,3,-1,4,-2,7,-3,6,-5,9,-5,10,-3,11,-6,12,-4,13,-5,16,-3,18,-2,21,-2,23,-1,21,0,0,0,0,0,0,0,0,0,0,0
84,-64,4,0,0,0,0,0,0,0,0,0,-20,-4,-19,-5,-18,-3,-18,-1,-17,-3,-14,-2,-16,-1,-12,0,-12,2,-11,2,-14,3,-12,5,-11,6,-13,5,-10,4,-10,8,-8,7,-9,7,-8,8,-8,9,-8,7,-7,9,-9,7,-8,8,-8,8,-7,8,0,0,-6,9,-6,8,-6,7,-5,8,-3,4,-4,7,-3,6,-1,4,-1,4,0,3,3,1,4,0,4,0,6,0,7,-1,9,0,15,0,14,-1,15,-1,16,-1,17,1,19,1,26,3,24,4,24,6,25,9,0,0,0,0,0,0,0,0,0,0
84,-64,4,0,0,0,0,0,0,0,0,0,-10,12,-10,12,-9,12,-8,14,-8,15,-7,13,-5,14,-4,17,-5,16,-5,17,-2,19,-1,20,-3,21,-3,23,-5,21,-2,25,-6,24,-2,24,-5,24,-3,23,-5,24,-5,25,-6,25,-6,27,-5,29,-5,28,0,0,-9,29,-10,29,-9,30,-8,27,-13,25,-6,25,-8,29,-17,29,-10,33,-12,32,-9,23,-9,23,-6,23,-7,22,-3,22,-3,25,-7,27,-4,27,-6,26,-3,26,-4,28,-4,28,-1,31,-6,29,-9,32,-11,33,0,0,0,0,0,0,0,0,0,0
84,-64,4,0,0,0,0,0,0,0,0,0,-14,-23,-17,-20,-16,-19,-19,-16,-18,-16,-16,-13,-16,-12,-16,-10,-16,-10,-16,-9,-16,-7,-17,-7,-18,-5,-17,-2,-17,-3,-18,-1,-14,-2,-15,0,-15,0,-15,2,-14,1,-14,5,-13,2,-14,3,-15,5,-14,5,0,0,-12,5,-13,3,-14,3,-11,3,-9,1,-11,2,-12,0,-7,4,-14,8,-15,1,-12,-3,-9,-4,-10,-4,-10,-9,-9,-8,-8,-9,-9,-12,-9,-13,-6,-13,-6,-16,-7,-16,-5,-19,-6,-21,-2,-23,-3,-24,0,-24,0,0,0,0,0,0,0,0,0,0
84,-64,4,0,0,0,0,0,0,0,0,0,-12,7,-11,6,-13,6,-13,7,-10,6,-9,5,-8,7,-7,6,-6,7,-7,8,-7,9,-6,10,-6,10,-7,10,-6,11,-7,13,-7,11,-6,10,-7,10,-6,10,-8,11,-6,11,-8,10,-8,12,-8,12,-8,13,0,0,-10,12,-10,12,-7,11,-8,11,-9,9,-8,8,-7,9,-8,9,-6,12,-6,8,-5,9,-4,9,-5,9,-2,10,-2,12,-2,12,-1,12,0,14,-1,14,-2,16,-2,19,-2,19,-3,21,-3,21,-9,23,-9,23,0,0,0,0,0,0,0,0,0,0
84,-64,4,0,0,0,0,0,0,0,0,0,30,-10,29,-12,27,-12,26,-15,22,-15,22,-14,20,-14,16,-14,17,-17,14,-15,14,-19,14,-18,13,-17,13,-18,10,-18,8,-19,9,-18,5,-18,6,-19,5,-18,5,-17,3,-19,4,-18,4,-15,1,-19,3,-18,0,0,3,-18,3,-17,5,-18,0,-13,6,-12,2,-15,8,-11,8,-13,21,-9,14,-35,19,-12,11,-14,10,-10,10,-9,17,-7,14,-9,19,1,19,1,17,3,17,4,19,5,19,7,24,10,24,13,21,12,21,16,0,0,0,0,0,0,0,0,0,0
84,-64,4,0,0,0,0,0,0,0,0,0,18,-2,15,-2,16,-2,16,-3,14,-4,12,-2,12,-4,13,-2,10,-3,9,-4,10,-5,8,-6,9,-7,8,-7,8,-6,8,-9,7,-8,7,-7,6,-9,6,-7,6,-7,5,-8,5,-6,5,-9,6,-9,4,-8,0,0,4,-7,4,-8,4,-7,3,-7,2,-5,2,-5,2,-5,0,-4,-2,-4,-2,-3,-4,-3,-4,-5,-5,-4,-7,-4,-8,-3,-11,-4,-12,-5,-13,-5,-13,-5,-14,-8,-16,-10,-16,-11,-19,-12,-19,-15,-20,-16,-17,-17,0,0,0,0,0,0,0,0,0,0
84,-64,4,0,0,0,0,0,0,0,0,0,-8,-9,-8,-7,-8,-8,-11,-7,-10,-7,-10,-7,-10,-7,-11,-5,-12,-6,-13,-4,-14,-6,-14,-5,-15,-5,-17,-6,-15,-6,-18,-5,-16,-5,-16,-6,-16,-8,-18,-7,-17,-6,-19,-7,-17,-7,-18,-7,-20,-9,-19,-9,0,0,-19,-10,-18,-10,-19,-8,-20,-10,-18,-9,-18,-10,-19,-11,-17,-10,-18,-11,-16,-10,-17,-9,-16,-9,-17,-10,-16,-9,-15,-8,-16,-8,-17,-8,-16,-8,-19,-6,-17,-9,-19,-6,-18,-8,-18,-9,-20,-9,-19,-10,-20,-11,0,0,0,0,0,0,0,0,0,0
84,-64,4,0,0,0,0,0,0,0,0,0,7,-25,7,-23,6,-22,5,-23,3,-21,2,-20,1,-18,1,-17,0,-18,-1,-17,-2,-18,-5,-17,-4,-14,-5,-15,-6,-14,-6,-13,-6,-13,-7,-12,-6,-11,-7,-10,-8,-11,-7,-10,-7,-10,-8,-9,-7,-10,-8,-9,0,0,-6,-9,-7,-7,-6,-9,-6,-8,-5,-8,-4,-7,-2,-8,-1,-7,-1,-7,1,-7,1,-8,2,-8,4,-9,5,-6,7,-7,8,-8,10,-7,11,-6,12,-6,15,-6,15,-4,18,-4,18,-4,21,-2,21,-1,24,0,0,0,0,0,0,0,0,0,0,0
84,-64,4,0,0,0,0,0,0,0,0,0,-7,7,-7,8,-7,9,-6,9,-6,9,-6,10,-6,9,-5,10,-6,11,-4,12,-5,12,-5,13,-6,13,-6,14,-6,13,-6,16,-6,15,-6,15,-6,15,-6,15,-6,16,-6,17,-7,14,-7,16,-8,17,-8,17,0,0,-8,17,-8,18,-10,17,-8,18,-8,15,-10,15,-9,16,-10,15,-9,16,-8,15,-8,15,-8,13,-8,14,-8,14,-7,14,-7,14,-8,15,-7,13,-7,13,-7,13,-7,14,-6,14,-7,15,-6,15,-7,14,-7,14,0,0,0,0,0,0,0,0,0,0
84,-64,4,0,0,0,0,0,0,0,0,0,11,-2,10,-2,11,-2,11,-3,11,-3,9,-4,9,-5,9,-5,9,-5,9,-6,10,-7,10,-8,10,-7,10,-9,11,-9,12,-9,12,-9,12,-7,12,-8,13,-8,14,-9,14,-10,12,-9,14,-7,16,-9,14,-9,0,0,15,-8,15,-8,17,-7,16,-8,15,-6,14,-6,15,-6,15,-4,15,-6,13,-6,14,-8,12,-7,15,-6,11,-7,11,-6,12,-9,13,-9,14,-9,13,-10,16,-9,14,-11,17,-11,16,-10,19,-12,21,-10,22,-9,0,0,0,0,0,0,0,0,0,0
84,-64,4,0,0,0,0,0,0,0,0,0,28,27,26,24,29,23,30,19,27,20,25,17,24,14,23,11,23,12,23,9,24,9,25,7,23,4,22,4,21,3,22,0,20,0,21,1,18,-2,19,-2,21,-1,18,-5,18,0,16,-5,18,-4,18,-5,0,0,19,-4,16,-3,19,-5,9,-1,11,0,13,1,12,0,15,-7,7,28,9,12,12,7,9,3,7,10,5,13,2,15,0,15,1,16,-3,17,-6,23,-4,23,-10,24,-13,27,-14,26,-16,29,-17,27,-20,31,0,0,0,0,0,0,0,0,0,0
84,-64,4,0,0,0,0,0,0,0,0,0,-22,8,-20,8,-21,9,-19,6,-19,9,-14,8,-14,9,-13,7,-14,9,-10,9,-10,10,-8,12,-10,10,-7,10,-7,9,-6,11,-5,11,-5,10,-5,11,-3,9,-3,9,-4,10,-4,8,-2,9,-3,9,-2,8,0,0,-2,8,-1,6,-2,7,-2,6,-3,5,-3,4,-3,2,-2,2,-2,0,-3,-2,-4,-2,-2,-4,-3,-5,-3,-9,-2,-8,-2,-10,0,-12,-2,-13,-1,-14,0,-15,1,-19,2,-20,2,-21,5,-24,6,-24,9,-24,0,0,0,0,0,0,0,0,0,0
84,-64,4,0,0,0,0,0,0,0,0,0,10,6,10,6,11,4,12,4,12,3,12,3,11,2,13,3,13,2,14,1,16,1,16,1,17,2,17,1,16,2,18,1,18,2,18,2,18,2,19,2,19,4,21,3,18,4,19,4,21,4,21,5,0,0,22,5,21,5,22,6,22,6,18,7,21,6,21,7,20,7,20,8,19,5,19,6,18,7,18,7,18,5,17,5,18,5,18,5,18,4,18,4,19,5,18,5,20,5,19,5,21,5,20,5,21,7,0,0,0,0,0,0,0,0,0,0
84,-64,4,0,0,0,0,0,0,0,0,0,-21,-25,-23,-22,-23,-22,-26,-21,-24,-19,-18,-16,-24,-16,-21,-14,-22,-11,-21,-12,-22,-10,-22,-8,-22,-8,-21,-5,-19,-4,-21,-2,-19,-4,-19,-3,-19,-2,-20,-2,-20,-2,-16,0,-18,0,-18,0,-18,0,-18,2,0,0,-16,-2,-18,-2,-16,-1,-15,3,-11,-2,-15,2,-13,-6,-3,-5,-14,-8,-5,-11,-9,-3,-5,-11,-7,-9,-8,-14,-6,-16,-6,-18,-5,-15,2,-18,2,-19,3,-20,5,-21,7,-19,9,-21,8,-24,12,-24,15,-25,0,0,0,0,0,0,0,0,0,0
84,-64,4,0,0,0,0,0,0,0,0,0,9,14,8,13,10,12,9,12,8,11,8,9,8,7,8,6,7,6,8,6,10,5,9,5,10,4,10,4,10,3,11,3,9,3,9,3,9,1,9,3,10,1,11,1,8,3,9,2,10,2,9,3,0,0,9,1,9,-1,10,-1,7,0,7,-1,8,-1,7,-1,6,-3,6,-3,4,-2,4,-5,3,-5,3,-7,4,-7,1,-9,3,-13,4,-12,4,-13,3,-14,8,-16,6,-18,7,-18,10,-20,12,-22,14,-22,16,-22,0,0,0,0,0,0,0,0,0,0
84,-64,4,0,0,0,0,0,0,0,0,0,13,7,12,5,12,5,13,4,13,3,11,2,11,1,9,1,11,1,10,1,10,-1,9,-2,9,-3,10,-2,9,-2,9,-4,9,-3,7,-4,7,-4,8,-3,7,-4,7,-6,6,-4,7,-4,6,-6,7,-5,0,0,8,-5,6,-4,6,-6,4,-6,4,-4,5,-3,5,-1,5,-4,6,-7,9,-1,7,-1,5,1,5,1,5,2,4,2,5,1,5,5,4,5,5,7,4,6,5,8,3,9,4,10,5,10,3,11,1,12,0,0,0,0,0,0,0,0,0,0
84,-64,4,0,0,0,0,0,0,0,0,0,-20,2,-19,4,-18,4,-18,4,-17,5,-15,5,-15,5,-14,6,-14,6,-12,6,-11,8,-10,8,-11,9,-9,8,-9,8,-9,10,-8,8,-7,9,-6,9,-7,8,-6,9,-6,9,-6,8,-4,7,-5,9,-4,9,0,0,-4,8,-4,7,-5,7,-4,7,-4,6,-5,6,-5,5,-5,5,-6,3,-6,2,-6,2,-7,0,-8,1,-9,-1,-8,-2,-9,-3,-10,-3,-10,-6,-10,-6,-11,-9,-11,-9,-10,-11,-12,-11,-12,-13,-10,-15,-10,-14,0,0,0,0,0,0,0,0,0,0
84,-64,4,0,0,0,0,0,0,0,0,0,2,14,3,13,3,15,3,15,3,12,3,11,4,9,4,11,5,11,6,10,7,11,7,10,7,10,3,11,6,12,9,12,10,11,8,14,7,12,8,12,10,15,7,15,9,13,9,16,5,15,5,16,0,0,7,17,5,16,6,17,4,16,4,15,4,16,4,12,7,18,-1,-3,-4,8,4,18,7,14,9,12,8,9,7,13,9,13,9,15,9,14,10,16,9,19,10,17,9,20,10,19,9,24,6,26,7,28,0,0,0,0,0,0,0,0,0,0
84,-64,4,0,0,0,0,0,0,0,0,0,-9,24,-6,23,-5,22,-5,24,-2,22,-2,19,-2,20,1,18,1,19,1,17,3,17,5,17,6,16,6,17,6,15,6,14,6,12,8,13,8,12,8,11,8,10,10,10,8,9,9,11,10,10,9,9,0,0,9,8,7,9,7,9,7,8,6,7,6,8,4,9,4,7,2,10,1,7,-1,10,-2,8,-4,9,-4,8,-5,8,-7,9,-9,10,-12,8,-14,9,-14,9,-16,8,-18,8,-19,8,-21,7,-23,5,-23,4,0,0,0,0,0,0,0,0,0,0
84,-64,4,0,0,0,0,0,0,0,0,0,25,5,23,2,22,1,22,1,21,-1,18,0,19,-3,19,-3,16,-3,15,-4,15,-5,15,-6,15,-6,14,-5,12,-6,12,-9,10,-8,10,-9,10,-7,7,-9,9,-9,7,-9,8,-9,8,-8,8,-9,7,-9,0,0,6,-8,7,-8,5,-8,6,-7,6,-4,5,-4,5,-3,4,-2,5,-1,6,0,5,1,4,2,5,5,4,5,4,6,4,10,2,12,2,12,1,14,-1,16,-2,17,-3,19,-5,20,-6,22,-9,23,-8,23,0,0,0,0,0,0,0,0,0,0
84,-64,4,0,0,0,0,0,0,0,0,0,16,21,15,18,16,19,17,17,16,16,14,12,15,11,15,11,15,9,16,9,16,10,17,8,17,7,14,7,15,5,17,3,14,3,14,2,14,2,14,1,12,0,14,0,14,0,12,1,14,0,13,0,0,0,11,1,13,0,11,0,12,1,11,1,11,1,9,2,8,3,9,5,7,6,8,6,3,6,3,6,3,8,1,10,1,9,0,12,-4,12,-4,15,-5,15,-6,16,-8,15,-12,17,-13,16,-16,16,-14,16,0,0,0,0,0,0,0,0,0,0
84,-64,4,0,0,0,0,0,0,0,0,0,7,-9,5,-9,5,-9,5,-11,4,-11,4,-10,4,-11,5,-12,4,-13,4,-13,4,-14,4,-15,4,-16,4,-16,4,-16,4,-18,2,-16,4,-16,5,-16,6,-17,6,-17,5,-18,7,-16,6,-17,7,-19,7,-18,0,0,7,-18,6,-19,7,-18,8,-18,8,-17,8,-17,9,-17,9,-16,8,-17,8,-15,8,-16,8,-15,8,-15,7,-16,7,-14,6,-15,5,-15,6,-14,5,-14,6,-14,6,-16,5,-15,6,-16,5,-16,7,-16,7,-15,0,0,0,0,0,0,0,0,0,0
84,-64,4,0,0,0,0,0,0,0,0,0,6,25,7,23,8,23,9,22,9,20,9,17,10,18,9,16,10,15,11,14,11,14,11,12,11,12,11,11,10,10,13,9,11,8,13,7,12,7,12,6,12,6,12,4,12,6,12,5,14,4,11,4,0,0,12,5,11,2,10,4,9,4,8,5,7,4,8,7,7,6,5,6,4,8,4,7,1,7,1,8,-2,9,-2,11,-3,10,-4,11,-7,13,-8,11,-9,12,-12,13,-13,12,-16,14,-17,12,-18,11,-20,11,0,0,0,0,0,0,0,0,0,0
84,-64,4,0,0,0,0,0,0,0,0,0,-55,22,-52,22,-50,30,-47,29,-44,18,-40,23,-32,24,-33,23,-28,26,-30,24,-22,34,-22,31,-23,33,-21,26,-12,28,-13,31,-9,28,-13,25,-15,27,-11,26,-6,31,-3,26,-10,30,-9,26,-4,22,-5,22,0,0,-5,22,-4,23,-1,23,3,7,-9,17,-2,4,-5,28,-15,3,-22,2,39,9,24,19,9,-10,0,-21,-5,-21,10,-22,-7,-29,3,-30,6,-29,16,-33,19,-42,12,-46,17,-47,25,-52,33,-55,42,-58,41,-50,0,0,0,0,0,0,0,0,0,0
84,-64,4,0,0,0,0,0,0,0,0,0,-15,-16,-17,-15,-17,-13,-18,-14,-17,-12,-18,-12,-22,-13,-20,-9,-24,-9,-23,-11,-25,-11,-29,-12,-26,-9,-29,-11,-26,-11,-34,-13,-31,-12,-26,-9,-30,-14,-30,-9,-30,-18,-28,-14,-29,-11,-35,-12,-31,-13,-36,-17,0,0,-33,-14,-35,-10,-38,-14,-33,-17,-33,-19,-32,-13,-29,-19,-28,-17,-32,-17,-27,-21,-31,-13,-25,-18,-29,-18,-32,-12,-28,-13,-29,-15,-31,-13,-28,-14,-27,-13,-27,-12,-28,-11,-31,-15,-31,-14,-32,-10,-31,-15,-29,-14,0,0,0,0,0,0,0,0,0,0
84,-64,4,0,0,0,0,0,0,0,0,0,6,-12,5,-9,5,-10,4,-11,3,-11,3,-10,2,-13,3,-11,3,-11,3,-13,3,-15,3,-14,3,-15,2,-15,2,-15,3,-17,4,-16,5,-16,5,-16,5,-17,7,-16,5,-18,6,-16,9,-17,9,-19,6,-17,0,0,10,-15,9,-17,9,-13,10,-17,10,-14,12,-17,14,-13,13,-13,9,-21,9,-6,10,-9,10,-11,13,-15,12,-14,10,-14,10,-12,9,-15,9,-13,9,-12,11,-15,11,-13,11,-15,11,-16,13,-17,15,-16,15,-16,0,0,0,0,0,0,0,0,0,0
84,-64,4,0,0,0,0,0,0,0,0,0,-15,-10,-13,-9,-12,-8,-12,-6,-13,-6,-10,-5,-11,-4,-10,-5,-11,-2,-11,-2,-11,-2,-11,-2,-12,0,-12,-1,-12,1,-12,2,-11,0,-11,1,-11,1,-13,2,-11,2,-14,2,-11,-1,-14,1,-13,1,-14,2,0,0,-13,2,-12,1,-13,1,-13,2,-11,0,-12,3,-11,2,-8,3,-10,3,-8,3,-8,5,-7,5,-8,6,-7,7,-6,10,-5,10,-9,13,-7,12,-10,12,-11,15,-12,14,-13,16,-15,16,-17,19,-18,17,-21,16,0,0,0,0,0,0,0,0,0,0
84,-64,4,0,0,0,0,0,0,0,0,0,0,-13,-2,-12,-2,-13,-5,-12,-3,-13,-5,-11,-4,-10,-5,-12,-9,-11,-7,-10,-9,-11,-7,-14,-9,-13,-9,-13,-8,-12,-11,-14,-9,-14,-11,-15,-11,-14,-10,-15,-10,-13,-12,-15,-8,-17,-9,-19,-11,-19,-11,-18,0,0,-12,-16,-9,-17,-10,-17,-11,-16,-9,-17,-10,-17,-8,-16,-9,-15,-17,-25,-8,-18,-6,-12,-7,-13,-8,-17,-7,-16,-13,-12,-11,-13,-14,-13,-11,-13,-13,-10,-15,-14,-14,-13,-15,-14,-15,-16,-15,-19,-16,-20,-15,-20,0,0,0,0,0,0,0,0,0,0
84,-64,4,0,0,0,0,0,0,0,0,0,-20,9,-17,10,-16,10,-16,11,-15,10,-13,11,-12,11,-11,10,-11,11,-8,10,-9,12,-8,12,-8,11,-7,11,-7,11,-5,12,-4,10,-4,10,-4,11,-3,10,-2,10,-1,11,-2,9,-3,9,-2,9,-1,10,0,0,-1,8,-2,9,-2,9,-2,8,-2,7,-3,6,-4,6,-5,4,-5,5,-6,2,-6,3,-7,1,-6,0,-8,-1,-9,-2,-10,-3,-11,-6,-10,-8,-11,-7,-11,-8,-13,-10,-12,-11,-14,-14,-13,-16,-12,-17,-11,-18,0,0,0,0,0,0,0,0,0,0
84,-64,4,0,0,0,0,0,0,0,0,0,7,9,8,8,9,7,10,8,11,8,11,7,12,6,11,6,13,7,13,6,15,6,16,6,16,6,16,7,15,7,18,6,16,7,16,9,17,8,17,8,18,8,19,9,17,11,19,9,20,11,18,11,0,0,19,11,19,11,18,12,19,12,16,11,17,11,18,12,16,12,17,13,15,10,16,10,15,10,14,12,16,10,14,8,15,10,17,10,15,9,15,8,16,8,16,8,19,8,16,10,19,9,18,12,19,11,0,0,0,0,0,0,0,0,0,0
84,-64,4,0,0,0,0,0,0,0,0,0,-9,-28,-10,-25,-12,-25,-13,-24,-12,-22,-11,-21,-14,-18,-12,-18,-13,-16,-14,-15,-15,-15,-16,-14,-16,-12,-15,-12,-15,-11,-17,-11,-16,-8,-15,-9,-15,-6,-14,-5,-15,-5,-16,-3,-14,-3,-15,-4,-15,-5,-15,-4,0,0,-13,-2,-15,-3,-13,-3,-13,-4,-12,-4,-10,-5,-11,-5,-9,-7,-6,-8,-7,-8,-7,-9,-5,-8,-5,-12,-3,-12,-2,-11,0,-13,1,-14,4,-15,5,-15,6,-16,8,-17,11,-17,12,-18,17,-19,16,-19,17,-17,0,0,0,0,0,0,0,0,0,0
84,-64,4,0,0,0,0,0,0,0,0,0,1,13,1,12,1,12,1,12,1,12,2,12,2,12,3,13,4,14,2,14,6,14,5,15,5,16,4,16,5,15,7,17,6,16,6,16,5,16,6,18,5,17,7,18,4,19,5,18,7,20,5,19,0,0,4,19,8,20,5,21,6,19,5,18,5,20,3,21,3,18,10,20,1,21,1,20,4,16,5,16,4,16,6,16,7,16,6,17,5,16,6,16,4,15,5,15,6,15,5,16,6,16,5,16,5,16,0,0,0,0,0,0,0,0,0,0
84,-64,4,0,0,0,0,0,0,0,0,0,21,14,19,13,20,12,21,10,18,9,18,8,17,6,16,5,17,5,16,3,18,1,17,0,16,-1,16,-2,15,-1,16,-3,14,-3,13,-3,13,-4,13,-5,13,-5,13,-5,10,-4,12,-6,11,-7,11,-6,0,0,11,-6,10,-5,10,-6,8,-6,10,-3,8,-3,8,-2,9,-2,8,1,9,0,8,1,8,3,7,5,9,5,6,7,6,9,6,11,5,11,5,13,3,14,3,16,1,17,1,19,3,21,0,21,-3,23,0,0,0,0,0,0,0,0,0,0
84,-64,4,0,0,0,0,0,0,0,0,0,8,-22,6,-20,6,-22,5,-22,5,-19,4,-18,2,-19,4,-17,1,-16,1,-17,0,-17,0,-17,3,-16,-3,-18,-1,-12,-8,-18,-5,-16,-5,-7,-4,-13,-8,-17,-7,-20,-9,-18,-4,-18,-5,-14,-7,-19,-2,-13,0,0,-6,-15,-18,-14,-9,-12,-14,-17,-11,-14,-6,-10,-3,-5,-6,-8,-9,-5,-5,-10,-7,-1,-14,-3,-11,-2,-12,2,-10,0,-15,2,-16,4,-14,5,-20,5,-21,6,-24,5,-27,5,-32,5,-33,1,-35,-1,-36,-3,0,0,0,0,0,0,0,0,0,0
84,-64,4,0,0,0,0,0,0,0,0,0,24,5,24,3,21,2,24,-1,20,0,20,0,18,-2,17,0,18,-2,17,-5,17,-5,15,-6,15,-5,13,-5,14,-5,13,-7,11,-6,11,-6,11,-7,11,-7,9,-8,9,-8,8,-7,9,-6,10,-8,9,-8,0,0,11,-6,6,-8,8,-4,4,-5,6,-5,10,-1,3,-2,11,-4,11,18,24,19,9,6,4,3,4,5,1,6,1,9,2,11,-3,11,-4,15,-6,12,-6,17,-6,18,-11,17,-11,18,-12,20,-14,18,-16,18,0,0,0,0,0,0,0,0,0,0
84,-64,4,0,0,0,0,0,0,0,0,0,-7,-18,-8,-18,-9,-18,-9,-18,-9,-15,-8,-13,-8,-13,-8,-11,-11,-10,-9,-12,-11,-10,-10,-11,-10,-9,-10,-9,-11,-6,-12,-6,-10,-5,-10,-6,-10,-5,-10,-3,-10,-4,-10,-4,-11,-4,-11,-5,-9,-4,-10,-2,0,0,-9,-4,-8,-3,-8,-4,-8,-2,-5,-1,-6,-1,-3,-2,-3,-1,-1,-2,2,-1,1,0,3,2,5,1,4,2,6,2,8,4,11,3,10,6,13,7,12,9,14,11,14,13,14,16,15,17,14,19,15,22,0,0,0,0,0,0,0,0,0,0
84,-64,4,0,0,0,0,0,0,0,0,0,-11,20,-10,19,-9,20,-8,18,-6,18,-5,17,-5,17,-6,16,-3,17,-2,16,-1,16,-1,16,1,15,2,15,1,14,4,14,3,12,4,13,4,13,4,10,5,11,4,10,4,11,5,11,6,11,5,9,0,0,5,10,6,9,5,10,4,9,3,8,2,9,3,8,1,8,0,9,-2,7,0,7,-3,7,-4,8,-5,7,-7,7,-8,8,-9,7,-11,5,-12,6,-14,6,-15,4,-16,3,-18,3,-20,4,-20,1,-21,0,0,0,0,0,0,0,0,0,0,0
84,-64,4,0,0,0,0,0,0,0,0,0,-19,14,-17,14,-17,13,-17,14,-13,14,-12,12,-10,15,-10,12,-7,14,-8,12,-7,13,-6,15,-5,14,-5,13,-3,12,-2,14,-1,11,0,12,0,11,0,11,1,11,2,11,2,10,0,11,2,11,2,9,0,0,1,8,2,8,2,7,0,6,0,6,0,5,-2,4,0,3,-3,4,-3,1,-3,0,-4,-1,-6,-2,-7,-3,-10,-4,-9,-5,-11,-7,-10,-10,-11,-10,-11,-14,-12,-14,-10,-16,-13,-19,-12,-22,-11,-23,-9,-25,0,0,0,0,0,0,0,0,0,0
84,-64,4,0,0,0,0,0,0,0,0,0,10,-19,8,-18,8,-19,7,-21,7,-21,5,-18,5,-20,6,-20,5,-20,5,-23,3,-26,3,-26,4,-26,6,-27,5,-27,3,-31,6,-28,6,-28,5,-27,8,-27,7,-30,9,-29,10,-28,10,-30,9,-33,10,-32,0,0,12,-34,10,-32,14,-30,7,-33,12,-29,11,-31,16,-29,16,-31,-4,-29,10,-28,17,-28,14,-27,13,-27,9,-25,12,-26,11,-27,11,-28,10,-25,12,-25,10,-26,11,-26,10,-28,8,-28,10,-26,10,-28,14,-26,0,0,0,0,0,0,0,0,0,0
84,-64,4,0,0,0,0,0,0,0,0,0,-3,11,-4,11,-5,9,-3,9,-2,8,-3,8,-1,8,-2,8,0,9,0,10,-1,10,-2,12,1,12,-1,11,0,10,1,13,1,11,-1,12,-1,12,1,13,-1,12,1,14,-2,13,0,15,-1,13,-2,12,0,0,-4,12,-2,14,-3,13,-3,13,-4,9,-3,11,-6,15,-3,8,16,25,10,14,-2,10,-6,10,-4,11,-2,10,-3,12,-1,12,-1,15,0,13,-2,13,1,15,-2,15,-2,16,-2,17,-3,18,-6,17,-7,18,0,0,0,0,0,0,0,0,0,0
84,-64,4,0,0,0,0,0,0,0,0,0,-4,24,-2,20,-2,21,2,21,1,20,1,18,2,17,4,15,3,15,5,14,6,14,7,15,7,11,7,12,6,11,8,10,9,8,9,9,9,6,11,8,9,7,10,7,8,7,9,5,10,3,9,5,0,0,8,4,6,4,7,4,6,4,4,4,4,4,3,3,2,4,2,5,-1,4,-2,4,-5,5,-5,5,-4,4,-8,3,-11,5,-11,4,-12,3,-15,4,-16,4,-18,3,-19,1,-21,1,-24,1,-25,-1,-25,-3,0,0,0,0,0,0,0,0,0,0
84,-64,4,0,0,0,0,0,0,0,0,0,-13,16,-11,14,-10,16,-9,16,-8,14,-7,13,-7,12,-5,11,-6,12,-3,11,-3,11,-3,12,-2,12,-2,10,-2,12,0,11,-1,12,0,10,2,11,1,11,3,11,1,9,1,10,1,9,3,10,3,11,0,0,1,7,2,8,3,7,2,8,1,6,2,4,1,4,3,4,1,2,3,-1,5,-1,5,-1,5,-1,6,-5,7,-5,8,-7,10,-8,12,-7,15,-9,16,-8,19,-10,21,-9,21,-8,24,-8,25,-6,27,-5,0,0,0,0,0,0,0,0,0,0
84,-64,4,0,0,0,0,0,0,0,0,0,24,-15,22,-16,21,-18,19,-18,18,-17,17,-15,15,-17,13,-15,13,-16,10,-16,11,-18,9,-19,8,-17,7,-16,5,-15,8,-18,5,-17,6,-16,2,-16,4,-16,3,-17,3,-15,3,-16,2,-16,1,-20,3,-16,0,0,3,-13,1,-14,4,-14,7,-11,4,-14,6,-8,7,-13,3,-13,12,-16,-5,-4,-1,-7,9,0,14,-1,13,-1,9,-2,16,3,12,1,16,4,15,6,15,8,18,7,16,12,17,11,17,14,16,15,15,19,0,0,0,0,0,0,0,0,0,0
84,-64,4,0,0,0,0,0,0,0,0,0,19,6,18,4,17,4,20,3,16,1,15,1,16,1,13,0,14,-1,14,-4,14,-4,13,-5,11,-5,12,-5,11,-6,10,-7,10,-6,9,-6,8,-7,6,-7,7,-7,8,-9,4,-6,6,-7,7,-7,5,-7,0,0,6,-6,4,-7,2,-6,5,-8,3,-6,5,-6,5,-5,3,-1,-5,-6,9,-4,6,6,5,3,6,2,5,0,5,8,5,5,5,9,2,11,6,11,4,13,4,12,5,15,3,16,3,18,2,20,1,19,0,0,0,0,0,0,0,0,0,0
84,-64,4,0,0,0,0,0,0,0,0,0,31,12,29,10,30,8,31,6,26,5,24,6,24,2,22,1,22,-1,22,-1,21,-2,20,-4,19,-5,18,-5,17,-6,20,-9,13,-8,15,-8,14,-9,11,-10,12,-9,11,-11,11,-9,12,-8,11,-11,11,-10,0,0,10,-11,9,-10,8,-8,6,-5,7,-5,5,-5,7,-2,5,-3,5,-1,3,2,6,4,6,6,4,9,3,10,2,13,3,16,1,18,0,19,0,21,-2,23,-2,24,-4,29,-9,30,-11,32,-15,34,-15,33,0,0,0,0,0,0,0,0,0,0
84,-64,4,0,0,0,0,0,0,0,0,0,6,8,6,8,8,9,7,5,7,6,7,7,9,6,7,5,11,5,10,6,12,5,12,5,12,6,11,5,11,7,14,5,11,6,12,7,12,6,12,8,13,8,12,7,11,9,14,9,14,8,14,9,0,0,14,10,12,10,12,10,13,10,12,10,12,9,12,12,10,10,17,8,11,13,10,13,10,9,11,8,11,5,12,8,14,8,11,8,13,7,12,7,13,8,13,7,13,8,12,8,15,9,14,9,14,10,0,0,0,0,0,0,0,0,0,0
84,-64,4,0,0,0,0,0,0,0,0,0,23,19,22,17,19,17,23,17,21,15,18,13,20,11,18,10,17,9,16,9,19,10,19,8,18,5,19,4,16,6,18,4,15,3,15,3,13,2,16,3,14,1,16,2,12,2,12,0,14,1,13,1,0,0,12,4,13,0,10,0,12,5,9,4,7,8,10,5,2,10,9,-5,-22,3,-5,5,0,10,0,11,1,12,-6,11,-7,14,-9,9,-12,9,-14,11,-16,8,-18,10,-21,12,-21,9,-26,8,-26,4,-30,4,0,0,0,0,0,0,0,0,0,0
84,-64,4,0,0,0,0,0,0,0,0,0,-3,13,-3,13,-4,13,-2,14,-2,11,-1,9,1,10,1,11,2,9,3,11,3,12,3,9,7,11,5,12,5,12,5,14,5,14,4,10,4,12,7,12,5,15,6,15,6,13,6,12,7,13,5,16,0,0,6,13,6,15,7,16,-1,16,3,13,1,11,8,16,3,8,1,15,12,2,15,7,9,7,5,8,5,9,11,10,11,5,11,11,12,9,12,10,13,8,13,10,15,12,15,14,17,15,16,17,16,18,0,0,0,0,0,0,0,0,0,0
84,-64,4,0,0,0,0,0,0,0,0,0,1,-33,0,-32,-1,-33,-5,-33,-3,-31,-4,-28,-6,-27,-7,-26,-7,-24,-9,-22,-11,-22,-12,-22,-12,-18,-15,-20,-11,-19,-16,-16,-14,-15,-13,-14,-14,-14,-14,-13,-12,-12,-16,-11,-13,-12,-15,-11,-16,-11,-14,-10,0,0,-14,-11,-15,-10,-13,-11,-10,-11,-10,-11,-8,-10,-9,-10,-6,-10,-6,-11,-4,-12,-3,-12,-2,-12,2,-14,4,-15,4,-16,7,-15,9,-17,11,-15,13,-15,16,-15,17,-17,21,-15,21,-18,26,-20,25,-15,26,-13,0,0,0,0,0,0,0,0,0,0
84,-64,4,0,0,0,0,0,0,0,0,0,-12,3,-9,4,-11,5,-10,6,-10,6,-9,3,-9,5,-8,5,-8,6,-7,5,-8,6,-7,8,-7,6,-9,7,-10,6,-8,10,-8,9,-8,9,-8,11,-10,9,-9,9,-10,10,-8,9,-9,9,-11,9,-12,10,0,0,-10,9,-11,10,-9,8,-12,11,-9,9,-11,11,-10,8,-11,6,-14,17,-10,2,-12,3,-11,10,-7,10,-5,11,-8,11,-4,12,-7,12,-7,13,-6,14,-5,16,-6,14,-9,17,-10,17,-10,18,-13,17,-13,16,0,0,0,0,0,0,0,0,0,0
84,-64,4,0,0,0,0,0,0,0,0,0,14,-2,11,-3,11,-2,11,-4,10,-4,10,-5,9,-6,8,-6,10,-7,9,-8,10,-10,9,-10,10,-9,11,-11,9,-10,11,-11,10,-10,10,-11,10,-10,11,-11,11,-12,11,-12,12,-10,13,-10,13,-12,14,-13,0,0,12,-13,12,-12,14,-11,13,-10,11,-9,13,-11,11,-10,11,-10,12,-10,10,-9,10,-11,8,-9,10,-10,8,-12,8,-12,7,-14,9,-15,9,-16,8,-15,8,-17,9,-19,12,-19,12,-19,13,-21,16,-18,18,-19,0,0,0,0,0,0,0,0,0,0
84,-64,4,0,0,0,0,0,0,0,0,0,18,11,19,9,21,8,21,6,19,6,18,5,17,4,17,2,17,2,14,0,16,0,16,-1,16,-1,16,-1,15,-1,14,-5,13,-4,13,-5,13,-5,12,-4,13,-5,12,-6,9,-5,12,-5,10,-7,12,-5,0,0,11,-6,9,-4,8,-5,9,-6,10,-5,11,-3,8,0,7,-1,5,7,4,-1,7,3,9,2,8,6,8,6,7,8,8,9,8,8,8,11,6,12,6,13,6,16,5,16,4,17,5,19,-1,19,1,20,0,0,0,0,0,0,0,0,0,0
84,-64,4,0,0,0,0,0,0,0,0,0,-15,26,-13,26,-10,23,-8,23,-7,24,-7,21,-6,20,-4,21,-2,22,0,19,0,19,2,19,3,19,4,18,3,16,6,16,4,16,7,16,6,12,7,13,7,13,8,13,5,13,10,12,10,12,8,13,0,0,10,11,8,10,7,9,7,10,4,10,6,13,2,12,6,5,-7,11,6,4,3,7,1,11,-3,12,-4,14,-8,11,-8,12,-8,13,-11,10,-10,11,-12,14,-16,12,-18,12,-20,13,-21,14,-23,11,-23,10,0,0,0,0,0,0,0,0,0,0
84,-64,4,0,0,0,0,0,0,0,0,0,-17,-27,-14,-26,-15,-28,-19,-25,-16,-25,-14,-22,-18,-17,-17,-16,-17,-17,-19,-16,-16,-12,-21,-11,-19,-13,-16,-12,-16,-10,-18,-9,-14,-8,-15,-8,-14,-8,-15,-4,-17,-6,-16,-4,-15,-3,-14,-4,-13,-5,-15,-6,0,0,-11,-7,-15,-4,-12,-2,-9,-7,-11,-8,-2,-8,-9,-6,-7,-7,-17,-9,8,12,-5,2,2,-6,8,-15,7,-15,11,-10,10,-15,9,-15,11,-12,14,-15,19,-14,21,-9,23,-9,25,-10,28,-9,29,-7,31,-8,0,0,0,0,0,0,0,0,0,0
84,-64,4,0,0,0,0,0,0,0,0,0,11,-22,10,-22,7,-24,6,-22,5,-21,5,-18,3,-20,2,-18,1,-19,1,-17,1,-18,-1,-17,-1,-16,-2,-16,-3,-16,-4,-16,-4,-14,-5,-14,-4,-13,-5,-12,-6,-12,-7,-11,-5,-11,-6,-12,-7,-12,-6,-11,0,0,-6,-11,-7,-10,-6,-10,-6,-10,-5,-10,-3,-10,-2,-11,1,-10,1,-10,-1,-9,2,-9,2,-8,4,-9,6,-9,6,-9,9,-8,11,-10,12,-8,13,-7,15,-8,16,-6,19,-7,19,-6,21,-4,21,-2,22,-2,0,0,0,0,0,0,0,0,0,0
84,-64,4,0,0,0,0,0,0,0,0,0,2,-18,1,-18,-1,-15,-2,-18,-2,-15,-3,-16,-2,-13,-3,-14,-3,-15,-5,-14,-7,-15,-9,-15,-10,-14,-9,-13,-9,-16,-13,-15,-10,-16,-8,-15,-8,-18,-8,-16,-12,-21,-9,-22,-10,-15,-9,-18,-12,-18,-10,-22,0,0,-9,-20,-7,-18,-8,-20,-5,-15,-9,-20,-6,-20,-5,-20,-11,-16,3,-14,-21,-12,-17,-15,-11,-18,-9,-16,-11,-16,-6,-11,-11,-17,-16,-16,-15,-17,-18,-22,-17,-21,-18,-20,-16,-22,-17,-24,-22,-28,-20,-30,-21,-31,0,0,0,0,0,0,0,0,0,0
84,-64,4,0,0,0,0,0,0,0,0,0,27,-24,21,-23,23,-26,19,-27,17,-25,15,-22,14,-23,14,-23,13,-23,8,-21,8,-23,7,-24,6,-24,6,-23,5,-21,2,-23,3,-20,2,-21,0,-21,1,-19,-1,-19,-5,-20,-1,-18,-2,-20,-3,-20,-4,-19,0,0,-2,-17,-3,-18,-3,-18,-1,-17,0,-15,1,-16,2,-16,3,-15,5,-15,7,-13,7,-11,8,-10,10,-10,13,-10,15,-8,16,-7,16,-7,19,-5,19,-3,21,-2,23,-2,27,2,28,4,30,4,28,7,31,9,0,0,0,0,0,0,0,0,0,0
84,-64,4,0,0,0,0,0,0,0,0,0,-8,17,-8,25,-6,25,-4,24,-5,23,-5,21,0,20,-5,19,-2,25,1,17,0,29,2,33,1,30,2,28,-5,25,1,36,0,35,1,30,0,35,-9,34,-10,34,-4,39,-3,24,1,50,-1,38,-1,43,0,0,-3,39,-5,38,-13,42,-5,42,-14,32,-9,31,-6,31,-11,30,-51,41,-27,45,-3,42,-9,37,-12,40,-17,41,-21,47,-13,41,-14,47,-23,36,-25,35,-21,37,-27,34,-33,31,-34,38,-28,43,-33,37,-30,39,0,0,0,0,0,0,0,0,0,0
84,-64,4,0,0,0,0,0,0,0,0,0,27,6,27,4,26,4,26,-1,22,-1,21,-5,20,-1,17,-6,19,-5,16,-8,16,-8,18,-11,14,-10,14,-8,12,-8,14,-12,14,-11,8,-9,11,-11,7,-15,10,-10,4,-11,6,-10,8,-9,1,-13,3,-8,0,0,6,-16,3,-12,8,-13,4,-13,6,-8,5,-10,6,-9,5,-5,12,-8,11,-1,15,-2,7,1,11,-5,10,-2,12,0,13,-1,16,5,16,6,14,7,19,5,16,12,8,5,19,7,21,16,20,15,19,17,0,0,0,0,0,0,0,0,0,0
84,-64,4,0,0,0,0,0,0,0,0,0,-20,-33,-18,-28,-21,-28,-23,-27,-20,-25,-21,-21,-22,-21,-18,-18,-20,-16,-21,-13,-22,-11,-23,-9,-21,-9,-20,-8,-20,-6,-21,-3,-19,-2,-20,-3,-19,-1,-19,-1,-18,2,-18,3,-15,0,-15,2,-17,4,-17,4,0,0,-16,3,-14,2,-13,1,-13,1,-10,-2,-10,-2,-9,-4,-8,-3,-8,-6,-5,-8,-7,-10,-3,-9,-5,-14,-3,-13,-1,-16,1,-19,5,-22,5,-24,6,-27,10,-26,11,-30,14,-29,13,-32,18,-33,20,-34,24,-33,0,0,0,0,0,0,0,0,0,0
84,-64,4,0,0,0,0,0,0,0,0,0,-9,2,-9,3,-8,3,-9,3,-7,3,-8,4,-8,4,-8,4,-8,6,-8,6,-10,7,-9,8,-10,7,-11,7,-11,6,-11,8,-11,8,-10,8,-13,8,-11,6,-12,7,-12,7,-13,7,-12,8,-14,7,-12,8,0,0,-14,10,-13,7,-14,6,-13,9,-15,6,-14,7,-14,7,-14,6,-14,6,-12,6,-14,8,-12,6,-13,6,-12,5,-12,7,-12,8,-12,8,-12,8,-12,6,-12,7,-11,8,-11,6,-11,9,-11,9,-12,6,-15,8,0,0,0,0,0,0,0,0,0,0
84,-64,4,0,0,0,0,0,0,0,0,0,9,2,8,0,10,0,11,-1,12,1,8,0,10,-1,11,-2,12,-2,11,-2,12,-3,13,-2,13,-2,14,-2,15,0,15,-4,13,-4,14,-2,16,-3,15,-1,16,-2,16,-3,15,0,16,-3,18,-1,16,-1,0,0,18,-1,17,0,17,0,17,-1,17,0,18,0,17,0,16,0,16,1,16,0,16,0,16,1,14,1,15,1,14,0,14,0,14,0,15,-2,13,-1,14,-2,14,0,14,0,14,0,15,1,14,0,15,0,0,0,0,0,0,0,0,0,0,0
84,-64,4,0,0,0,0,0,0,0,0,0,-6,3,-5,5,-4,4,-5,5,-4,5,-5,6,-4,5,-3,4,-5,7,-2,6,-3,7,-3,7,-4,6,-2,7,-3,7,-3,8,-4,7,-3,8,-4,7,-2,7,-4,8,-4,9,-5,8,-4,9,-5,8,-4,9,0,0,-5,8,-6,7,-6,7,-6,8,-4,7,-5,9,-7,6,-4,7,-6,6,-5,6,-5,8,-4,9,-5,7,-5,6,-6,7,-4,8,-4,8,-4,7,-5,8,-5,9,-4,10,-7,10,-5,9,-6,11,-7,11,-10,12,0,0,0,0,0,0,0,0,0,0
84,-64,4,0,0,0,0,0,0,0,0,0,-1,23,1,22,0,20,3,20,2,19,2,17,3,17,3,15,5,15,6,14,8,12,9,13,8,12,10,11,8,8,10,9,9,6,9,8,9,7,9,7,8,6,10,5,8,5,8,4,10,5,8,4,0,0,7,5,9,4,8,4,9,5,7,4,6,6,6,6,4,7,3,8,2,5,2,9,2,8,0,9,-2,10,-2,10,-5,12,-6,12,-7,12,-9,14,-11,13,-13,14,-14,15,-15,14,-16,16,-19,15,-19,14,0,0,0,0,0,0,0,0,0,0
84,-64,4,0,0,0,0,0,0,0,0,0,8,-33,5,-32,5,-31,0,-33,0,-31,0,-26,-2,-24,-2,-23,-5,-25,-5,-22,-7,-22,-9,-25,-9,-22,-10,-21,-12,-18,-12,-20,-10,-17,-12,-16,-11,-14,-12,-15,-13,-12,-14,-13,-12,-12,-13,-12,-15,-13,-14,-13,0,0,-13,-12,-13,-12,-11,-10,-10,-13,-11,-12,-9,-12,-9,-14,-6,-13,-6,-12,-4,-13,-3,-15,-1,-15,0,-16,1,-17,4,-17,4,-18,9,-19,11,-19,11,-21,14,-20,15,-21,19,-20,21,-19,25,-20,26,-18,26,-18,0,0,0,0,0,0,0,0,0,0
82,-96,4,0,0,0,0,0,0,0,0,0,4,-22,3,-21,1,-19,0,-20,0,-18,0,-17,-4,-16,-2,-14,-2,-14,-4,-13,-4,-15,-5,-15,-7,-13,-7,-13,-6,-12,-7,-11,-8,-11,-7,-10,-7,-11,-9,-9,-8,-9,-8,-8,-8,-7,-7,-7,-7,-8,-9,-7,0,0,-6,-8,-8,-8,-7,-8,-6,-6,-6,-8,-5,-7,-5,-10,-3,-8,-12,-5,-2,-8,-2,-13,0,-11,3,-8,5,-10,3,-9,6,-9,6,-13,9,-11,8,-12,10,-10,15,-9,12,-8,15,-9,17,-9,18,-7,19,-6,0,0,0,0,0,0,0,0,0,0
84,-64,4,0,0,0,0,0,0,0,0,0,-9,4,-8,4,-7,4,-10,6,-8,6,-8,7,-9,7,-8,7,-9,7,-7,9,-9,10,-10,10,-10,10,-11,10,-12,10,-11,12,-9,11,-13,11,-11,11,-12,11,-14,11,-13,12,-12,11,-11,13,-15,11,-13,12,0,0,-13,11,-15,10,-14,13,-14,11,-14,10,-16,10,-15,10,-14,8,-14,9,-14,9,-13,9,-14,8,-15,8,-12,9,-11,9,-11,10,-13,10,-11,9,-10,10,-10,9,-12,9,-12,8,-11,9,-12,10,-12,8,-12,9,0,0,0,0,0,0,0,0,0,0
84,-64,4,0,0,0,0,0,0,0,0,0,6,3,8,0,7,1,10,1,8,3,8,1,9,1,7,-1,10,0,10,0,11,1,10,1,11,0,12,1,11,0,12,-1,12,-2,12,1,14,1,15,1,14,3,14,1,13,3,15,1,14,3,14,1,0,0,15,2,15,2,16,3,15,4,15,2,15,3,15,4,12,4,12,4,11,4,13,2,12,2,12,2,13,2,12,2,11,0,13,3,12,1,11,1,11,-1,12,1,13,2,14,0,14,1,14,1,14,1,0,0,0,0,0,0,0,0,0,0
84,-64,4,0,0,0,0,0,0,0,0,0,-17,-4,-16,-2,-16,-3,-17,-1,-14,-1,-14,1,-13,0,-11,1,-11,1,-11,1,-11,2,-11,4,-9,5,-10,5,-8,4,-7,6,-6,5,-5,7,-5,6,-6,7,-4,7,-4,7,-4,5,-5,6,-3,7,-4,6,0,0,-2,6,-4,5,-3,4,-2,4,-3,2,-3,2,-4,2,-3,0,-3,-1,-3,-2,-5,-3,-4,-5,-2,-6,-4,-7,-4,-8,-4,-10,-5,-12,-4,-13,-4,-14,-2,-16,-3,-18,-1,-19,-2,-20,-1,-22,1,-23,1,-24,0,0,0,0,0,0,0,0,0,0
84,-64,4,0,0,0,0,0,0,0,0,0,-2,-8,-1,-10,-4,-9,-5,-9,-5,-9,-5,-9,-6,-7,-7,-8,-7,-9,-6,-9,-10,-10,-10,-10,-10,-10,-10,-12,-11,-11,-10,-12,-11,-11,-9,-13,-10,-13,-11,-15,-11,-15,-12,-16,-9,-15,-10,-16,-11,-17,-11,-17,0,0,-10,-18,-10,-17,-9,-18,-9,-18,-9,-17,-9,-17,-9,-18,-8,-17,-7,-17,-9,-14,-9,-17,-9,-14,-8,-16,-8,-14,-8,-14,-10,-15,-12,-14,-10,-15,-11,-13,-12,-16,-13,-16,-13,-18,-11,-18,-12,-20,-12,-20,-12,-22,0,0,0,0,0,0,0,0,0,0
84,-64,4,0,0,0,0,0,0,0,0,0,-13,-31,-13,-28,-15,-27,-17,-25,-15,-23,-14,-19,-16,-19,-15,-17,-18,-12,-17,-10,-19,-10,-17,-10,-19,-6,-17,-5,-18,-2,-18,1,-17,0,-15,-1,-16,1,-16,5,-16,1,-14,2,-16,3,-15,3,-13,6,-16,6,0,0,-12,2,-12,4,-11,3,-9,1,-8,-1,-10,0,-9,-2,-11,-3,-6,-3,-7,-6,-7,-8,-8,-11,-6,-12,-4,-15,-6,-18,-7,-17,-5,-21,-3,-24,-1,-25,1,-29,-1,-32,1,-32,3,-37,3,-39,7,-41,11,-43,0,0,0,0,0,0,0,0,0,0
84,-64,4,0,0,0,0,0,0,0,0,0,-5,28,-3,28,-2,29,0,27,2,26,2,24,3,22,4,19,5,19,7,18,8,19,9,19,9,15,10,15,9,14,12,12,11,10,12,10,12,8,12,9,14,7,14,8,11,7,13,7,14,8,11,7,0,0,12,6,13,6,12,6,13,7,11,8,10,7,9,9,8,8,9,9,9,11,10,11,5,12,4,14,4,14,5,15,2,17,2,21,2,18,-1,20,-2,22,-4,22,-5,25,-7,25,-8,26,-13,27,-13,26,0,0,0,0,0,0,0,0,0,0
84,-64,4,0,0,0,0,0,0,0,0,0,11,-35,6,-37,6,-42,2,-44,-1,-46,0,-42,-3,-46,0,-48,-7,-47,-11,-49,-18,-60,-18,-58,-12,-59,-16,-68,-19,-58,-23,-70,-19,-66,-21,-61,-14,-66,-22,-67,-16,-68,-19,-71,-12,-63,-12,-71,-19,-80,-18,-73,0,0,-17,-81,-20,-83,-25,-79,-5,-80,-11,-78,-4,-76,-21,-71,-1,-85,13,-57,-26,-56,-33,-67,-12,-66,-11,-56,-12,-64,-18,-65,-20,-70,-21,-70,-16,-60,-18,-57,-21,-60,-23,-62,-23,-62,-21,-58,-21,-70,-16,-62,-19,-61,0,0,0,0,0,0,0,0,0,0
84,-64,4,0,0,0,0,0,0,0,0,0,-3,25,0,22,-3,18,1,21,-1,18,2,16,2,16,6,13,5,13,7,7,9,10,9,10,11,7,12,8,11,8,13,8,13,7,11,4,14,7,13,6,15,9,15,5,15,7,16,5,15,3,13,7,0,0,13,8,12,2,12,2,13,4,11,2,11,2,9,-1,8,-3,9,-2,4,-3,6,-6,4,-11,3,-13,2,-13,4,-16,2,-15,1,-22,3,-23,4,-25,8,-29,8,-30,12,-35,14,-32,14,-39,15,-39,24,-41,0,0,0,0,0,0,0,0,0,0
84,-64,4,0,0,0,0,0,0,0,0,0,-2,12,-4,12,-2,13,1,13,0,12,1,8,2,10,4,9,4,13,5,9,8,12,8,11,7,13,9,13,9,13,14,14,10,16,9,15,12,17,10,17,10,18,11,19,10,16,9,17,11,21,9,20,0,0,8,20,10,22,8,20,8,21,6,18,7,19,9,18,7,18,7,18,6,14,8,14,6,12,8,14,10,13,10,12,11,10,16,13,14,14,14,12,18,13,17,15,18,15,20,17,20,20,19,24,19,25,0,0,0,0,0,0,0,0,0,0
84,-64,4,0,0,0,0,0,0,0,0,0,-22,-10,-22,-8,-20,-8,-22,-6,-20,-5,-18,-4,-18,-2,-16,-1,-16,0,-15,1,-15,3,-15,3,-14,4,-14,4,-12,5,-12,6,-11,7,-10,6,-11,8,-10,7,-10,8,-9,9,-9,8,-8,8,-9,10,-8,9,0,0,-7,8,-7,8,-7,8,-8,8,-7,7,-8,7,-10,6,-9,5,-10,5,-10,5,-11,3,-11,1,-12,2,-14,1,-12,-1,-15,-1,-17,-2,-16,-4,-17,-6,-17,-7,-18,-7,-19,-10,-18,-10,-19,-12,-20,-14,-19,-15,0,0,0,0,0,0,0,0,0,0
84,-64,4,0,0,0,0,0,0,0,0,0,-4,-8,-3,-8,-4,-9,-6,-8,-5,-8,-7,-8,-7,-9,-8,-10,-9,-9,-10,-8,-10,-10,-12,-10,-12,-11,-12,-12,-11,-12,-13,-12,-13,-13,-11,-13,-12,-14,-12,-14,-12,-14,-13,-16,-12,-14,-13,-15,-14,-16,-14,-17,0,0,-14,-17,-13,-17,-13,-17,-11,-17,-11,-17,-13,-16,-10,-17,-8,-13,-12,-9,-16,-14,-12,-16,-9,-12,-10,-15,-10,-13,-12,-12,-12,-13,-13,-14,-11,-14,-12,-12,-14,-13,-14,-13,-13,-13,-15,-13,-16,-14,-15,-13,-16,-15,0,0,0,0,0,0,0,0,0,0
84,-64,4,0,0,0,0,0,0,0,0,0,29,-7,26,-10,25,-10,29,-14,24,-12,23,-11,19,-12,16,-13,15,-13,16,-15,13,-17,12,-19,12,-19,9,-17,7,-17,6,-19,4,-16,3,-17,2,-17,1,-17,2,-16,-1,-17,1,-17,-3,-18,-1,-18,-1,-16,0,0,-1,-19,-1,-16,-2,-15,-1,-15,-2,-15,-1,-15,0,-20,11,-9,-11,-7,-10,-6,8,-15,8,-16,8,-17,10,-18,12,-15,12,-15,15,-17,14,-16,16,-15,18,-14,17,-14,22,-13,24,-13,25,-12,24,-13,30,-9,0,0,0,0,0,0,0,0,0,0
84,-64,4,0,0,0,0,0,0,0,0,0,-6,6,-4,8,-4,9,-5,11,-2,10,-3,10,0,11,-1,11,-1,10,1,13,1,14,1,16,2,15,0,17,1,18,0,19,0,19,0,17,-2,18,0,18,0,19,-1,20,-2,20,-2,20,-2,22,-4,21,0,0,-4,21,-4,21,-5,21,-4,21,-7,20,-6,20,-4,21,-6,18,-6,18,-5,18,-3,18,-4,15,-4,16,-2,17,-2,15,-1,18,-2,17,-1,16,0,18,1,17,2,19,1,20,1,20,-1,21,-2,23,-1,24,0,0,0,0,0,0,0,0,0,0
84,-64,4,0,0,0,0,0,0,0,0,0,1,3,1,5,4,3,3,4,3,5,2,5,4,5,3,4,5,4,7,5,6,7,7,6,8,6,8,7,6,7,8,9,7,7,6,8,8,8,7,8,7,9,8,10,6,11,8,8,8,10,8,10,0,0,7,13,5,11,7,10,6,11,6,11,5,11,7,10,6,9,4,10,5,9,5,10,5,8,6,9,5,8,5,7,6,8,7,7,6,7,7,8,6,8,7,8,8,8,8,9,9,11,6,10,8,10,0,0,0,0,0,0,0,0,0,0
84,-64,4,0,0,0,0,0,0,0,0,0,-1,-33,-2,-30,-3,-33,-6,-31,-7,-31,-6,-26,-9,-24,-10,-23,-12,-20,-11,-20,-12,-21,-14,-20,-14,-17,-15,-17,-15,-12,-18,-13,-16,-13,-16,-12,-18,-8,-16,-8,-18,-7,-16,-7,-19,-6,-18,-5,-18,-4,-16,-6,0,0,-18,-5,-18,-5,-19,-5,-14,-6,-15,-8,-17,-6,-17,-4,-16,-13,-2,13,-11,-12,-15,-15,-15,-14,-17,-16,-15,-11,-9,-18,-12,-17,-11,-23,-8,-25,-9,-24,-6,-27,-4,-29,-4,-31,-1,-31,0,-33,1,-32,5,-35,0,0,0,0,0,0,0,0,0,0
84,-64,4,0,0,0,0,0,0,0,0,0,-5,-6,-5,-6,-7,-6,-8,-5,-9,-5,-8,-5,-9,-5,-10,-5,-10,-5,-12,-5,-13,-6,-13,-6,-13,-6,-14,-6,-13,-7,-16,-7,-14,-8,-15,-7,-16,-8,-16,-8,-15,-8,-17,-9,-15,-10,-15,-10,-17,-11,-17,-11,0,0,-17,-11,-17,-12,-16,-11,-17,-11,-14,-12,-14,-11,-16,-12,-14,-12,-14,-12,-14,-11,-13,-10,-12,-10,-12,-11,-13,-9,-13,-9,-13,-8,-15,-8,-12,-8,-14,-8,-14,-8,-16,-7,-14,-8,-16,-8,-16,-9,-15,-10,-16,-9,0,0,0,0,0,0,0,0,0,0
84,-64,4,0,0,0,0,0,0,0,0,0,-8,-6,-9,-5,-9,-5,-10,-4,-11,-4,-11,-3,-12,-3,-11,-2,-13,-2,-13,-3,-15,-3,-15,-3,-16,-4,-17,-4,-17,-3,-19,-3,-18,-4,-18,-3,-18,-3,-19,-4,-19,-3,-20,-3,-18,-5,-20,-6,-22,-6,-21,-6,0,0,-21,-4,-21,-7,-20,-6,-22,-6,-19,-8,-19,-6,-20,-8,-18,-7,-19,-6,-16,-7,-18,-7,-16,-7,-17,-7,-16,-5,-15,-4,-15,-4,-17,-3,-16,-3,-16,-2,-15,-3,-16,-2,-15,-2,-16,-1,-16,-1,-17,-2,-17,-2,0,0,0,0,0,0,0,0,0,0
84,-64,4,0,0,0,0,0,0,0,0,0,8,19,9,17,10,17,11,16,10,14,11,12,10,12,11,10,10,9,11,7,12,6,12,5,12,4,12,4,11,4,12,2,12,2,11,1,10,0,11,1,11,0,11,-2,10,-2,10,-3,10,-3,9,-2,0,0,9,-3,10,-3,9,-2,11,-1,8,0,9,0,8,0,8,2,9,2,9,3,9,3,8,4,9,7,7,8,7,9,7,12,7,11,5,14,5,16,5,17,5,17,3,19,3,21,2,23,0,23,0,24,0,0,0,0,0,0,0,0,0,0
84,-64,4,0,0,0,0,0,0,0,0,0,-3,23,-1,20,-2,21,1,20,1,19,3,16,1,16,3,15,4,15,4,13,7,13,6,13,7,12,7,11,6,11,8,11,7,9,7,7,9,6,9,7,8,8,6,5,9,7,9,7,9,8,7,6,0,0,8,6,9,5,9,6,7,6,6,6,3,8,5,9,6,2,10,13,7,-8,5,4,-1,6,-3,13,-2,16,-4,12,-4,13,-4,14,-8,13,-9,13,-9,14,-12,16,-13,15,-16,13,-17,16,-19,12,-20,14,0,0,0,0,0,0,0,0,0,0
84,-64,4,0,0,0,0,0,0,0,0,0,-16,9,-13,9,-13,6,-11,7,-10,8,-9,7,-7,7,-7,8,-3,8,-3,8,-3,8,-2,7,-1,6,-1,8,0,8,1,9,1,6,3,6,2,6,3,7,3,6,4,5,2,5,2,5,4,6,4,6,0,0,5,4,2,4,5,3,3,2,3,1,2,2,1,1,-1,0,0,-1,0,-2,-3,-1,-3,-3,-5,-5,-6,-4,-6,-8,-8,-9,-9,-9,-10,-9,-10,-12,-8,-14,-11,-15,-10,-18,-12,-18,-11,-21,-10,-21,-10,-24,0,0,0,0,0,0,0,0,0,0
84,-64,4,0,0,0,0,0,0,0,0,0,12,17,13,16,12,15,15,13,13,12,12,11,14,8,12,8,12,6,13,5,14,5,14,3,13,3,13,0,12,0,14,-2,12,-2,10,-2,11,-3,11,-5,10,-3,10,-5,10,-3,11,-5,10,-6,10,-6,0,0,8,-5,10,-5,9,-5,10,-4,9,-4,8,-4,10,-3,9,-2,11,-1,10,0,11,0,9,0,11,4,11,3,12,6,12,7,12,7,12,12,12,11,11,13,11,13,12,17,13,18,11,17,9,21,11,22,0,0,0,0,0,0,0,0,0,0
84,-64,4,0,0,0,0,0,0,0,0,0,-14,22,-12,22,-10,21,-11,21,-7,21,-5,18,-3,19,-4,19,-3,17,0,16,-1,18,2,17,2,17,3,17,4,15,6,16,4,13,6,13,8,13,9,12,8,12,9,13,8,12,9,12,10,14,12,11,0,0,10,11,8,12,9,12,9,11,9,12,7,10,6,13,8,11,7,14,4,14,3,15,4,14,2,17,1,16,1,15,0,18,-3,17,-5,20,-6,18,-7,18,-9,18,-10,20,-10,20,-10,20,-15,20,-18,21,0,0,0,0,0,0,0,0,0,0
84,-64,4,0,0,0,0,0,0,0,0,0,19,4,18,2,18,4,20,1,16,0,16,1,16,-1,16,0,14,-3,15,-4,14,-5,15,-6,13,-5,13,-5,12,-5,12,-7,12,-6,9,-6,9,-6,9,-8,10,-8,10,-7,9,-7,8,-8,10,-8,9,-9,0,0,9,-7,9,-9,8,-11,12,-8,9,-7,10,-5,11,-8,10,-6,13,-15,-5,-8,9,-8,10,-1,12,2,14,1,13,1,12,2,17,2,14,4,14,7,12,6,14,7,14,10,13,11,14,12,12,14,12,16,0,0,0,0,0,0,0,0,0,0
84,-64,4,0,0,0,0,0,0,0,0,0,-8,6,-7,5,-7,6,-6,5,-6,7,-3,5,-3,5,-2,7,-2,5,0,7,0,8,1,7,1,8,0,9,1,8,2,11,1,11,1,11,1,11,1,10,1,12,2,12,0,12,-1,12,0,12,1,13,0,0,0,11,-1,11,0,11,-2,13,-1,11,-3,11,-1,9,-2,9,-1,8,-1,8,0,7,1,7,2,7,2,6,3,7,4,9,6,7,5,8,7,6,9,9,8,9,11,10,8,11,10,15,8,14,7,15,0,0,0,0,0,0,0,0,0,0
84,-64,4,0,0,0,0,0,0,0,0,0,25,-1,24,-3,24,-4,23,-7,21,-6,19,-6,16,-8,16,-8,15,-10,15,-10,14,-11,13,-14,12,-13,11,-13,9,-13,8,-15,6,-15,5,-12,6,-14,3,-15,4,-15,3,-14,2,-13,2,-15,2,-15,2,-15,0,0,1,-15,1,-15,1,-15,1,-15,2,-16,3,-14,1,-16,5,-15,4,-14,5,-13,6,-16,8,-12,8,-15,8,-14,11,-15,11,-15,14,-14,15,-13,15,-13,16,-12,19,-11,19,-10,22,-10,24,-10,24,-7,25,-6,0,0,0,0,0,0,0,0,0,0
84,-64,4,0,0,0,0,0,0,0,0,0,-27,-9,-24,-9,-25,-7,-23,-4,-22,-3,-20,-5,-20,-3,-20,-2,-19,1,-17,2,-18,3,-15,3,-16,4,-15,3,-13,5,-14,7,-14,5,-13,8,-10,9,-11,8,-9,10,-11,8,-11,8,-8,8,-11,10,-10,9,0,0,-9,10,-12,7,-9,7,-13,7,-12,7,-11,5,-11,8,-8,0,6,7,11,2,-12,-6,-17,-6,-16,-7,-14,-7,-12,-8,-10,-10,-17,-9,-12,-11,-14,-16,-12,-18,-13,-18,-14,-21,-12,-23,-10,-25,-8,-29,-7,-30,0,0,0,0,0,0,0,0,0,0
84,-64,4,0,0,0,0,0,0,0,0,0,-28,-10,-27,-8,-28,-5,-28,-2,-23,0,-20,-2,-20,-1,-19,1,-18,5,-14,5,-15,8,-13,6,-12,7,-11,9,-9,8,-8,11,-7,11,-6,12,-6,11,-5,13,-4,13,-2,16,-2,13,-1,14,-1,10,-1,12,0,0,0,12,-1,11,-2,10,-3,10,-5,8,-2,6,-5,6,-5,3,-4,2,-3,0,-8,0,-8,-2,-9,-7,-9,-6,-11,-11,-14,-14,-16,-15,-11,-17,-13,-20,-13,-22,-13,-25,-15,-27,-13,-31,-12,-32,-14,-38,-10,-39,0,0,0,0,0,0,0,0,0,0
84,-64,4,0,0,0,0,0,0,0,0,0,14,-20,13,-19,11,-20,10,-20,8,-19,8,-18,6,-18,5,-17,3,-18,2,-17,0,-17,-1,-17,-2,-17,-2,-17,-2,-17,-4,-17,-4,-15,-4,-14,-6,-15,-6,-14,-6,-13,-7,-14,-7,-12,-9,-14,-10,-13,-9,-13,0,0,-9,-12,-10,-12,-9,-13,-9,-12,-8,-11,-8,-13,-8,-13,-6,-14,-6,-15,-5,-15,-7,-14,-4,-15,-4,-16,-2,-17,-1,-17,-1,-18,1,-18,1,-18,4,-18,6,-19,6,-19,8,-21,8,-20,10,-21,12,-20,15,-19,0,0,0,0,0,0,0,0,0,0
84,-64,4,0,0,0,0,0,0,0,0,0,12,19,13,18,13,17,14,14,14,14,14,12,14,12,13,10,15,9,12,8,15,6,17,6,15,4,14,3,13,3,14,1,13,2,11,0,11,-2,14,0,10,1,16,-3,13,-5,11,-1,13,-6,10,-5,0,0,18,-4,11,-3,15,-4,14,-3,13,-2,11,-1,13,0,19,1,7,-5,16,-1,15,0,12,0,14,3,11,5,11,4,12,4,14,9,13,9,12,11,13,13,13,13,11,16,11,17,11,19,10,18,8,21,0,0,0,0,0,0,0,0,0,0
84,-64,4,0,0,0,0,0,0,0,0,0,0,9,1,8,3,9,4,7,4,10,4,8,6,9,6,8,8,9,8,10,8,11,9,11,9,12,9,12,8,12,12,13,10,13,11,13,12,14,11,16,10,15,11,16,8,15,9,17,11,18,9,18,0,0,9,19,10,18,8,18,9,19,5,17,8,19,7,19,6,17,5,18,5,16,6,16,3,13,4,13,4,14,5,13,6,12,6,13,6,12,6,11,8,10,9,11,9,11,10,13,10,13,11,13,10,12,0,0,0,0,0,0,0,0,0,0
84,-64,4,0,0,0,0,0,0,0,0,0,20,25,18,25,21,25,22,24,19,21,20,20,19,16,19,15,19,13,22,12,23,11,24,9,23,7,21,6,20,7,23,3,20,3,20,2,21,2,19,3,21,0,21,-1,20,-3,19,0,21,-2,19,-2,0,0,21,0,18,-3,18,-4,22,-1,19,0,22,4,24,-5,15,9,12,-1,-1,12,10,9,16,10,21,9,21,10,17,14,19,14,17,17,13,17,14,19,13,22,12,23,9,24,9,27,9,29,6,28,3,32,0,0,0,0,0,0,0,0,0,0
84,-64,4,0,0,0,0,0,0,0,0,0,-10,-6,-9,-4,-10,-4,-11,-3,-12,-3,-11,-2,-13,-3,-13,-3,-13,-2,-13,0,-15,0,-17,0,-18,-1,-18,-1,-17,-2,-20,-1,-19,-1,-18,-3,-19,-2,-20,-2,-21,-4,-22,-3,-19,-4,-21,-4,-23,-3,-22,-5,0,0,-20,-6,-22,-7,-23,-6,-22,-8,-20,-7,-22,-8,-21,-8,-19,-9,-20,-8,-18,-7,-18,-6,-15,-7,-17,-7,-15,-5,-15,-6,-15,-4,-16,-4,-16,-5,-14,-3,-15,-4,-17,-3,-16,-2,-16,-2,-18,-1,-17,-2,-16,-3,0,0,0,0,0,0,0,0,0,0
84,-64,4,0,0,0,0,0,0,0,0,0,3,-8,2,-9,2,-10,1,-11,1,-10,1,-11,-1,-11,0,-11,0,-12,-2,-12,-3,-14,-3,-15,-2,-15,-2,-16,-1,-16,-2,-18,-2,-17,1,-17,1,-18,0,-18,0,-18,0,-20,1,-18,1,-19,1,-20,1,-20,0,0,3,-20,2,-21,3,-20,4,-20,5,-19,5,-18,5,-19,6,-16,6,-18,5,-17,4,-17,4,-15,5,-16,3,-15,4,-14,4,-14,3,-13,2,-13,2,-14,2,-13,1,-13,3,-13,1,-13,0,-14,0,-13,1,-15,0,0,0,0,0,0,0,0,0,0
84,-64,4,0,0,0,0,0,0,0,0,0,-22,-13,-21,-10,-23,-11,-23,-8,-21,-6,-19,-6,-20,-2,-17,-4,-18,0,-18,-2,-17,0,-18,2,-17,3,-17,4,-14,4,-16,6,-13,7,-12,5,-12,6,-12,9,-13,8,-11,8,-12,8,-11,9,-11,10,-11,10,0,0,-10,9,-10,11,-9,10,-12,8,-11,8,-11,8,-11,8,-12,6,-12,6,-11,4,-13,4,-13,1,-16,1,-14,1,-15,-1,-17,0,-15,-2,-15,-6,-17,-5,-18,-8,-17,-8,-19,-12,-18,-13,-18,-16,-17,-17,-18,-17,0,0,0,0,0,0,0,0,0,0
84,-64,4,0,0,0,0,0,0,0,0,0,17,-14,16,-15,16,-16,13,-16,10,-17,9,-15,8,-15,7,-14,6,-15,6,-14,6,-15,4,-16,3,-14,2,-13,1,-13,-1,-16,-1,-15,-1,-12,-1,-13,-3,-13,-4,-13,-3,-12,-3,-13,-5,-14,-6,-14,-4,-14,0,0,-3,-12,-6,-13,-5,-12,-3,-11,-3,-13,-3,-10,-2,-13,-4,-12,-10,-10,-2,-14,-3,-16,1,-10,6,-12,5,-11,5,-13,4,-12,8,-15,10,-12,10,-12,11,-10,15,-10,16,-10,16,-9,18,-9,21,-7,20,-7,0,0,0,0,0,0,0,0,0,0
84,-64,4,0,0,0,0,0,0,0,0,0,3,23,3,21,3,22,6,21,7,21,6,17,8,17,8,16,9,14,10,14,12,14,13,11,13,11,12,11,11,10,14,8,12,7,13,7,13,6,12,5,13,5,13,4,14,3,15,3,16,2,15,2,0,0,15,1,15,2,15,2,14,3,14,2,14,3,15,3,13,4,15,3,13,6,13,7,13,6,13,9,12,8,10,10,12,12,11,11,10,13,9,14,8,17,10,15,6,18,5,19,4,21,2,22,2,22,0,0,0,0,0,0,0,0,0,0
84,-64,4,0,0,0,0,0,0,0,0,0,18,19,18,15,21,16,21,13,19,12,18,9,19,8,18,7,18,4,18,1,19,0,18,0,17,-3,17,-4,15,-7,16,-9,14,-8,13,-9,12,-10,11,-12,10,-11,10,-13,9,-12,8,-13,9,-15,8,-15,0,0,7,-14,6,-15,5,-15,6,-15,6,-14,7,-12,8,-14,8,-13,7,-14,8,-13,8,-11,8,-12,10,-10,11,-10,11,-11,13,-11,14,-10,15,-10,16,-9,19,-7,19,-8,22,-6,22,-4,25,-4,35,-1,12,8,0,0,0,0,0,0,0,0,0,0
84,-64,4,0,0,0,0,0,0,0,0,0,21,-10,20,-12,20,-12,19,-13,16,-14,15,-12,13,-13,14,-13,12,-13,10,-14,8,-16,8,-16,5,-16,4,-16,4,-15,2,-17,3,-17,2,-15,0,-15,0,-16,-1,-14,-3,-14,0,-16,-4,-15,-4,-16,-3,-14,0,0,-4,-16,-4,-15,-4,-16,-4,-13,-2,-13,-5,-13,0,-16,-3,-14,-9,-18,1,-19,1,-18,2,-17,0,-16,0,-14,6,-15,3,-15,10,-15,6,-13,8,-14,10,-15,13,-16,13,-14,15,-15,16,-11,17,-12,17,-11,0,0,0,0,0,0,0,0,0,0
84,-64,4,0,0,0,0,0,0,0,0,0,-17,14,-16,13,-15,16,-13,16,-13,14,-12,13,-9,13,-7,13,-9,14,-3,14,-3,13,-4,14,-2,12,-1,13,0,10,1,13,1,12,1,12,4,10,5,10,4,10,3,11,6,9,5,10,8,9,6,9,0,0,5,10,6,8,5,9,6,10,4,9,5,10,1,8,0,8,1,8,0,7,-2,9,-3,9,-3,7,-5,5,-7,8,-7,7,-12,9,-13,8,-13,4,-15,6,-17,5,-19,3,-20,5,-22,3,-24,1,-24,1,0,0,0,0,0,0,0,0,0,0
84,-64,4,0,0,0,0,0,0,0,0,0,-24,-10,-24,-9,-23,-9,-25,-6,-23,-5,-20,-4,-22,-1,-19,0,-19,0,-19,1,-20,4,-19,3,-18,4,-18,5,-15,6,-16,8,-15,8,-15,9,-14,10,-13,9,-13,10,-11,13,-13,9,-13,14,-11,14,-11,12,0,0,-9,12,-11,13,-11,14,-8,14,-10,9,-10,11,-15,14,-17,9,-10,14,-19,10,-16,9,-15,10,-13,8,-12,11,-15,10,-15,8,-18,6,-16,4,-19,4,-21,0,-20,1,-19,0,-21,-4,-22,-5,-21,-7,-21,-7,0,0,0,0,0,0,0,0,0,0
84,-64,4,0,0,0,0,0,0,0,0,0,17,-13,16,-12,16,-14,14,-16,12,-13,12,-13,10,-13,9,-13,8,-15,7,-14,5,-14,5,-16,4,-16,2,-14,1,-13,0,-15,1,-14,-1,-13,-1,-13,-3,-13,-2,-13,-3,-12,-2,-12,-4,-12,-5,-14,-5,-13,0,0,-4,-12,-4,-11,-5,-12,-4,-13,-3,-12,-2,-10,-5,-12,0,-11,0,-13,-1,-10,1,-12,3,-11,3,-12,4,-12,6,-11,6,-10,7,-10,10,-11,9,-10,12,-9,11,-9,16,-8,14,-7,16,-7,18,-4,19,-5,0,0,0,0,0,0,0,0,0,0
84,-64,4,0,0,0,0,0,0,0,0,0,-4,25,-3,24,-2,23,0,24,0,21,1,19,2,18,3,18,5,17,6,15,8,16,9,16,9,15,9,15,9,12,11,12,11,10,10,9,11,10,11,9,11,9,13,8,11,7,12,6,14,6,14,6,0,0,13,7,14,6,12,7,12,8,11,8,11,8,11,8,10,8,10,9,8,10,8,10,7,10,7,12,6,12,2,12,3,14,2,15,0,16,-1,16,-3,16,-5,17,-5,17,-7,19,-9,20,-12,20,-14,19,0,0,0,0,0,0,0,0,0,0
84,-64,4,0,0,0,0,0,0,0,0,0,-14,-31,-16,-31,-16,-28,-19,-27,-19,-25,-18,-22,-19,-20,-19,-20,-19,-18,-20,-15,-21,-12,-24,-10,-24,-9,-24,-11,-24,-8,-24,-6,-22,-6,-20,-4,-23,-3,-25,-4,-20,-1,-23,1,-19,-1,-21,-1,-24,3,-21,4,0,0,-23,2,-20,4,-20,1,-19,3,-16,0,-22,1,-23,-1,-16,-6,-9,27,-11,11,-22,-10,-21,-14,-18,-11,-16,-10,-17,-10,-18,-13,-18,-15,-13,-14,-14,-18,-13,-20,-16,-23,-8,-27,-10,-27,-11,-30,-7,-29,-4,-30,0,0,0,0,0,0,0,0,0,0
84,-64,4,0,0,0,0,0,0,0,0,0,23,-2,22,-3,20,-5,19,-7,18,-7,17,-8,16,-7,13,-8,14,-10,12,-8,13,-10,11,-12,11,-10,10,-12,9,-12,8,-13,7,-12,5,-13,5,-13,5,-13,6,-11,4,-14,5,-12,4,-13,5,-14,3,-15,0,0,3,-14,3,-13,3,-13,2,-13,2,-11,4,-12,4,-11,5,-11,5,-11,6,-10,7,-9,7,-9,9,-8,10,-8,10,-7,10,-6,12,-7,13,-4,14,-3,13,-1,16,-1,17,1,17,2,17,2,17,4,18,7,0,0,0,0,0,0,0,0,0,0
84,-64,4,0,0,0,0,0,0,0,0,0,31,9,30,8,31,7,32,4,30,2,27,2,28,1,25,-2,27,-4,25,-3,25,-6,22,-9,24,-10,21,-10,20,-9,19,-15,17,-13,13,-14,17,-13,18,-13,16,-20,17,-18,20,-12,16,-10,14,-23,13,-14,0,0,10,-17,9,-20,14,-20,12,-18,14,-16,14,-19,11,-18,13,-18,13,-18,19,-11,16,-15,20,-11,20,-13,17,-10,19,-6,19,-7,22,-6,24,-6,22,-2,24,-2,26,1,25,2,26,4,27,6,26,9,29,12,0,0,0,0,0,0,0,0,0,0
84,-64,4,0,0,0,0,0,0,0,0,0,19,12,19,11,20,9,21,7,20,7,18,5,18,5,16,4,17,2,15,1,18,0,18,-2,16,-2,16,-2,16,-3,16,-5,15,-5,13,-5,13,-6,13,-7,13,-8,13,-7,12,-6,13,-8,13,-9,12,-9,0,0,13,-9,12,-10,12,-10,13,-9,10,-8,12,-8,13,-7,13,-5,13,-5,12,-4,13,-4,12,-2,14,-1,14,-1,14,0,15,1,14,3,14,4,13,7,14,7,14,9,14,11,13,13,13,14,12,15,11,17,0,0,0,0,0,0,0,0,0,0
84,-64,4,0,0,0,0,0,0,0,0,0,-17,-19,-17,-16,-18,-15,-19,-15,-18,-12,-16,-11,-16,-10,-15,-8,-15,-8,-17,-6,-16,-4,-16,-4,-18,-2,-16,-3,-16,-1,-17,1,-15,2,-14,0,-15,2,-14,3,-15,5,-13,4,-14,3,-14,5,-15,5,-13,4,0,0,-14,3,-13,4,-13,4,-12,4,-13,1,-12,2,-10,2,-10,0,-12,-1,-8,-2,-8,-5,-7,-4,-6,-6,-5,-7,-4,-9,-3,-11,-3,-13,0,-15,-1,-15,1,-17,2,-19,5,-18,7,-20,8,-23,13,-22,13,-22,0,0,0,0,0,0,0,0,0,0
84,-64,4,0,0,0,0,0,0,0,0,0,-2,23,-1,23,0,21,2,22,3,19,4,19,3,18,4,17,4,17,6,16,7,16,9,16,9,15,10,14,10,13,10,14,8,14,10,9,3,5,23,32,15,18,9,13,11,8,12,7,13,10,12,9,0,0,12,10,12,8,12,9,11,9,10,9,9,11,11,9,8,12,9,12,9,10,8,11,6,12,5,14,6,15,2,14,1,15,1,15,-3,16,-2,15,-6,15,-6,15,-9,16,-9,17,-9,17,-12,17,-15,16,0,0,0,0,0,0,0,0,0,0
84,-64,4,0,0,0,0,0,0,0,0,0,11,4,12,5,11,2,11,1,12,0,11,1,11,2,11,-2,10,0,11,-2,13,-2,13,-2,14,-2,14,-2,14,-2,15,-3,14,-1,14,-2,16,-2,14,1,16,0,17,-1,15,1,18,0,17,1,18,3,0,0,17,3,16,3,17,4,16,4,14,6,14,6,13,6,14,5,13,5,11,5,10,4,9,5,9,3,9,4,8,1,7,1,9,0,11,1,8,-1,8,-3,10,-2,9,-5,11,-4,13,-4,12,-4,14,-4,0,0,0,0,0,0,0,0,0,0
84,-64,4,0,0,0,0,0,0,0,0,0,-11,0,-9,2,-9,3,-9,4,-8,3,-7,4,-6,4,-8,4,-8,4,-7,7,-7,7,-9,7,-8,7,-8,9,-8,9,-8,9,-8,9,-9,8,-10,11,-9,10,-7,10,-9,10,-8,10,-9,9,-10,10,-11,9,0,0,-11,11,-12,9,-9,12,-11,6,-9,8,-10,7,-9,11,-10,6,-13,-6,-5,4,-11,6,-5,5,-5,7,-6,7,-6,6,-4,6,-2,5,0,6,-2,5,0,5,0,10,-1,8,2,10,2,10,0,10,0,11,0,0,0,0,0,0,0,0,0,0
84,-64,4,0,0,0,0,0,0,0,0,0,-16,17,-14,17,-14,17,-13,18,-10,17,-9,16,-8,18,-7,15,-6,17,-4,17,-2,17,-3,17,-2,16,-2,16,0,16,2,15,2,14,2,14,4,14,4,14,3,13,7,14,5,14,5,14,7,15,6,13,0,0,6,12,6,12,7,12,6,13,5,12,5,12,4,13,3,14,3,12,2,13,0,13,-1,12,-2,13,-2,12,-3,11,-4,14,-5,15,-8,12,-9,13,-10,12,-11,12,-12,12,-14,12,-16,10,-16,10,-19,8,0,0,0,0,0,0,0,0,0,0
84,-64,4,0,0,0,0,0,0,0,0,0,16,5,13,5,15,3,14,4,13,3,16,3,14,1,16,-1,16,0,14,0,17,-2,20,-2,19,-2,20,-2,19,-2,21,1,22,0,20,1,24,1,20,2,22,3,23,4,21,5,25,4,25,5,25,3,0,0,24,7,22,9,21,10,21,6,18,11,21,7,20,11,17,11,8,-12,17,10,20,6,19,2,15,6,12,3,11,2,12,1,14,3,12,3,15,3,12,2,15,1,15,0,17,-1,20,-1,20,-2,21,0,0,0,0,0,0,0,0,0,0,0
84,-64,4,0,0,0,0,0,0,0,0,0,-9,28,-8,27,-6,28,-5,27,-4,27,-3,23,-1,23,1,23,2,23,3,22,4,21,6,23,8,22,7,20,8,19,10,20,9,17,9,17,11,15,10,16,10,15,13,16,10,15,12,15,15,14,14,15,0,0,13,16,12,14,13,15,12,13,12,13,10,15,11,16,10,15,10,17,8,16,6,16,4,16,3,18,4,18,1,18,0,19,-3,19,-3,19,-4,19,-9,18,-9,19,-12,18,-13,18,-16,19,-18,16,-20,18,0,0,0,0,0,0,0,0,0,0
84,-64,4,0,0,0,0,0,0,0,0,0,-24,22,-21,22,-22,26,-16,27,-17,22,-13,23,-10,23,-10,23,-9,23,-6,20,-7,22,-2,24,-2,22,2,21,0,21,4,23,4,18,4,19,4,18,4,21,8,20,8,19,6,15,9,17,10,17,6,20,0,0,10,17,12,17,11,15,7,17,12,19,5,17,8,13,15,18,1,9,12,20,7,19,4,16,-5,12,-2,15,-5,17,-5,17,-10,19,-14,16,-17,13,-17,11,-19,16,-22,12,-24,13,-28,11,-27,11,-30,9,0,0,0,0,0,0,0,0,0,0
84,-64,4,0,0,0,0,0,0,0,0,0,0,-25,-1,-24,-1,-25,-5,-24,-4,-23,-5,-21,-5,-21,-7,-19,-8,-18,-9,-16,-9,-19,-11,-16,-11,-17,-11,-17,-12,-13,-13,-14,-13,-13,-13,-12,-14,-11,-14,-11,-15,-11,-16,-10,-13,-10,-14,-9,-16,-10,-16,-10,0,0,-15,-8,-15,-8,-15,-8,-17,-8,-15,-12,-16,-8,-13,-9,-13,-10,-4,-14,-5,-13,-9,-12,-8,-12,-10,-14,-10,-14,-8,-15,-8,-16,-7,-15,-5,-17,-4,-16,-4,-18,-2,-18,1,-18,1,-20,5,-20,6,-20,7,-21,0,0,0,0,0,0,0,0,0,0
84,-64,4,0,0,0,0,0,0,0,0,0,21,1,18,-2,19,-1,17,-3,17,-3,15,-2,13,-4,12,-4,12,-5,12,-5,12,-7,13,-8,12,-8,12,-8,10,-8,11,-10,10,-8,10,-9,9,-9,10,-8,10,-9,10,-10,9,-8,10,-9,10,-10,11,-9,0,0,9,-7,8,-8,9,-8,8,-8,8,-6,7,-5,6,-5,7,-4,6,-2,4,-3,3,-2,1,0,2,1,-2,1,-4,2,-5,3,-8,3,-7,2,-9,2,-12,1,-14,1,-17,0,-17,-2,-18,-3,-21,-4,-21,-7,0,0,0,0,0,0,0,0,0,0
84,-64,4,0,0,0,0,0,0,0,0,0,-33,20,-28,20,-31,19,-26,24,-26,24,-22,22,-20,22,-20,21,-17,23,-16,22,-16,23,-12,25,-10,24,-12,27,-8,24,-7,25,-5,23,-4,24,-3,24,0,24,-3,24,0,26,-1,22,1,23,2,25,1,26,0,0,2,22,0,25,2,22,1,24,1,21,0,25,3,20,-3,24,-14,11,-6,23,-1,22,-6,21,-10,22,-11,23,-12,19,-15,16,-15,20,-18,16,-20,16,-22,13,-21,12,-28,13,-27,9,-29,8,-31,4,-34,4,0,0,0,0,0,0,0,0,0,0
84,-64,4,0,0,0,0,0,0,0,0,0,-4,12,-3,12,-3,13,-2,13,-2,14,-1,13,0,15,-1,15,0,16,0,16,0,17,2,18,1,19,0,19,0,18,2,20,1,20,0,20,1,21,0,21,1,22,1,23,-2,21,-1,24,-1,25,-3,24,0,0,-3,24,-3,24,-3,24,-4,25,-6,23,-6,23,-4,22,-6,22,-6,21,-5,21,-5,21,-6,17,-5,18,-6,18,-5,16,-4,17,-3,17,-2,14,-1,14,-3,15,-2,15,0,15,0,15,-1,15,-1,16,0,15,0,0,0,0,0,0,0,0,0,0
84,-64,4,0,0,0,0,0,0,0,0,0,-55,-59,-54,-53,-65,-46,-71,-50,-69,-41,-60,-30,-65,-29,-54,-25,-64,-17,-64,-12,-61,-19,-69,-11,-65,-9,-64,-9,-49,-1,-64,4,-59,3,-50,3,-53,13,-54,9,-54,13,-62,21,-53,8,-57,20,-56,15,-60,16,0,0,-46,16,-59,20,-54,19,-59,22,-61,14,-57,11,-59,21,-63,17,-58,-46,-49,17,-49,13,-45,4,-47,-3,-53,3,-52,15,-49,-1,-64,0,-56,-9,-52,-10,-60,-23,-55,-15,-64,-28,-59,-32,-52,-37,-46,-43,-44,-47,0,0,0,0,0,0,0,0,0,0
84,-64,4,0,0,0,0,0,0,0,0,0,25,20,25,17,23,15,26,13,25,10,24,10,23,7,22,6,24,5,21,2,22,1,24,-1,23,-1,23,-3,21,-4,22,-6,20,-7,19,-8,18,-11,18,-9,16,-11,17,-13,15,-11,18,-14,17,-16,15,-15,0,0,17,-16,15,-14,16,-14,14,-15,11,-11,17,-16,16,-10,8,-22,36,-20,31,-16,16,-16,16,-8,19,-6,15,-6,17,-3,21,-3,16,0,20,3,21,2,19,5,20,7,20,9,22,10,22,11,22,15,22,15,0,0,0,0,0,0,0,0,0,0
84,-64,4,0,0,0,0,0,0,0,0,0,-17,-17,-18,-14,-18,-15,-19,-12,-18,-11,-17,-9,-17,-9,-16,-7,-18,-6,-18,-5,-18,-3,-19,-3,-17,0,-17,0,-13,1,-17,2,-14,2,-14,2,-14,5,-14,3,-14,3,-14,6,-14,3,-13,5,-13,7,-14,5,0,0,-12,6,-13,5,-13,4,-13,5,-11,3,-12,3,-11,4,-11,2,-11,-1,-9,0,-9,-1,-10,-3,-9,-5,-10,-6,-8,-8,-6,-10,-7,-11,-6,-12,-5,-14,-2,-15,-3,-17,-1,-18,0,-20,0,-22,3,-22,4,-21,0,0,0,0,0,0,0,0,0,0
84,-64,4,0,0,0,0,0,0,0,0,0,-15,-3,-15,-3,-16,-1,-15,1,-14,-1,-12,-1,-13,1,-13,2,-14,0,-13,1,-13,3,-15,4,-14,3,-13,3,-14,5,-16,6,-15,5,-16,6,-15,4,-16,4,-16,5,-18,5,-18,3,-16,3,-17,2,-18,2,0,0,-19,0,-17,-1,-15,1,-16,1,-15,0,-14,-2,-14,-1,-13,-2,-11,-1,-12,-3,-10,-2,-9,-2,-9,0,-6,2,-7,2,-4,3,-7,4,-4,5,-4,7,-7,8,-3,9,-6,12,-8,12,-9,14,-11,13,-14,14,0,0,0,0,0,0,0,0,0,0
84,-64,4,0,0,0,0,0,0,0,0,0,23,6,22,9,23,4,26,5,22,0,22,3,18,1,19,0,18,2,16,-3,20,-3,24,-4,23,-4,21,-5,24,-6,24,-9,24,-5,24,-5,23,-7,26,-5,25,-4,27,-7,25,-2,30,-6,29,-4,29,-2,0,0,27,0,28,-2,30,0,23,2,18,4,23,4,25,7,18,1,35,-12,29,-5,20,-2,15,4,8,1,8,-1,9,-1,7,-6,5,-7,4,-8,3,-8,5,-14,4,-15,10,-16,11,-18,16,-23,16,-24,18,-26,0,0,0,0,0,0,0,0,0,0
84,-64,4,0,0,0,0,0,0,0,0,0,-12,6,-12,5,-11,6,-11,8,-12,8,-12,8,-11,8,-10,9,-12,9,-11,10,-12,12,-12,13,-12,13,-13,13,-14,12,-14,15,-14,13,-15,13,-15,13,-15,13,-16,13,-17,14,-16,12,-18,15,-19,15,-19,14,0,0,-21,13,-20,14,-20,12,-21,12,-20,11,-20,10,-22,10,-20,9,-20,9,-19,8,-18,8,-17,6,-18,7,-18,8,-14,5,-15,8,-15,7,-14,7,-13,5,-13,6,-11,7,-12,6,-13,8,-12,10,-12,9,-13,9,0,0,0,0,0,0,0,0,0,0
84,-64,4,0,0,0,0,0,0,0,0,0,18,-17,16,-18,17,-19,14,-20,13,-19,11,-18,8,-18,8,-18,7,-19,6,-19,4,-21,3,-20,3,-19,2,-18,1,-19,0,-20,-2,-18,-1,-17,-2,-18,-2,-17,-5,-17,-5,-17,-4,-16,-6,-16,-6,-17,-7,-18,0,0,-7,-17,-7,-17,-8,-19,-5,-15,-5,-17,-5,-16,-5,-18,-4,-17,4,-7,-4,-15,0,-22,1,-19,0,-19,0,-19,2,-17,3,-19,7,-16,7,-15,8,-15,12,-16,10,-14,11,-15,14,-13,16,-12,17,-12,18,-11,0,0,0,0,0,0,0,0,0,0
84,-64,4,0,0,0,0,0,0,0,0,0,15,0,16,-1,15,-1,14,-3,15,-3,12,-4,12,-4,11,-4,12,-6,12,-7,12,-9,13,-8,14,-8,14,-8,14,-8,16,-11,15,-8,15,-8,15,-9,16,-8,16,-8,17,-8,16,-7,18,-8,19,-8,17,-8,0,0,19,-7,18,-5,19,-5,18,-5,18,-2,17,-2,17,-3,15,-1,16,-1,13,-2,13,-1,12,-1,10,-1,7,-2,7,-2,8,-4,7,-5,7,-5,7,-7,8,-9,6,-9,7,-9,8,-13,9,-13,10,-13,12,-13,0,0,0,0,0,0,0,0,0,0
84,-64,4,0,0,0,0,0,0,0,0,0,-28,-1,-28,0,-27,1,-29,3,-25,4,-25,5,-23,4,-21,7,-20,6,-20,9,-19,13,-15,13,-15,14,-15,13,-14,12,-13,17,-12,15,-13,14,-12,17,-11,14,-8,17,-9,16,-7,15,-8,16,-5,15,-9,15,0,0,-7,17,-6,14,-6,16,-6,15,-9,15,-8,15,-7,18,-11,5,13,6,7,7,-11,5,-13,5,-15,8,-16,10,-12,7,-15,4,-17,6,-16,1,-20,-1,-19,-2,-21,-2,-20,-5,-20,-6,-22,-7,-23,-11,-23,-13,0,0,0,0,0,0,0,0,0,0
84,-64,4,0,0,0,0,0,0,0,0,0,-11,1,-10,0,-10,2,-10,3,-10,4,-10,4,-12,4,-9,4,-10,6,-11,5,-10,7,-11,7,-10,8,-13,8,-12,7,-13,9,-14,8,-13,7,-14,9,-14,8,-15,7,-16,8,-16,6,-16,6,-18,7,-16,8,0,0,-18,5,-19,5,-18,5,-18,4,-16,2,-18,2,-18,2,-15,2,-17,1,-13,1,-14,1,-13,1,-14,1,-11,2,-11,0,-10,2,-10,4,-10,4,-10,5,-11,6,-12,5,-12,6,-11,7,-13,8,-12,9,-15,9,0,0,0,0,0,0,0,0,0,0
84,-64,4,0,0,0,0,0,0,0,0,0,-21,-13,-21,-12,-21,-10,-23,-9,-21,-8,-18,-6,-21,-5,-18,-4,-19,-2,-18,0,-20,0,-18,0,-17,2,-17,2,-17,3,-16,5,-14,4,-15,6,-15,6,-14,8,-14,7,-13,10,-13,6,-13,8,-14,10,-12,9,0,0,-14,9,-12,9,-12,10,-13,9,-14,7,-11,8,-13,7,-13,6,-14,5,-13,3,-13,4,-13,1,-13,0,-13,-1,-15,-1,-15,-3,-15,-4,-14,-6,-15,-7,-15,-9,-15,-10,-16,-11,-15,-13,-14,-15,-12,-17,-12,-19,0,0,0,0,0,0,0,0,0,0
84,-64,4,0,0,0,0,0,0,0,0,0,9,13,9,8,9,10,10,9,10,9,10,7,10,6,9,8,9,5,9,5,12,6,12,4,12,3,13,6,12,3,13,4,12,4,13,4,14,4,14,5,13,5,14,3,12,5,14,7,16,7,16,9,0,0,14,8,15,9,13,7,12,8,10,9,10,8,11,8,7,8,8,7,7,7,4,4,5,4,5,2,6,2,4,0,5,-2,7,-3,7,-3,6,-5,9,-6,10,-7,15,-9,13,-7,15,-7,17,-5,17,-5,0,0,0,0,0,0,0,0,0,0
84,-64,4,0,0,0,0,0,0,0,0,0,12,7,13,6,13,5,14,4,14,4,12,3,12,2,12,1,11,1,11,0,12,-2,12,-2,11,-3,10,-3,10,-4,11,-4,10,-4,10,-4,9,-5,9,-5,9,-5,10,-6,8,-5,9,-7,8,-7,8,-6,0,0,9,-6,9,-7,9,-7,9,-6,9,-5,9,-5,9,-7,9,-5,9,-5,9,-4,9,-4,9,-2,10,-3,10,-2,10,0,10,-1,11,1,10,2,10,2,11,4,10,4,10,6,9,6,10,7,9,8,9,9,0,0,0,0,0,0,0,0,0,0
84,-64,4,0,0,0,0,0,0,0,0,0,23,8,23,8,23,7,25,4,22,3,21,2,20,2,19,1,19,-1,17,-2,18,-4,17,-5,17,-5,16,-8,16,-6,17,-10,15,-8,13,-10,13,-9,14,-10,12,-11,12,-11,10,-10,11,-11,13,-13,13,-14,0,0,12,-12,11,-13,11,-13,11,-12,11,-11,12,-12,12,-11,11,-9,13,-8,11,-7,14,-7,13,-5,14,-3,15,-4,13,-2,14,-1,17,0,18,3,16,3,16,6,16,8,16,9,16,11,16,13,15,14,14,16,0,0,0,0,0,0,0,0,0,0
84,-64,4,0,0,0,0,0,0,0,0,0,5,8,6,8,5,10,6,9,6,8,5,8,8,8,6,8,8,8,8,9,10,9,12,8,11,9,11,10,11,10,13,11,12,10,11,10,10,12,13,11,11,12,11,12,11,12,12,12,13,13,13,13,0,0,12,13,13,14,13,15,12,15,10,14,10,15,10,15,8,14,8,15,8,14,9,14,8,13,7,13,7,12,5,11,6,10,7,9,6,9,5,9,6,9,6,8,7,9,5,8,8,7,7,7,7,8,0,0,0,0,0,0,0,0,0,0
84,-64,4,0,0,0,0,0,0,0,0,0,10,18,11,15,11,16,13,14,9,12,10,12,11,9,11,9,10,9,12,7,12,5,12,6,13,2,12,4,10,2,13,1,11,1,12,1,11,0,12,1,12,0,13,-2,11,-2,13,-1,13,0,12,-1,0,0,12,-1,11,-1,12,-1,11,1,10,1,9,0,9,1,8,1,6,1,4,1,4,4,2,3,2,5,0,7,-1,6,-3,6,-5,6,-6,7,-9,5,-10,6,-12,8,-13,7,-15,6,-18,5,-18,4,-21,3,0,0,0,0,0,0,0,0,0,0
84,-64,4,0,0,0,0,0,0,0,0,0,23,-8,22,-9,22,-9,21,-12,19,-10,17,-9,14,-11,16,-11,13,-12,13,-12,11,-15,11,-16,9,-16,8,-15,8,-16,8,-18,6,-15,5,-15,4,-16,4,-16,4,-18,4,-16,2,-17,1,-17,2,-18,1,-17,0,0,1,-17,1,-18,0,-18,1,-17,3,-16,2,-15,3,-15,3,-14,3,-16,5,-14,4,-14,6,-16,9,-14,7,-14,10,-14,10,-12,9,-12,13,-10,13,-9,16,-9,15,-8,16,-7,17,-6,18,-4,19,-2,21,-2,0,0,0,0,0,0,0,0,0,0
84,-64,4,0,0,0,0,0,0,0,0,0,5,8,5,7,7,7,7,6,6,6,6,5,5,4,6,5,6,4,7,2,6,2,6,2,6,1,6,1,6,1,6,-1,5,-1,6,0,7,0,6,-1,5,-1,6,0,6,-2,6,-1,6,-1,6,-1,0,0,6,-1,6,-2,5,-1,6,-3,5,-2,6,-1,4,0,6,0,5,1,5,-1,4,0,4,2,3,3,3,2,4,2,3,3,5,4,5,4,1,5,1,5,2,7,0,6,1,8,0,7,0,7,-2,7,0,0,0,0,0,0,0,0,0,0
84,-64,4,0,0,0,0,0,0,0,0,0,3,-11,2,-11,1,-12,1,-12,1,-13,0,-11,-1,-13,-2,-13,-1,-13,-3,-14,-2,-15,-4,-16,-3,-16,-4,-16,-3,-16,-5,-18,-4,-17,-1,-16,-2,-19,-2,-18,-3,-19,-2,-20,-2,-19,-3,-20,-3,-21,-1,-22,0,0,-1,-22,-2,-21,0,-22,0,-22,1,-19,2,-20,1,-19,2,-20,2,-18,1,-17,0,-16,2,-15,2,-16,1,-15,-1,-14,0,-14,-1,-13,0,-13,-2,-12,-1,-14,-3,-11,-4,-13,-3,-15,-3,-13,-5,-14,-5,-14,0,0,0,0,0,0,0,0,0,0
84,-64,4,0,0,0,0,0,0,0,0,0,6,11,7,10,7,10,8,10,9,8,7,8,8,8,10,8,11,7,10,8,12,8,14,9,13,7,14,9,12,10,17,10,14,9,13,11,14,10,14,11,15,11,15,11,14,14,13,15,15,15,14,14,0,0,13,15,14,15,13,16,12,16,10,15,10,17,9,17,7,16,8,15,8,14,5,12,3,10,5,12,6,10,6,11,6,7,7,9,7,6,8,7,9,8,10,7,10,7,11,7,12,8,12,9,13,10,0,0,0,0,0,0,0,0,0,0
84,-64,4,0,0,0,0,0,0,0,0,0,-15,-9,-17,-9,-15,-7,-16,-9,-14,-5,-14,-4,-16,-5,-13,-2,-14,-2,-13,0,-15,0,-14,1,-13,1,-13,4,-12,3,-12,3,-11,5,-10,2,-9,6,-9,4,-12,7,-8,8,-8,6,-6,10,-9,11,-11,10,0,0,-7,11,-6,7,-5,8,-9,8,-5,8,-7,5,-6,12,-4,10,-21,12,4,7,-7,13,-5,6,-6,1,-10,5,-8,7,-10,6,-12,3,-14,4,-12,1,-15,2,-15,1,-14,-3,-13,-1,-14,-1,-13,-2,-16,-5,0,0,0,0,0,0,0,0,0,0
84,-64,4,0,0,0,0,0,0,0,0,0,-7,18,-5,18,-4,18,-4,18,-2,17,-2,16,0,16,0,14,1,15,2,13,3,14,3,13,4,14,5,13,5,11,8,12,6,11,6,8,7,9,8,10,8,8,8,7,9,7,9,7,9,8,10,8,0,0,9,7,10,7,9,7,9,9,7,8,8,7,7,7,6,7,6,9,5,8,4,9,2,9,1,10,1,10,0,10,0,11,-2,13,-5,11,-5,11,-6,11,-7,11,-9,12,-12,11,-13,10,-13,10,-15,10,0,0,0,0,0,0,0,0,0,0
84,-64,4,0,0,0,0,0,0,0,0,0,-7,21,-6,21,-7,21,-4,22,-3,22,-1,18,-2,18,-1,18,1,16,1,17,2,18,4,17,4,16,4,15,3,14,7,16,6,13,6,14,6,14,5,12,7,13,9,12,7,12,10,12,9,12,8,13,0,0,8,12,9,12,7,14,8,12,5,12,10,14,4,14,0,13,-1,10,-7,22,4,17,4,10,0,12,-3,14,-3,13,-3,15,-7,13,-9,15,-9,11,-11,11,-12,11,-13,11,-15,8,-16,10,-16,7,-19,5,0,0,0,0,0,0,0,0,0,0
84,-64,4,0,0,0,0,0,0,0,0,0,-8,-8,-7,-8,-9,-8,-10,-7,-9,-6,-9,-5,-10,-5,-9,-4,-12,-4,-11,-4,-13,-5,-14,-4,-13,-5,-14,-5,-14,-5,-16,-5,-14,-6,-15,-6,-15,-6,-16,-8,-16,-7,-17,-6,-15,-6,-17,-8,-18,-9,-16,-9,0,0,-17,-8,-17,-10,-17,-10,-16,-10,-14,-11,-14,-10,-14,-11,-13,-11,-13,-12,-10,-8,-12,-9,-10,-8,-9,-8,-11,-7,-9,-7,-10,-7,-11,-5,-10,-6,-10,-3,-9,-3,-10,-3,-11,-3,-12,-3,-13,-3,-13,-3,-13,-3,0,0,0,0,0,0,0,0,0,0
84,-64,4,0,0,0,0,0,0,0,0,0,-17,-26,-17,-24,-18,-24,-21,-22,-20,-20,-18,-18,-21,-17,-20,-16,-20,-14,-20,-12,-23,-13,-21,-12,-21,-10,-21,-9,-20,-8,-24,-6,-21,-5,-20,-5,-21,-4,-21,-3,-20,-3,-20,-1,-20,-2,-23,-2,-23,2,-20,0,0,0,-22,-1,-19,0,-21,0,-22,1,-19,-2,-21,-1,-23,-2,-11,-5,-18,12,-17,12,-15,-6,-13,-10,-13,-11,-16,-14,-17,-10,-14,-11,-16,-16,-13,-15,-10,-17,-9,-20,-9,-22,-8,-21,-6,-22,-5,-25,0,-25,0,-25,0,0,0,0,0,0,0,0,0,0
84,-64,4,0,0,0,0,0,0,0,0,0,-13,-3,-12,-3,-13,-2,-14,-1,-13,-1,-14,0,-15,0,-13,0,-15,1,-15,2,-17,2,-19,3,-20,2,-19,4,-20,1,-22,4,-21,2,-21,2,-21,1,-23,1,-23,1,-22,2,-21,1,-23,0,-26,1,-25,0,0,0,-25,-1,-26,-1,-26,-2,-25,-2,-23,-3,-24,-4,-23,-4,-22,-4,-23,-4,-21,-4,-21,-4,-18,-5,-19,-6,-19,-4,-18,-4,-18,-3,-16,-3,-17,-2,-16,-2,-15,-1,-15,-2,-16,-1,-16,0,-15,-1,-15,-1,-16,0,0,0,0,0,0,0,0,0,0,0
82,-96,4,0,0,0,0,0,0,0,0,0,19,-16,18,-15,18,-16,15,-16,13,-16,13,-14,10,-14,8,-15,9,-15,7,-16,5,-17,6,-16,2,-16,2,-17,2,-15,-1,-17,-1,-14,-2,-16,-4,-15,-4,-14,-4,-14,-4,-14,-3,-13,-3,-15,-5,-15,-6,-16,0,0,-6,-13,-5,-15,-6,-14,-5,-14,-3,-13,-5,-12,-3,-12,0,-11,0,-11,1,-11,2,-10,2,-10,5,-11,4,-10,8,-9,7,-7,10,-8,11,-7,11,-6,13,-5,14,-3,17,-2,16,-1,21,0,20,2,21,4,0,0,0,0,0,0,0,0,0,0
84,-64,4,0,0,0,0,0,0,0,0,0,-14,20,-10,19,-11,17,-8,18,-8,17,-6,16,-3,16,-3,15,-2,17,-1,14,-1,16,1,16,1,15,2,13,3,15,5,13,2,12,5,13,2,12,3,12,8,12,7,11,7,11,8,11,6,11,9,10,0,0,7,12,8,11,9,10,4,10,4,10,1,11,4,10,4,9,1,24,-3,12,7,6,3,7,-5,9,-3,8,-7,11,-6,9,-9,9,-11,9,-9,6,-12,6,-14,6,-14,5,-17,4,-18,2,-21,1,-20,2,0,0,0,0,0,0,0,0,0,0
84,-64,4,0,0,0,0,0,0,0,0,0,15,-19,14,-19,13,-20,10,-22,10,-21,10,-19,7,-19,6,-19,6,-20,5,-17,1,-21,1,-20,1,-20,0,-19,-1,-17,-1,-19,-1,-16,-3,-18,-4,-17,-3,-15,-4,-18,-5,-17,-4,-16,-4,-17,-7,-19,-5,-17,0,0,-5,-17,-9,-17,-7,-16,-10,-19,-9,-16,-4,-19,-7,-14,-3,-18,-8,-21,5,-15,2,-12,3,-15,5,-20,3,-17,3,-14,8,-16,5,-17,6,-14,8,-14,11,-13,13,-13,13,-13,14,-13,15,-12,16,-9,18,-9,0,0,0,0,0,0,0,0,0,0
84,-64,4,0,0,0,0,0,0,0,0,0,-21,1,-20,4,-20,3,-20,6,-17,7,-16,6,-16,6,-13,8,-14,7,-12,8,-12,10,-11,12,-10,12,-9,11,-9,11,-7,13,-7,11,-6,11,-5,12,-5,11,-5,13,-4,13,-4,11,-2,13,-2,14,-3,13,0,0,-3,13,-3,12,-2,13,-3,12,-4,10,-3,12,-6,10,-6,9,-6,8,-6,9,-7,9,-8,7,-9,5,-9,5,-10,4,-12,3,-11,2,-14,0,-14,-2,-15,-3,-15,-4,-15,-7,-16,-7,-18,-9,-16,-11,-16,-12,0,0,0,0,0,0,0,0,0,0
84,-64,4,0,0,0,0,0,0,0,0,0,-3,19,-2,19,-2,20,-1,18,0,17,0,15,3,15,4,13,4,14,5,12,7,13,7,12,8,11,8,11,7,9,9,8,8,6,9,7,10,7,10,7,10,6,11,5,11,5,12,5,12,5,11,4,0,0,11,4,11,3,11,5,10,5,7,3,7,5,8,4,6,6,5,6,4,5,5,6,2,6,0,7,-2,6,-3,7,-5,6,-6,6,-8,7,-10,6,-12,3,-14,5,-14,4,-16,5,-19,2,-18,0,-20,0,0,0,0,0,0,0,0,0,0,0
84,-64,4,0,0,0,0,0,0,0,0,0,26,1,25,-1,25,-3,23,-7,19,-6,18,-9,18,-10,16,-8,16,-11,13,-11,12,-15,12,-14,12,-15,12,-13,9,-14,6,-16,4,-16,6,-14,3,-16,4,-17,2,-16,2,-16,2,-14,1,-15,2,-17,3,-17,0,0,-1,-18,-2,-17,0,-17,4,-16,0,-12,2,-13,1,-15,3,-11,12,-27,6,-9,-2,-10,6,-11,8,-10,7,-9,8,-6,13,-8,14,-6,15,-4,14,-2,14,-2,16,0,18,0,20,1,20,2,21,3,22,7,0,0,0,0,0,0,0,0,0,0
84,-64,4,0,0,0,0,0,0,0,0,0,-2,-12,-2,-12,-3,-13,-5,-14,-6,-14,-4,-13,-6,-13,-6,-12,-8,-14,-7,-14,-8,-15,-10,-17,-10,-16,-9,-16,-9,-17,-12,-19,-11,-17,-10,-17,-12,-18,-10,-18,-9,-19,-12,-20,-9,-20,-9,-21,-12,-22,-11,-21,0,0,-9,-22,-11,-23,-11,-22,-11,-26,-7,-22,-8,-24,-8,-23,-6,-23,-11,-30,-3,-21,-6,-15,-5,-19,-3,-19,-7,-18,-6,-17,-3,-17,-7,-17,-6,-16,-6,-15,-4,-16,-4,-14,-8,-14,-8,-14,-7,-13,-8,-14,-8,-15,0,0,0,0,0,0,0,0,0,0
84,-64,4,0,0,0,0,0,0,0,0,0,22,-25,20,-25,19,-26,17,-27,14,-26,13,-25,11,-25,8,-23,8,-23,6,-22,2,-26,1,-24,-3,-25,0,-24,-3,-23,-7,-22,-6,-22,-6,-18,-6,-20,-7,-19,-7,-21,-10,-21,-7,-19,-9,-18,-13,-20,-10,-19,0,0,-10,-18,-10,-18,-10,-18,-8,-18,-9,-18,-6,-18,-6,-20,-3,-18,-5,-18,-4,-14,-2,-18,2,-16,3,-17,5,-17,5,-15,8,-16,12,-16,13,-14,15,-13,17,-12,22,-11,23,-10,24,-9,27,-8,29,-4,31,-5,0,0,0,0,0,0,0,0,0,0
84,-64,4,0,0,0,0,0,0,0,0,0,16,16,14,14,16,13,18,12,16,11,15,10,15,9,16,8,16,6,15,4,18,2,17,2,15,1,16,-1,15,0,15,-3,15,-2,14,-3,14,-4,13,-5,14,-6,14,-5,12,-5,12,-7,14,-9,13,-8,0,0,12,-7,12,-7,12,-7,14,-7,12,-6,13,-5,13,-6,13,-3,12,-3,12,-2,13,-3,11,-1,12,0,12,2,11,4,12,6,12,7,11,8,10,7,9,12,8,13,8,15,8,16,9,16,7,19,5,19,0,0,0,0,0,0,0,0,0,0
84,-64,4,0,0,0,0,0,0,0,0,0,4,-35,2,-32,0,-31,-1,-30,-5,-28,-3,-27,-9,-25,-6,-22,-9,-23,-10,-23,-12,-23,-12,-22,-14,-20,-14,-19,-12,-17,-14,-19,-16,-14,-15,-15,-17,-13,-17,-15,-18,-10,-18,-13,-15,-15,-17,-14,-19,-11,-18,-11,0,0,-20,-11,-18,-11,-19,-13,-19,-12,-16,-10,-16,-13,-16,-15,-15,-12,-14,-14,-10,-14,-12,-15,-8,-14,-8,-17,-6,-18,-4,-18,-3,-19,1,-20,2,-18,3,-21,7,-23,9,-20,11,-23,12,-22,16,-24,19,-20,19,-21,0,0,0,0,0,0,0,0,0,0
84,-64,4,0,0,0,0,0,0,0,0,0,-2,39,2,39,1,32,10,46,6,33,5,39,10,37,12,39,8,37,12,42,19,49,21,47,15,49,21,48,19,49,21,57,19,62,18,53,9,64,12,64,11,63,14,67,9,53,9,72,8,69,10,73,0,0,3,70,-4,71,7,77,-18,64,-12,67,-14,64,0,70,0,55,-67,70,-25,62,3,58,-7,52,-7,54,-16,55,-9,44,-8,43,-6,48,-5,52,-3,43,2,45,-2,43,-1,49,-3,47,8,53,-2,49,5,56,0,0,0,0,0,0,0,0,0,0
84,-64,4,0,0,0,0,0,0,0,0,0,29,7,27,7,28,4,30,3,26,1,24,0,24,-1,23,-2,22,-5,21,-5,21,-8,21,-10,19,-10,19,-10,19,-9,19,-13,16,-12,14,-11,16,-12,14,-13,14,-13,13,-15,12,-13,14,-17,13,-16,13,-17,0,0,15,-16,12,-16,13,-16,12,-15,10,-12,13,-12,14,-13,16,-10,14,-11,13,-9,14,-10,15,-6,17,-4,16,-6,16,-1,19,-2,17,0,19,3,18,4,18,7,18,8,18,12,18,13,18,15,16,17,16,19,0,0,0,0,0,0,0,0,0,0
84,-64,4,0,0,0,0,0,0,0,0,0,-31,-7,-28,-6,-29,-4,-29,1,-26,0,-23,2,-24,2,-19,4,-22,7,-21,6,-22,7,-21,8,-20,10,-19,12,-16,11,-17,14,-12,14,-13,13,-13,13,-12,17,-13,14,-6,17,-11,16,-10,18,-9,18,-7,18,0,0,-6,19,-6,18,-8,17,-6,20,-8,17,-7,20,-10,19,-3,15,6,31,-13,17,-3,13,-10,12,-16,11,-11,12,-13,11,-13,11,-17,13,-16,8,-18,8,-19,7,-20,4,-19,5,-24,3,-25,4,-25,2,-25,-3,0,0,0,0,0,0,0,0,0,0
84,-64,4,0,0,0,0,0,0,0,0,0,19,10,20,8,21,9,22,6,19,5,18,5,17,3,17,0,18,1,17,-1,17,-3,18,-3,17,-5,16,-3,17,-5,17,-6,14,-7,15,-8,16,-7,14,-8,13,-9,14,-10,12,-9,12,-9,13,-11,12,-10,0,0,12,-11,12,-12,15,-13,12,-10,13,-9,13,-8,12,-8,13,-12,9,-10,21,-10,18,-11,13,-7,14,-5,14,-5,15,-3,14,-2,14,2,15,2,14,4,14,3,15,5,14,6,16,10,16,11,14,12,13,14,0,0,0,0,0,0,0,0,0,0
84,-64,4,0,0,0,0,0,0,0,0,0,5,6,4,4,7,4,6,5,6,4,7,5,6,3,7,3,6,3,8,3,9,4,10,2,10,3,10,3,9,6,12,3,10,3,10,5,10,4,10,5,10,5,11,5,9,6,11,5,12,7,9,6,0,0,10,6,10,8,10,9,11,8,9,8,8,9,10,9,7,8,7,8,6,7,7,6,7,6,6,7,6,6,5,4,6,6,7,8,6,4,5,3,7,3,7,3,7,6,7,3,9,4,8,5,7,3,0,0,0,0,0,0,0,0,0,0
84,-64,4,0,0,0,0,0,0,0,0,0,-21,37,-18,37,-16,36,-15,40,-15,37,-9,34,-5,35,-5,31,-4,33,-1,32,3,33,3,32,4,33,3,32,8,30,8,31,6,28,8,27,11,26,12,27,11,27,13,25,13,25,15,27,17,26,16,26,0,0,18,25,20,25,17,26,12,26,15,23,13,26,14,30,10,16,38,27,35,21,7,20,1,21,-3,26,0,29,-2,24,-4,29,-7,28,-12,28,-12,27,-11,23,-16,25,-21,24,-22,21,-25,23,-31,20,-30,18,0,0,0,0,0,0,0,0,0,0
84,-64,4,0,0,0,0,0,0,0,0,0,-20,-2,-16,-1,-17,-1,-17,-1,-16,1,-15,2,-14,3,-13,2,-13,3,-11,3,-12,5,-15,4,-11,6,-13,6,-12,7,-11,8,-11,6,-10,6,-10,8,-8,10,-9,10,-10,9,-10,8,-10,9,-10,9,-11,10,0,0,-8,9,-11,7,-8,6,-10,8,-9,5,-8,5,-10,4,-7,5,-7,2,-6,2,-5,1,-4,0,-5,-1,-1,-3,-2,-3,0,-3,1,-4,2,-4,2,-5,7,-3,9,-5,9,-5,14,-5,15,-6,16,-1,15,-3,0,0,0,0,0,0,0,0,0,0
84,-64,4,0,0,0,0,0,0,0,0,0,11,18,12,17,13,16,13,15,14,12,13,11,15,11,13,8,13,7,14,7,15,6,14,6,13,4,15,3,15,4,15,2,15,0,14,-1,12,-2,13,-1,13,-2,13,-2,13,-2,11,-3,15,-5,14,-3,0,0,13,-5,15,-4,14,-4,13,-4,12,-3,13,-2,13,-3,12,0,13,1,11,0,13,-1,11,3,12,3,9,3,10,5,10,7,11,6,9,9,8,9,8,11,8,13,6,14,5,15,5,16,3,17,1,18,0,0,0,0,0,0,0,0,0,0
84,-64,4,0,0,0,0,0,0,0,0,0,-10,-19,-10,-18,-12,-18,-13,-17,-13,-16,-12,-14,-12,-14,-13,-14,-14,-12,-12,-10,-16,-10,-16,-8,-16,-7,-15,-8,-14,-7,-17,-6,-13,-5,-15,-4,-15,-3,-16,-2,-15,-3,-16,-2,-14,-3,-16,-1,-17,0,-16,-1,0,0,-16,-1,-16,-1,-16,-1,-16,-1,-16,-2,-16,-2,-15,-2,-14,-4,-16,-4,-13,-5,-14,-4,-12,-5,-13,-7,-14,-6,-13,-8,-13,-8,-13,-11,-11,-11,-11,-12,-9,-14,-8,-14,-8,-15,-7,-17,-6,-18,-3,-17,-3,-18,0,0,0,0,0,0,0,0,0,0
84,-64,4,0,0,0,0,0,0,0,0,0,-5,17,-3,17,-2,16,-1,17,0,16,-1,15,1,11,2,12,2,12,3,11,5,12,5,11,6,11,6,11,6,10,8,11,6,10,6,9,8,10,7,10,8,10,8,9,8,8,7,10,10,8,8,9,0,0,8,10,7,9,6,9,7,10,5,8,6,8,3,9,2,6,4,6,1,6,0,5,-2,5,-1,2,-3,1,-3,2,-4,-2,-5,-4,-6,-3,-4,-8,-5,-10,-6,-9,-6,-12,-6,-13,-5,-15,-3,-17,-1,-19,0,0,0,0,0,0,0,0,0,0
84,-64,4,0,0,0,0,0,0,0,0,0,26,17,28,14,26,13,30,11,28,9,26,7,25,6,26,2,25,2,22,2,23,-2,25,-4,23,-5,24,-7,23,-6,21,-8,21,-8,21,-8,19,-12,19,-11,18,-13,17,-16,20,-13,19,-17,18,-18,17,-15,0,0,15,-16,17,-17,20,-17,16,-19,16,-13,15,-16,20,-12,18,-5,17,-19,24,-9,24,-6,19,-10,19,-10,19,-7,22,-7,20,-3,25,1,22,0,25,1,24,4,21,3,25,8,22,8,21,12,20,16,22,17,0,0,0,0,0,0,0,0,0,0
