"44,-64,2,0,0,0,0,0,0,0,0,3,0,13,1,13,2,13,1,14,1,13,1,13,1,12,2,12,2,12,2,12,2,12,3,13,3,12,2,12,2,11,3,11,4,11,3,10,4,10,3,10,4,10,4,11,4,10,5,10,6,11,6,11,3,5,6,10,6,10,7,10,7,10,6,10,7,10,7,10,7,10,7,10,8,10,7,11,6,11,6,11,7,11,7,11,7,11,7,11,7,11,6,11,6,11,6,11,5,12,5,12,4,13,3,13,2,12,0,3,0,0,0,0,0,0,0,0"
"44,-64,2,0,0,0,0,0,0,0,3,-2,11,-7,11,-7,11,-8,12,-8,12,-7,11,-7,10,-7,10,-8,10,-8,10,-8,10,-8,10,-9,10,-9,10,-8,10,-8,9,-9,8,-9,8,-8,7,-8,8,-8,8,-8,8,-9,7,-8,7,-9,8,-10,7,-10,3,-5,6,-11,7,-11,7,-12,7,-11,7,-11,7,-11,6,-11,7,-11,7,-11,7,-12,7,-12,7,-11,7,-11,7,-11,7,-11,7,-12,8,-12,8,-11,8,-11,8,-11,9,-10,9,-10,9,-9,10,-9,10,-8,10,-8,2,-2,0,0,0,0,0,0,0,0"
"44,-64,2,0,0,0,0,0,0,0,-3,2,-9,8,-8,8,-8,9,-9,9,-9,9,-8,8,-8,8,-7,8,-7,8,-8,8,-8,9,-7,9,-7,9,-7,8,-7,8,-6,9,-6,9,-6,8,-5,8,-5,8,-5,8,-5,8,-5,8,-5,9,-5,10,-5,10,-2,5,-4,10,-5,10,-4,11,-4,10,-4,10,-4,11,-4,11,-4,10,-4,10,-4,11,-4,11,-5,10,-5,10,-5,10,-5,11,-5,11,-5,11,-5,11,-5,11,-6,10,-6,10,-7,10,-7,10,-8,9,-8,8,-8,8,-2,2,0,0,0,0,0,0,0,0"
"44,-64,2,0,0,0,0,0,0,0,0,3,1,12,2,11,2,12,2,12,1,12,1,11,2,10,2,10,2,10,2,10,3,11,3,11,3,11,2,10,2,10,3,10,4,9,3,9,4,9,4,9,4,9,4,9,4,8,5,8,5,9,5,9,2,4,6,8,6,9,7,9,6,9,6,9,7,9,7,8,7,8,7,9,7,9,7,9,6,9,6,9,6,9,6,9,7,10,7,10,6,10,6,10,6,10,5,10,5,10,5,11,4,11,3,11,3,11,0,2,0,0,0,0,0,0,0,0"
"44,-64,2,0,0,0,0,0,0,0,1,2,7,11,8,10,9,10,8,11,7,11,7,10,7,10,7,9,7,9,7,9,8,10,8,9,8,9,8,9,7,9,8,8,8,8,7,7,7,7,7,7,8,7,8,7,8,7,9,6,9,7,10,7,5,3,10,6,11,6,11,6,11,6,10,6,11,6,11,6,10,6,10,6,11,6,11,7,10,7,10,7,10,7,11,7,11,8,11,8,11,8,10,8,10,8,9,9,9,9,9,10,9,10,8,10,7,10,1,2,0,0,0,0,0,0,0,0"
"44,-64,2,0,0,0,0,0,0,0,3,-2,12,-6,12,-6,12,-7,13,-7,12,-6,11,-5,11,-6,11,-6,11,-6,11,-6,11,-7,11,-7,11,-7,10,-6,10,-6,9,-8,9,-8,9,-7,8,-7,8,-7,9,-7,9,-7,9,-8,8,-9,9,-9,9,-9,4,-5,8,-10,8,-10,8,-11,8,-10,8,-10,8,-10,8,-11,8,-11,8,-11,8,-11,9,-11,9,-10,9,-10,8,-10,8,-11,9,-11,10,-11,9,-10,9,-10,10,-10,10,-9,10,-9,11,-9,11,-8,11,-7,11,-7,3,-2,0,0,0,0,0,0,0,0"
"44,-64,2,0,0,0,0,0,0,0,-3,2,-10,8,-9,8,-9,8,-9,8,-9,7,-9,7,-8,7,-8,7,-8,8,-8,8,-8,9,-8,9,-8,9,-8,8,-7,9,-6,9,-6,8,-6,8,-6,8,-5,8,-5,9,-5,9,-5,8,-5,9,-5,10,-5,10,-2,5,-3,10,-4,11,-4,11,-4,10,-4,10,-3,11,-3,11,-3,11,-3,11,-3,11,-4,11,-4,11,-4,11,-4,11,-4,11,-4,12,-4,12,-4,11,-4,11,-4,11,-4,11,-5,11,-5,11,-6,10,-7,9,-7,9,-2,2,0,0,0,0,0,0,0,0"
"44,-64,2,0,0,0,0,0,0,0,2,2,9,9,9,8,10,8,11,9,10,9,9,8,9,8,9,7,9,7,9,7,10,8,10,7,10,7,9,7,9,7,10,6,10,5,9,5,9,5,9,5,10,5,10,5,9,5,10,4,11,4,11,4,5,1,11,3,12,4,12,4,12,3,11,3,12,3,12,3,12,3,12,3,12,3,12,3,11,4,11,4,12,4,12,4,13,4,13,4,13,5,12,5,12,5,12,6,11,6,11,7,10,7,10,8,9,8,2,2,0,0,0,0,0,0,0,0"
"44,-64,2,0,0,0,0,0,0,0,0,3,1,12,2,11,3,12,2,12,2,11,2,10,2,10,3,10,3,10,3,10,3,10,3,11,3,10,3,10,3,10,4,10,4,9,4,9,4,8,4,8,5,9,5,9,5,8,5,8,5,9,6,9,3,4,7,8,7,9,8,9,7,9,7,8,7,8,8,8,8,8,8,8,8,8,7,8,7,8,7,9,7,8,7,8,8,9,8,9,7,9,7,9,7,9,7,9,6,10,6,10,5,11,4,10,4,10,1,2,0,0,0,0,0,0,0,0"
"44,-64,2,0,0,0,0,0,0,0,3,0,12,3,12,2,13,2,14,2,13,3,12,2,12,2,12,1,11,1,12,1,13,1,13,1,12,0,12,1,11,1,12,0,11,-1,11,0,11,0,10,0,11,0,11,-1,10,-1,11,-2,12,-2,12,-2,6,-2,12,-3,12,-3,13,-4,12,-3,12,-3,12,-3,12,-4,12,-4,12,-3,13,-3,13,-3,13,-3,13,-3,13,-3,13,-3,13,-3,14,-3,13,-2,13,-2,13,-2,13,-1,13,0,13,0,13,1,13,1,12,2,3,0,0,0,0,0,0,0,0,0"
"44,-64,2,0,0,0,0,0,0,0,2,-2,8,-8,8,-9,8,-9,9,-9,8,-9,7,-8,7,-9,7,-9,7,-9,7,-9,7,-9,7,-10,7,-10,7,-9,7,-9,6,-10,5,-9,5,-9,4,-9,4,-9,5,-9,5,-9,4,-9,4,-10,4,-11,4,-11,2,-6,3,-11,3,-12,3,-12,3,-11,4,-11,3,-11,3,-12,3,-12,3,-12,3,-12,4,-12,4,-11,4,-12,4,-12,4,-12,4,-12,4,-12,4,-12,4,-12,4,-12,5,-11,6,-11,6,-11,6,-11,7,-10,7,-9,1,-3,0,0,0,0,0,0,0,0"
"44,-64,2,0,0,0,0,0,0,0,3,0,13,1,13,0,13,-1,14,0,13,1,12,1,12,0,11,-1,11,-1,12,-1,13,-1,13,-2,12,-1,12,-1,12,-1,12,-2,11,-2,11,-2,10,-2,11,-2,11,-2,11,-2,11,-3,11,-4,12,-4,12,-5,5,-3,11,-4,12,-5,12,-5,12,-5,12,-4,12,-5,12,-5,12,-5,12,-5,12,-5,12,-5,12,-4,12,-4,12,-4,13,-4,13,-4,13,-4,13,-4,13,-4,13,-3,13,-3,13,-2,13,-1,13,-1,13,0,12,1,3,0,0,0,0,0,0,0,0,0"
"44,-64,2,0,0,0,0,0,0,0,1,2,6,9,8,8,8,7,8,8,7,8,7,8,7,7,7,7,7,7,7,7,8,7,8,7,8,7,7,7,7,7,8,6,8,6,7,6,7,5,7,5,8,5,8,5,8,5,9,4,10,5,10,5,5,2,10,4,10,4,10,4,10,4,10,4,10,4,10,4,10,4,10,4,11,4,11,4,10,5,10,5,10,5,11,5,11,5,11,6,10,6,10,6,10,6,10,6,9,7,9,7,8,8,8,8,7,8,1,2,0,0,0,0,0,0,0,0"
"44,-64,2,0,0,0,0,0,0,0,-3,-2,-12,-5,-12,-4,-12,-4,-13,-5,-12,-5,-11,-5,-11,-4,-11,-3,-11,-3,-11,-3,-12,-3,-12,-2,-12,-2,-11,-3,-11,-2,-11,-1,-11,-1,-11,-1,-10,-1,-10,-1,-11,-1,-10,-1,-10,0,-10,1,-11,1,-12,1,-6,1,-12,2,-12,1,-13,2,-12,2,-12,2,-12,2,-12,2,-12,2,-12,2,-12,3,-12,2,-12,2,-12,2,-13,2,-12,2,-13,2,-13,2,-13,1,-12,1,-12,1,-13,0,-13,0,-13,0,-13,-1,-12,-1,-12,-2,-3,-1,0,0,0,0,0,0,0,0"
"44,-64,2,0,0,0,0,0,0,0,3,-1,11,-2,11,-2,11,-3,11,-2,11,-2,11,-3,11,-3,10,-3,10,-3,10,-3,11,-3,11,-4,10,-4,10,-3,10,-3,10,-4,9,-5,9,-4,8,-4,8,-4,8,-4,9,-4,8,-4,8,-5,9,-6,9,-6,4,-3,8,-7,9,-7,9,-7,9,-7,9,-7,9,-7,9,-7,10,-7,10,-8,10,-8,10,-7,10,-6,9,-6,9,-7,10,-7,11,-8,11,-7,11,-7,11,-6,11,-6,11,-5,11,-4,11,-4,12,-4,12,-3,12,-2,3,-1,0,0,0,0,0,0,0,0"
"44,-64,2,0,0,0,0,0,0,0,-1,-4,-3,-13,-4,-13,-4,-13,-4,-14,-4,-14,-4,-13,-4,-12,-5,-12,-5,-12,-5,-12,-5,-13,-6,-13,-6,-12,-5,-12,-5,-12,-6,-11,-6,-11,-6,-11,-6,-10,-6,-10,-6,-10,-6,-10,-6,-10,-7,-10,-8,-11,-8,-11,-4,-5,-9,-10,-9,-10,-9,-11,-8,-11,-8,-10,-9,-10,-9,-10,-9,-10,-9,-10,-9,-11,-9,-11,-8,-11,-8,-12,-8,-12,-8,-12,-9,-12,-9,-13,-9,-12,-8,-12,-8,-12,-8,-12,-7,-13,-6,-13,-6,-14,-5,-13,-4,-13,-1,-4,0,0,0,0,0,0,0,0"
"44,-64,2,0,0,0,0,0,0,0,-2,2,-5,11,-4,11,-3,11,-4,12,-4,11,-4,10,-3,10,-3,10,-3,10,-3,10,-3,11,-2,11,-2,11,-2,10,-2,10,-1,10,-1,10,-1,9,-1,9,-1,10,-1,10,-1,10,0,9,0,10,1,10,1,11,1,5,2,11,2,11,2,11,2,11,1,11,2,11,2,11,2,11,2,11,2,11,2,11,1,11,1,11,1,12,1,12,2,12,2,13,1,12,1,12,1,12,0,12,-1,12,-1,12,-1,12,-2,11,-3,11,-1,2,0,0,0,0,0,0,0,0"
"44,-64,2,0,0,0,0,0,0,0,2,1,11,4,11,3,11,2,12,3,11,3,10,3,10,2,10,2,10,2,10,2,11,2,11,1,11,1,10,1,10,1,10,0,10,0,9,0,9,0,9,0,10,0,10,0,9,0,10,-1,10,-1,11,-2,5,-1,11,-3,11,-2,11,-2,11,-2,11,-2,11,-2,11,-2,11,-2,12,-3,12,-3,12,-2,12,-2,11,-1,12,-2,12,-1,12,-1,12,-1,12,-1,12,-1,12,-1,12,0,12,0,12,1,12,2,11,3,11,3,2,0,0,0,0,0,0,0,0,0"
"44,-64,2,0,0,0,0,0,0,0,-3,1,-12,5,-12,6,-12,7,-13,7,-13,6,-12,6,-11,7,-10,7,-10,7,-11,7,-11,7,-11,8,-10,8,-10,7,-10,7,-9,8,-9,8,-8,8,-8,8,-8,8,-8,8,-8,8,-8,8,-8,8,-8,9,-8,10,-4,5,-7,10,-7,11,-7,11,-7,11,-7,11,-7,11,-6,12,-6,11,-6,11,-7,12,-7,12,-8,11,-8,11,-8,11,-8,11,-8,11,-8,12,-8,11,-8,11,-8,11,-9,10,-9,10,-10,10,-10,9,-11,8,-11,7,-3,1,0,0,0,0,0,0,0,0"
"44,-64,2,0,0,0,0,0,0,0,-1,3,-1,12,0,11,1,12,0,12,0,12,0,11,1,11,1,10,1,10,1,11,1,11,2,11,2,10,1,10,2,10,2,10,3,9,3,9,3,9,3,9,3,9,3,9,3,9,4,9,4,9,5,10,2,4,6,9,6,9,6,9,6,9,6,9,6,9,7,9,6,9,6,9,6,10,6,10,6,10,5,10,6,10,6,10,6,10,6,11,6,11,6,10,6,10,5,10,4,11,4,12,3,12,2,11,2,11,0,2,0,0,0,0,0,0,0,0"
"44,-64,2,0,0,0,0,0,0,0,-4,-1,-12,-3,-12,-2,-13,-1,-14,-2,-13,-2,-12,-1,-12,-1,-11,0,-11,0,-11,0,-12,0,-12,0,-12,0,-12,0,-12,0,-12,1,-11,2,-10,1,-10,2,-10,2,-11,2,-10,2,-10,2,-10,3,-11,3,-12,3,-6,2,-10,4,-11,4,-11,5,-11,5,-11,4,-11,5,-11,5,-11,5,-11,5,-11,5,-12,5,-12,4,-12,4,-11,5,-11,5,-12,5,-12,5,-12,4,-12,4,-12,4,-12,3,-12,3,-13,3,-13,2,-12,1,-12,0,-3,0,0,0,0,0,0,0,0,0"
"44,-64,2,0,0,0,0,0,0,0,2,1,10,3,11,2,11,2,12,3,11,3,11,2,11,1,10,0,10,1,10,1,11,1,11,1,11,1,10,1,10,1,10,0,10,-1,9,-1,9,-1,9,-1,10,-2,10,-2,9,-2,10,-2,11,-2,11,-2,5,-2,10,-4,11,-4,11,-4,11,-4,11,-4,11,-4,11,-4,11,-4,11,-5,11,-5,11,-4,11,-3,11,-3,11,-4,12,-4,12,-4,12,-4,12,-3,12,-3,12,-3,12,-3,12,-2,12,-2,12,-1,12,0,11,0,2,0,0,0,0,0,0,0,0,0"
"44,-64,2,0,0,0,0,0,0,0,0,3,1,13,2,12,3,13,3,13,2,13,2,12,2,12,3,12,2,11,3,11,3,12,4,12,4,11,3,11,3,11,4,11,5,10,4,10,4,9,4,10,5,10,5,10,5,9,6,9,6,10,6,10,3,4,8,9,7,10,8,10,8,10,7,10,8,10,8,10,8,10,8,10,8,10,8,10,7,10,7,11,8,11,8,11,8,11,8,12,8,12,7,11,7,11,6,12,6,12,6,12,5,12,3,12,3,12,0,3,0,0,0,0,0,0,0,0"
"44,-64,2,0,0,0,0,0,0,0,-4,0,-14,2,-13,3,-14,3,-14,3,-14,2,-13,2,-13,3,-12,3,-12,3,-13,3,-13,3,-13,4,-12,4,-12,3,-12,4,-12,5,-11,5,-11,4,-11,4,-11,5,-11,5,-10,5,-10,5,-10,6,-11,6,-11,6,-5,3,-10,7,-11,7,-11,8,-11,7,-11,7,-11,8,-11,8,-11,8,-11,8,-11,8,-12,8,-12,7,-12,7,-12,7,-12,7,-13,8,-13,8,-13,7,-13,7,-13,7,-13,6,-13,5,-14,4,-14,4,-14,3,-14,3,-4,0,0,0,0,0,0,0,0,0"
"44,-64,2,0,0,0,0,0,0,0,-4,0,-13,0,-12,1,-13,2,-13,1,-13,1,-12,1,-11,2,-11,2,-11,2,-11,2,-12,2,-12,3,-12,3,-11,2,-11,2,-11,3,-10,3,-10,3,-10,3,-10,4,-10,4,-10,4,-10,4,-10,5,-10,5,-11,5,-5,3,-10,6,-10,6,-11,6,-10,6,-10,6,-10,6,-10,7,-10,7,-10,7,-10,7,-11,6,-11,6,-11,5,-11,6,-11,6,-12,6,-12,6,-12,6,-12,5,-12,5,-12,5,-12,4,-13,3,-13,3,-13,2,-13,2,-3,0,0,0,0,0,0,0,0,0"
"44,-64,2,0,0,0,0,0,0,0,-3,1,-12,7,-11,8,-10,9,-11,9,-11,8,-10,8,-9,8,-9,8,-9,8,-9,8,-10,9,-10,9,-9,9,-9,8,-9,8,-8,9,-7,9,-7,8,-7,8,-7,9,-7,9,-7,9,-7,9,-7,9,-7,10,-7,11,-3,5,-6,11,-6,11,-6,12,-6,12,-6,11,-6,12,-5,12,-6,12,-5,12,-5,12,-6,12,-7,11,-7,11,-7,12,-7,12,-7,13,-8,13,-8,12,-7,12,-7,12,-8,12,-8,11,-9,10,-10,10,-11,9,-11,8,-3,2,0,0,0,0,0,0,0,0"
"44,-64,2,0,0,0,0,0,0,0,2,-1,11,-2,10,-3,10,-3,11,-3,10,-3,9,-3,9,-3,9,-3,9,-3,9,-4,9,-4,9,-5,9,-4,9,-4,9,-4,8,-5,8,-6,7,-5,7,-5,7,-5,7,-6,7,-6,7,-6,7,-6,7,-7,7,-7,3,-4,7,-8,7,-8,7,-9,7,-8,7,-8,6,-8,6,-9,7,-9,7,-9,7,-9,7,-9,7,-8,7,-8,7,-8,7,-9,7,-9,8,-9,8,-9,7,-9,7,-9,8,-8,8,-8,8,-8,9,-7,9,-6,9,-5,2,-2,0,0,0,0,0,0,0,0"
"44,-64,2,0,0,0,0,0,0,0,-1,3,-1,12,0,11,1,11,0,12,-1,12,0,11,0,10,0,10,0,10,0,10,1,11,1,11,1,11,1,10,1,10,2,10,2,10,2,9,2,9,2,9,2,9,2,9,2,9,3,9,4,10,4,10,2,5,5,10,5,10,5,10,5,10,5,10,5,10,5,10,5,10,5,10,5,10,5,10,4,10,5,10,5,11,5,11,5,11,5,12,5,12,5,11,4,11,4,11,3,11,3,12,2,12,1,12,1,11,0,2,0,0,0,0,0,0,0,0"
"44,-64,2,0,0,0,0,0,0,0,-3,2,-9,10,-8,10,-8,11,-9,11,-9,10,-8,10,-8,10,-7,10,-7,10,-7,10,-7,11,-6,11,-6,11,-7,10,-6,10,-5,11,-5,10,-5,10,-4,10,-4,10,-4,10,-4,10,-4,10,-4,10,-3,12,-3,12,-2,6,-2,12,-3,13,-2,13,-2,13,-2,12,-2,13,-2,13,-2,13,-2,13,-2,13,-2,13,-3,13,-3,13,-3,13,-3,13,-3,14,-3,14,-4,14,-3,13,-3,13,-4,13,-5,13,-5,13,-6,12,-7,11,-8,11,-2,2,0,0,0,0,0,0,0,0"
"44,-64,2,0,0,0,0,0,0,0,-3,1,-11,5,-11,5,-11,6,-12,6,-11,5,-10,5,-10,5,-9,5,-9,5,-10,5,-10,5,-10,6,-10,6,-10,5,-9,5,-9,6,-8,6,-8,6,-8,6,-8,6,-8,6,-8,6,-8,6,-8,7,-8,8,-8,8,-4,4,-8,8,-8,8,-8,9,-8,9,-7,8,-7,9,-7,9,-8,9,-8,9,-8,9,-9,9,-9,8,-9,8,-9,9,-9,9,-9,9,-9,9,-9,9,-9,8,-9,8,-10,8,-10,7,-11,7,-11,6,-11,6,-11,5,-3,1,0,0,0,0,0,0,0,0"
"44,-64,2,0,0,0,0,0,0,0,-1,-4,-4,-15,-5,-15,-6,-15,-5,-16,-4,-16,-4,-15,-5,-14,-5,-13,-6,-13,-6,-13,-6,-14,-7,-14,-7,-13,-6,-13,-6,-12,-8,-12,-8,-12,-7,-12,-7,-11,-8,-11,-8,-11,-8,-11,-8,-11,-9,-11,-10,-11,-10,-12,-5,-5,-11,-10,-11,-11,-11,-11,-11,-10,-11,-10,-12,-10,-12,-10,-12,-10,-12,-10,-12,-10,-12,-11,-11,-11,-11,-11,-12,-11,-12,-11,-12,-12,-12,-12,-12,-12,-12,-12,-11,-12,-11,-12,-10,-12,-10,-13,-9,-14,-8,-13,-8,-13,-2,-4,0,0,0,0,0,0,0,0"
"44,-64,2,0,0,0,0,0,0,0,3,-1,12,-4,11,-4,10,-5,11,-5,10,-4,9,-4,9,-4,8,-5,9,-5,9,-5,10,-5,10,-6,9,-6,9,-5,9,-5,9,-6,8,-6,8,-5,8,-5,8,-6,8,-6,8,-6,8,-6,8,-7,8,-7,8,-8,4,-4,7,-8,8,-8,8,-8,8,-8,8,-8,8,-8,8,-9,8,-9,8,-9,8,-9,9,-8,9,-7,9,-7,9,-8,9,-8,9,-8,10,-8,10,-8,10,-8,10,-7,10,-7,10,-6,11,-6,11,-5,11,-4,11,-4,2,-1,0,0,0,0,0,0,0,0"
"44,-64,2,0,0,0,0,0,0,0,0,3,1,14,3,13,4,14,3,14,3,13,2,12,3,11,4,11,4,11,3,12,3,12,4,12,4,12,3,12,4,11,5,11,6,10,5,10,5,10,5,10,6,10,5,9,5,9,6,9,7,10,7,10,4,5,8,10,8,10,9,10,9,10,8,10,8,10,9,10,8,10,9,10,9,11,8,11,8,11,8,11,8,11,8,11,8,12,8,12,8,12,8,12,7,12,7,12,6,12,6,13,5,13,4,13,3,13,0,3,0,0,0,0,0,0,0,0"
"44,-64,2,0,0,0,0,0,0,0,-2,-3,-8,-12,-8,-11,-9,-11,-9,-12,-8,-11,-8,-11,-8,-10,-8,-10,-8,-10,-8,-10,-9,-10,-10,-10,-10,-9,-9,-9,-9,-9,-9,-9,-9,-8,-9,-8,-9,-8,-9,-8,-10,-8,-9,-8,-9,-8,-10,-7,-11,-8,-11,-8,-6,-4,-12,-7,-12,-7,-13,-7,-12,-7,-12,-7,-12,-7,-12,-7,-12,-7,-12,-7,-12,-7,-12,-7,-12,-8,-12,-8,-12,-8,-12,-8,-13,-8,-13,-8,-13,-8,-12,-8,-12,-9,-11,-9,-11,-10,-11,-10,-11,-11,-9,-11,-9,-11,-2,-3,0,0,0,0,0,0,0,0"
"44,-64,2,0,0,0,0,0,0,0,2,2,10,7,11,6,12,6,12,8,11,7,11,7,11,6,10,6,10,5,11,5,11,4,11,4,11,4,11,5,11,5,11,4,11,3,10,3,10,3,11,3,11,3,11,3,11,3,11,2,12,2,13,2,6,0,13,1,13,1,14,1,13,1,13,1,13,1,14,0,14,1,14,1,14,1,14,1,13,1,13,1,14,2,14,2,14,2,15,2,14,3,13,3,13,3,13,3,13,4,14,4,14,5,13,5,12,5,3,1,0,0,0,0,0,0,0,0"
"44,-64,2,0,0,0,0,0,0,0,0,3,0,11,1,10,2,11,2,12,1,11,1,10,2,10,2,9,2,9,2,10,2,11,2,11,2,10,1,10,2,10,3,10,3,10,3,9,3,9,4,9,4,9,4,9,4,9,4,9,5,9,5,10,2,4,6,9,6,10,6,10,6,10,6,10,6,9,7,9,6,9,6,10,7,10,7,10,6,10,6,10,6,10,6,11,6,11,6,11,6,11,6,11,6,11,6,11,5,11,5,12,4,12,3,12,2,11,0,2,0,0,0,0,0,0,0,0"
"44,-64,2,0,0,0,0,0,0,0,1,-3,3,-12,3,-12,3,-12,4,-13,4,-12,3,-11,2,-12,1,-12,1,-11,2,-11,2,-12,2,-13,2,-12,2,-11,2,-11,1,-11,0,-11,0,-10,0,-10,0,-10,0,-10,0,-11,0,-10,0,-10,-1,-11,-1,-11,-1,-6,-1,-11,-1,-12,-2,-12,-2,-12,-1,-12,-2,-12,-2,-11,-2,-11,-2,-12,-1,-12,-1,-12,0,-12,0,-12,0,-13,0,-12,-1,-13,-1,-13,0,-13,0,-13,0,-13,1,-13,1,-13,2,-13,3,-13,3,-12,4,-12,1,-3,0,0,0,0,0,0,0,0"
"44,-64,2,0,0,0,0,0,0,0,0,2,1,10,2,9,2,9,2,10,2,10,3,9,3,9,2,8,2,8,2,7,3,8,3,8,2,8,2,8,2,8,2,7,2,7,2,7,2,6,2,6,2,6,2,6,2,6,3,6,3,7,2,6,1,3,3,6,3,6,3,6,3,7,2,6,2,6,2,6,2,6,1,6,2,6,1,6,1,5,1,5,1,5,0,5,0,5,0,5,0,5,-1,4,-1,4,-1,4,-1,4,-2,4,-2,4,-2,3,-2,3,-1,0,0,0,0,0,0,0,0,0"
"44,-64,2,0,0,0,0,0,0,0,-2,2,-6,9,-5,9,-5,10,-6,10,-6,9,-6,9,-5,9,-5,9,-5,9,-5,9,-5,9,-4,10,-4,9,-4,9,-4,8,-4,9,-3,9,-3,8,-3,8,-3,8,-4,8,-3,8,-3,8,-3,8,-3,9,-3,9,-2,4,-2,9,-3,9,-3,9,-3,9,-3,8,-3,9,-3,9,-2,8,-2,9,-2,9,-3,9,-3,8,-3,8,-3,8,-3,8,-3,8,-4,8,-4,8,-4,8,-4,7,-4,7,-4,7,-5,7,-5,6,-5,6,-5,5,-2,1,0,0,0,0,0,0,0,0"
"44,-64,2,0,0,0,0,0,0,0,-3,-2,-9,-7,-9,-7,-9,-7,-9,-7,-9,-7,-8,-7,-8,-6,-8,-5,-8,-5,-8,-6,-9,-6,-9,-5,-9,-5,-8,-5,-8,-5,-8,-5,-8,-4,-8,-4,-8,-4,-8,-4,-8,-4,-8,-4,-8,-4,-8,-3,-9,-4,-9,-4,-5,-2,-9,-3,-9,-3,-9,-3,-9,-3,-9,-3,-9,-3,-9,-2,-9,-2,-9,-3,-9,-3,-9,-3,-8,-3,-8,-3,-8,-3,-8,-3,-9,-3,-9,-4,-9,-4,-8,-4,-8,-4,-8,-4,-8,-5,-7,-5,-7,-5,-7,-5,-6,-5,-2,-2,0,0,0,0,0,0,0,0"
"44,-64,2,0,0,0,0,0,0,0,2,2,9,7,9,6,10,6,10,7,9,7,8,6,8,6,8,5,8,5,8,5,9,5,9,5,9,5,8,5,8,5,9,4,9,4,8,4,8,4,8,3,8,4,8,4,7,4,8,3,9,3,9,3,4,1,9,2,9,3,10,3,9,3,9,3,9,3,9,2,9,2,9,2,9,2,9,3,9,3,9,3,9,3,8,3,9,3,9,3,9,4,8,4,8,4,8,4,8,4,7,5,7,5,6,5,6,5,1,1,0,0,0,0,0,0,0,0"
"44,-64,2,0,0,0,0,0,0,0,1,-2,7,-7,6,-7,7,-8,7,-8,7,-7,6,-7,5,-7,5,-7,5,-7,5,-7,6,-7,5,-7,5,-7,5,-7,5,-7,4,-7,4,-7,4,-7,4,-7,4,-7,4,-7,4,-7,3,-7,3,-7,3,-8,3,-8,1,-4,3,-8,3,-8,3,-8,3,-8,3,-7,3,-8,3,-8,3,-8,3,-8,3,-8,3,-8,3,-7,3,-7,3,-8,3,-8,3,-8,4,-8,4,-8,4,-7,4,-7,4,-7,5,-6,5,-6,5,-6,5,-5,5,-5,1,-2,0,0,0,0,0,0,0,0"
"44,-64,2,0,0,0,0,0,0,0,1,-3,4,-10,3,-9,3,-9,3,-10,3,-10,3,-9,2,-9,2,-9,2,-8,1,-9,1,-9,1,-9,2,-8,2,-8,1,-8,1,-8,1,-8,0,-7,0,-7,0,-7,0,-7,0,-8,0,-8,0,-7,-1,-8,-1,-8,-1,-4,-1,-8,-1,-8,-1,-8,0,-8,0,-7,0,-7,0,-7,0,-7,0,-7,0,-7,0,-7,0,-7,1,-6,1,-6,0,-6,0,-6,1,-6,1,-6,1,-6,1,-5,2,-6,2,-5,2,-5,2,-4,2,-3,3,-2,0,-1,0,0,0,0,0,0,0,0"
"44,-64,2,0,0,0,0,0,0,0,-1,-3,-3,-10,-4,-9,-4,-9,-4,-10,-3,-9,-3,-8,-3,-8,-4,-8,-4,-8,-4,-8,-4,-9,-4,-9,-4,-8,-3,-8,-3,-8,-4,-8,-4,-7,-4,-7,-4,-6,-4,-6,-4,-7,-4,-6,-4,-6,-4,-7,-4,-7,-4,-7,-3,-3,-5,-6,-5,-7,-5,-7,-4,-7,-4,-6,-4,-6,-5,-6,-4,-6,-4,-6,-4,-6,-4,-6,-3,-6,-3,-6,-4,-6,-4,-6,-3,-6,-3,-6,-3,-6,-2,-6,-2,-6,-2,-6,-2,-6,-2,-6,-1,-6,-1,-6,-1,-5,-1,-2,0,0,0,0,0,0,0,0"
"44,-64,2,0,0,0,0,0,0,0,-2,-3,-7,-9,-7,-8,-8,-8,-8,-9,-7,-9,-7,-8,-7,-8,-7,-7,-7,-7,-7,-7,-7,-7,-8,-7,-7,-7,-7,-7,-7,-7,-7,-6,-7,-6,-7,-6,-7,-6,-7,-6,-7,-6,-7,-6,-7,-6,-7,-5,-8,-6,-8,-6,-4,-3,-8,-5,-8,-6,-8,-6,-8,-6,-7,-6,-8,-6,-8,-6,-8,-5,-8,-5,-8,-5,-7,-6,-7,-6,-7,-6,-7,-6,-7,-6,-7,-6,-7,-6,-7,-6,-6,-6,-6,-6,-6,-6,-5,-7,-5,-7,-4,-7,-4,-7,-4,-7,-1,-2,0,0,0,0,0,0,0,0"
"44,-64,2,0,0,0,0,0,0,0,-3,-1,-11,-3,-10,-3,-10,-2,-10,-3,-10,-3,-9,-3,-10,-2,-9,-2,-9,-2,-10,-2,-11,-2,-10,-1,-10,-1,-9,-2,-9,-2,-10,-1,-9,0,-9,-1,-9,-1,-9,-1,-9,-1,-9,-1,-9,0,-9,0,-10,0,-10,0,-5,0,-9,1,-10,1,-10,1,-10,1,-9,0,-10,1,-10,1,-9,1,-10,1,-10,1,-10,0,-9,0,-9,0,-9,0,-9,0,-9,0,-10,0,-9,0,-9,0,-9,0,-9,-1,-9,-1,-9,-2,-9,-2,-8,-2,-8,-2,-2,-1,0,0,0,0,0,0,0,0"
"44,-64,2,0,0,0,0,0,0,0,2,0,11,0,10,-1,10,-2,11,-2,10,-1,10,-1,9,-2,8,-2,9,-2,10,-2,10,-2,10,-3,10,-3,9,-3,9,-3,9,-3,8,-4,8,-3,8,-3,8,-3,8,-4,8,-3,8,-3,8,-4,9,-4,9,-5,4,-3,8,-5,8,-6,8,-6,8,-6,8,-5,9,-5,8,-6,8,-5,9,-5,9,-6,9,-5,9,-5,8,-4,9,-5,9,-5,9,-5,9,-4,9,-4,8,-4,8,-4,9,-3,9,-3,9,-2,9,-2,9,-1,9,-1,2,-1,0,0,0,0,0,0,0,0"
"44,-64,2,0,0,0,0,0,0,0,-3,1,-10,4,-9,5,-9,5,-9,5,-9,4,-8,4,-8,5,-8,5,-7,5,-8,5,-8,6,-8,6,-8,6,-8,5,-7,5,-7,6,-6,6,-6,6,-6,6,-6,6,-6,6,-6,6,-6,6,-5,6,-5,7,-6,8,-3,4,-5,8,-5,8,-5,8,-5,8,-5,8,-5,8,-4,8,-4,8,-5,8,-5,8,-5,8,-5,8,-5,7,-5,8,-5,8,-6,8,-6,8,-6,8,-6,7,-6,7,-6,7,-6,7,-7,6,-7,6,-7,5,-7,5,-2,1,0,0,0,0,0,0,0,0"
"44,-64,2,0,0,0,0,0,0,0,-2,2,-7,10,-6,10,-5,10,-5,10,-5,10,-4,9,-3,9,-3,9,-3,9,-4,9,-4,9,-4,9,-3,9,-3,9,-3,9,-2,9,-2,8,-2,8,-1,8,-1,8,-1,8,-1,8,-1,8,-1,8,-1,9,-1,9,0,4,0,10,-1,10,0,10,0,9,0,9,0,9,0,10,0,10,0,10,0,10,-1,10,-2,10,-1,9,-1,9,-1,9,-1,10,-1,10,-2,10,-2,10,-2,10,-2,9,-3,9,-4,9,-5,9,-5,8,-6,7,-2,1,0,0,0,0,0,0,0,0"
"44,-64,2,0,0,0,0,0,0,0,-2,2,-6,9,-6,9,-5,9,-6,9,-6,9,-5,8,-5,8,-4,8,-4,8,-4,8,-4,9,-4,9,-3,9,-4,8,-4,8,-3,9,-2,8,-2,8,-2,7,-2,7,-2,8,-2,8,-2,8,-1,8,-1,9,-1,9,0,4,0,8,-1,9,0,9,-1,9,-1,8,-1,9,0,9,0,8,0,8,0,9,-1,9,-1,8,-2,8,-1,8,-1,8,-2,9,-2,9,-2,9,-2,8,-2,8,-3,8,-3,8,-3,8,-4,7,-4,7,-5,6,-2,1,0,0,0,0,0,0,0,0"
"44,-64,2,0,0,0,0,0,0,0,0,3,0,12,1,11,2,11,1,12,0,11,0,10,1,10,1,9,1,9,1,9,1,10,2,10,2,10,1,9,1,9,2,9,2,9,2,8,2,8,2,8,2,8,2,8,1,8,2,8,3,8,3,9,1,4,3,8,3,8,3,8,3,8,2,8,3,8,3,8,3,8,3,8,3,8,3,8,2,8,2,8,2,8,2,8,2,8,2,9,2,8,1,8,1,8,0,8,0,8,0,8,-1,8,-1,7,-2,7,-1,1,0,0,0,0,0,0,0,0"
"44,-64,2,0,0,0,0,0,0,0,2,0,11,2,10,2,11,1,11,2,10,2,9,2,9,1,9,1,9,1,10,1,10,1,10,1,10,1,9,1,9,1,9,0,9,0,8,0,8,0,8,0,9,0,9,0,8,0,8,-1,9,-1,9,-1,4,-1,9,-2,9,-2,9,-2,9,-2,8,-1,9,-1,9,-2,9,-2,9,-2,9,-2,9,-2,9,-1,9,-1,9,-1,9,-1,9,-1,9,-1,8,-1,8,-1,8,0,8,0,8,0,8,1,8,1,7,2,7,2,1,0,0,0,0,0,0,0,0,0"
"44,-64,2,0,0,0,0,0,0,0,-1,-3,-3,-12,-3,-11,-4,-11,-3,-12,-3,-11,-3,-10,-3,-10,-4,-10,-4,-10,-4,-10,-4,-11,-4,-11,-4,-10,-3,-10,-4,-10,-4,-10,-4,-9,-4,-9,-4,-8,-4,-8,-4,-9,-4,-9,-4,-8,-5,-8,-5,-9,-5,-9,-3,-4,-6,-8,-6,-9,-6,-9,-6,-9,-5,-9,-5,-8,-6,-8,-6,-8,-6,-9,-6,-9,-5,-9,-5,-9,-5,-9,-5,-9,-5,-9,-5,-9,-5,-9,-4,-9,-4,-9,-4,-8,-3,-9,-3,-9,-2,-9,-2,-9,-2,-8,-2,-8,-1,-2,0,0,0,0,0,0,0,0"
"44,-64,2,0,0,0,0,0,0,0,0,2,1,10,2,10,2,10,2,11,1,10,1,9,2,9,3,9,3,9,3,9,3,9,4,9,4,9,3,9,3,9,4,8,4,8,3,8,4,7,4,7,4,7,4,7,4,7,4,7,5,8,5,8,2,3,6,7,6,8,6,8,5,8,5,7,6,7,6,7,6,7,6,7,6,7,5,7,5,7,4,7,5,8,5,7,5,7,5,7,5,7,5,7,4,7,4,7,3,7,3,8,2,8,2,7,1,7,0,1,0,0,0,0,0,0,0,0"
"44,-64,2,0,0,0,0,0,0,0,-3,1,-9,5,-8,6,-8,6,-9,6,-8,6,-8,6,-7,6,-7,6,-7,6,-7,6,-8,6,-7,7,-7,6,-7,6,-7,6,-6,7,-6,6,-6,6,-5,6,-5,6,-5,7,-6,7,-5,6,-5,7,-6,7,-6,7,-3,4,-5,8,-5,8,-5,8,-5,8,-5,8,-5,8,-5,8,-5,8,-5,8,-5,8,-5,8,-6,7,-6,7,-6,7,-6,7,-6,7,-6,7,-6,7,-5,6,-5,6,-6,6,-6,6,-6,5,-7,5,-7,4,-7,4,-2,1,0,0,0,0,0,0,0,0"
"44,-64,2,0,0,0,0,0,0,0,-1,-3,-2,-12,-3,-11,-3,-12,-3,-13,-2,-12,-2,-12,-2,-11,-3,-11,-3,-10,-3,-11,-3,-12,-4,-12,-4,-11,-4,-11,-4,-11,-4,-11,-4,-10,-4,-10,-4,-9,-5,-10,-5,-10,-4,-10,-4,-10,-5,-10,-6,-10,-6,-10,-3,-5,-7,-10,-7,-10,-7,-10,-6,-10,-6,-10,-6,-10,-6,-10,-6,-10,-6,-10,-6,-10,-6,-10,-5,-10,-5,-10,-6,-10,-5,-10,-6,-10,-6,-10,-5,-10,-4,-10,-4,-10,-3,-10,-3,-10,-3,-10,-2,-10,-1,-10,-1,-9,-1,-3,0,0,0,0,0,0,0,0"
"44,-64,2,0,0,0,0,0,0,0,-2,13,-8,50,-8,51,-12,58,-21,59,-16,52,-11,48,-14,45,-14,47,-9,53,-10,51,-18,51,-14,55,-9,52,-23,45,-26,51,-2,61,14,47,12,27,11,26,-4,29,-21,21,-21,21,-3,28,15,34,4,42,-13,46,-2,21,0,41,-8,48,-3,54,2,53,-2,41,-3,38,3,38,3,31,3,30,3,33,-7,29,-15,18,-14,22,-16,36,-16,40,-5,30,-2,20,-7,21,-8,23,-14,18,-25,13,-28,12,-25,6,-20,-1,-16,-1,-18,-2,-6,-2,0,0,0,0,0,0,0,0"
"44,-64,2,0,0,0,0,0,0,0,-3,-3,-9,-10,-10,-9,-10,-9,-10,-10,-10,-10,-9,-9,-10,-9,-10,-8,-10,-8,-10,-8,-11,-9,-11,-8,-11,-8,-10,-8,-10,-8,-11,-7,-11,-7,-10,-7,-10,-6,-10,-6,-10,-6,-10,-6,-10,-6,-11,-6,-12,-6,-12,-6,-6,-3,-12,-5,-13,-6,-13,-6,-12,-6,-12,-6,-12,-6,-12,-5,-12,-5,-12,-6,-12,-6,-12,-6,-11,-7,-11,-7,-11,-6,-11,-6,-11,-6,-11,-7,-11,-7,-10,-6,-10,-6,-10,-7,-9,-8,-9,-8,-8,-8,-7,-8,-7,-8,-2,-2,0,0,0,0,0,0,0,0"
"44,-64,2,0,0,0,0,0,0,0,-8,11,-30,45,-27,46,-27,52,-30,51,-23,41,-22,38,-37,39,-39,41,-30,45,-28,36,-39,29,-40,35,-37,30,-44,18,-45,25,-35,38,-23,29,-16,14,-17,22,-22,18,-27,1,-27,0,-23,11,-24,22,-32,22,-39,19,-19,9,-36,18,-43,17,-44,26,-33,31,-26,20,-34,16,-37,13,-28,2,-25,-3,-28,-4,-27,-11,-26,-17,-29,-14,-30,-17,-30,-20,-23,-12,-13,-9,-13,-16,-12,-21,-5,-20,-2,-25,-2,-28,7,-22,20,-16,23,-14,23,-19,6,-6,0,0,0,0,0,0,0,0"
"44,-64,2,0,0,0,0,0,0,0,1,3,5,11,6,9,8,9,8,10,6,10,6,9,6,9,7,8,7,8,7,8,8,9,9,9,8,8,7,8,7,8,8,7,8,7,7,7,7,6,7,6,8,7,8,7,7,7,8,6,9,7,9,7,4,3,9,6,9,6,10,6,10,6,9,6,9,6,9,6,9,6,9,6,9,6,9,6,8,7,8,7,8,7,8,6,8,6,8,7,8,7,7,7,7,7,7,7,6,7,6,8,5,8,4,8,4,8,1,2,0,0,0,0,0,0,0,0"
"44,-64,2,0,0,0,0,0,0,0,-2,2,-8,8,-6,9,-6,10,-7,11,-7,10,-7,9,-6,9,-5,9,-6,9,-6,9,-6,10,-5,10,-5,10,-6,9,-6,9,-4,10,-4,9,-4,8,-4,8,-4,9,-4,9,-4,9,-4,9,-3,9,-4,10,-4,10,-2,5,-3,10,-3,11,-4,11,-3,10,-3,10,-3,10,-3,10,-3,10,-3,10,-3,10,-4,10,-5,9,-5,9,-4,9,-4,9,-4,9,-4,10,-5,9,-5,9,-4,9,-5,8,-5,7,-6,7,-6,7,-6,6,-6,6,-2,1,0,0,0,0,0,0,0,0"
"44,-64,2,0,0,0,0,0,0,0,2,0,10,2,10,1,10,1,10,1,10,1,9,1,8,0,9,0,8,0,9,0,9,0,9,0,9,0,9,0,8,0,8,-1,8,-1,8,-1,8,-1,8,-1,8,-1,8,-1,8,-1,8,-1,9,-2,9,-2,4,-1,9,-2,9,-2,9,-2,9,-2,8,-1,9,-1,9,-2,9,-2,9,-1,9,-2,9,-1,9,-1,8,0,8,-1,8,-1,8,-1,9,-1,8,0,8,0,8,0,8,1,7,1,7,1,7,2,6,2,6,2,1,0,0,0,0,0,0,0,0,0"
"44,-64,2,0,0,0,0,0,0,0,-1,1,-3,7,-2,8,-2,9,-3,9,-3,8,-2,7,-2,7,-2,7,-2,7,-2,7,-2,8,-2,8,-2,8,-2,8,-2,8,-1,7,0,7,-1,7,-1,7,-1,7,0,7,0,7,-1,7,0,7,0,8,0,8,0,3,0,7,0,8,0,8,0,8,0,7,0,8,0,8,0,8,0,8,0,8,0,8,-1,7,-1,7,-1,7,-1,7,0,8,-1,8,-1,7,-1,7,-1,7,-1,6,-2,6,-2,6,-2,6,-3,6,-3,5,-1,1,0,0,0,0,0,0,0,0"
"44,-64,2,0,0,0,0,0,0,0,-1,-3,-2,-11,-2,-10,-3,-11,-3,-11,-2,-11,-2,-10,-3,-10,-4,-9,-3,-9,-3,-10,-4,-10,-4,-10,-4,-10,-3,-10,-4,-9,-5,-9,-5,-9,-4,-9,-5,-8,-5,-8,-5,-8,-5,-8,-4,-8,-5,-8,-5,-9,-5,-9,-3,-4,-6,-8,-6,-9,-6,-9,-6,-8,-6,-8,-6,-8,-7,-8,-6,-8,-6,-9,-6,-9,-5,-9,-5,-9,-5,-9,-5,-9,-5,-9,-5,-9,-5,-9,-4,-9,-4,-9,-4,-8,-4,-8,-3,-8,-3,-9,-2,-9,-2,-8,-1,-8,-1,-2,0,0,0,0,0,0,0,0"
"44,-64,2,0,0,0,0,0,0,0,1,-2,6,-8,5,-9,5,-9,6,-9,5,-9,5,-8,5,-9,4,-9,4,-9,4,-9,4,-10,4,-10,3,-10,4,-9,4,-9,3,-10,2,-9,3,-9,2,-9,2,-9,3,-9,2,-9,2,-9,2,-9,2,-10,2,-10,0,-5,1,-10,1,-11,1,-11,1,-11,2,-10,2,-11,1,-11,1,-11,1,-11,1,-11,2,-11,2,-10,2,-10,2,-10,3,-10,3,-11,3,-11,3,-10,3,-10,3,-10,4,-9,4,-9,4,-9,4,-8,5,-7,5,-7,1,-2,0,0,0,0,0,0,0,0"
"44,-64,2,0,0,0,0,0,0,0,-3,0,-11,1,-11,2,-11,2,-12,2,-12,1,-11,2,-11,2,-11,3,-10,2,-10,3,-11,3,-11,4,-11,4,-11,3,-11,3,-10,4,-10,4,-10,4,-9,4,-9,4,-10,4,-10,4,-10,4,-9,5,-10,5,-10,5,-5,3,-10,6,-11,6,-11,6,-10,6,-10,5,-10,5,-10,6,-10,5,-10,6,-10,6,-10,6,-10,5,-10,4,-10,4,-10,5,-11,5,-11,5,-11,4,-10,4,-10,3,-11,3,-10,2,-10,2,-10,2,-10,1,-10,1,-3,0,0,0,0,0,0,0,0,0"
"44,-64,2,0,0,0,0,0,0,0,-1,-3,-3,-9,-4,-9,-4,-9,-4,-9,-4,-9,-4,-9,-5,-8,-5,-8,-5,-7,-5,-8,-6,-8,-6,-8,-6,-8,-5,-8,-5,-8,-6,-7,-6,-7,-6,-6,-6,-6,-6,-6,-6,-6,-6,-7,-6,-6,-6,-6,-7,-6,-7,-6,-4,-3,-8,-6,-8,-7,-8,-7,-8,-7,-7,-7,-7,-7,-8,-6,-7,-6,-7,-6,-8,-6,-7,-7,-7,-7,-7,-7,-7,-7,-7,-7,-7,-7,-7,-8,-6,-7,-6,-7,-5,-7,-5,-7,-5,-8,-5,-8,-4,-8,-3,-8,-3,-8,-1,-2,0,0,0,0,0,0,0,0"
"44,-64,2,0,0,0,0,0,0,0,-3,1,-9,4,-9,5,-9,5,-10,6,-9,5,-9,5,-8,5,-7,5,-7,5,-8,5,-8,6,-8,6,-7,6,-7,6,-7,6,-7,6,-6,6,-7,6,-7,6,-6,6,-6,6,-6,6,-6,6,-5,7,-6,8,-6,8,-3,4,-5,8,-6,8,-6,8,-6,8,-6,8,-6,8,-6,8,-6,8,-6,8,-6,8,-6,8,-7,7,-7,7,-6,7,-6,7,-7,7,-7,7,-7,7,-7,6,-7,6,-6,6,-6,5,-7,4,-7,4,-7,3,-8,3,-2,0,0,0,0,0,0,0,0,0"
"44,-64,2,0,0,0,0,0,0,0,1,-3,4,-9,3,-9,3,-10,3,-10,3,-9,3,-9,2,-9,2,-9,2,-9,2,-9,2,-10,2,-10,2,-10,2,-10,2,-9,1,-9,1,-9,1,-9,0,-9,0,-9,1,-9,1,-9,1,-9,0,-9,0,-10,0,-10,0,-5,0,-10,0,-10,0,-10,0,-10,0,-10,0,-10,0,-10,0,-10,0,-10,0,-10,1,-10,1,-9,1,-9,1,-9,1,-9,1,-9,2,-9,2,-8,2,-8,2,-8,2,-8,3,-7,3,-7,3,-7,4,-6,3,-6,0,-2,0,0,0,0,0,0,0,0"
"44,-64,2,0,0,0,0,0,0,0,2,-2,8,-5,7,-5,7,-6,8,-6,7,-5,7,-5,6,-5,6,-6,6,-6,6,-6,6,-6,6,-6,6,-6,6,-5,6,-5,6,-6,5,-7,5,-6,5,-6,5,-6,5,-6,5,-6,5,-6,5,-7,5,-7,5,-7,2,-4,5,-8,5,-8,5,-8,5,-8,5,-7,4,-8,4,-8,5,-7,5,-7,5,-7,5,-7,5,-7,5,-7,5,-7,5,-6,5,-6,6,-6,5,-6,5,-5,5,-5,5,-5,6,-4,6,-4,6,-4,6,-3,5,-3,1,-1,0,0,0,0,0,0,0,0"
"44,-64,2,0,0,0,0,0,0,0,0,2,1,10,0,9,0,9,1,10,1,10,1,10,1,9,2,9,1,9,1,9,2,10,2,9,2,9,2,9,2,9,3,8,3,8,3,8,3,8,3,8,3,8,3,8,3,8,3,8,4,8,4,8,2,4,5,8,4,8,5,8,5,8,4,8,4,8,5,8,4,8,4,8,4,8,4,8,3,8,3,8,3,8,3,8,3,8,3,8,3,8,2,8,2,7,1,8,1,8,1,8,1,8,0,8,0,7,0,1,0,0,0,0,0,0,0,0"
"44,-64,2,0,0,0,0,0,0,0,-2,-2,-8,-8,-8,-7,-9,-7,-9,-7,-8,-7,-8,-7,-8,-6,-8,-6,-8,-6,-8,-6,-8,-6,-9,-5,-9,-5,-8,-5,-8,-5,-9,-5,-8,-4,-8,-4,-8,-4,-8,-4,-8,-4,-8,-4,-8,-4,-8,-4,-9,-4,-9,-4,-5,-2,-10,-3,-10,-3,-10,-4,-9,-4,-9,-4,-9,-3,-9,-3,-9,-3,-9,-3,-9,-3,-9,-4,-8,-4,-8,-4,-8,-4,-8,-4,-8,-5,-9,-5,-8,-5,-7,-4,-7,-5,-7,-5,-7,-5,-7,-6,-6,-6,-6,-6,-5,-6,-2,-2,0,0,0,0,0,0,0,0"
"44,-64,2,0,0,0,0,0,0,0,-2,2,-4,8,-3,8,-3,8,-3,9,-3,8,-3,7,-3,7,-2,7,-2,7,-2,7,-2,8,-2,8,-1,8,-2,8,-1,7,-1,7,0,7,-1,7,-1,6,0,7,0,7,0,7,0,7,0,7,0,7,0,7,0,3,1,7,1,8,1,8,0,8,0,7,1,7,1,7,0,7,1,7,0,7,0,7,-1,7,-1,7,-1,7,-1,7,-1,7,-1,7,-1,7,-1,7,-1,6,-1,6,-2,6,-2,6,-3,5,-3,5,-4,5,-1,1,0,0,0,0,0,0,0,0"
"44,-64,2,0,0,0,0,0,0,0,-2,-3,-7,-10,-8,-9,-9,-9,-8,-9,-7,-8,-6,-8,-7,-7,-7,-6,-7,-6,-8,-6,-8,-7,-8,-7,-8,-6,-7,-6,-7,-6,-8,-6,-8,-5,-7,-5,-7,-5,-7,-5,-8,-5,-8,-4,-7,-4,-8,-4,-8,-4,-9,-4,-5,-2,-9,-3,-9,-4,-9,-4,-9,-4,-8,-4,-8,-4,-8,-4,-8,-4,-8,-4,-8,-4,-8,-5,-8,-4,-7,-4,-8,-5,-8,-5,-8,-5,-8,-5,-7,-5,-7,-5,-6,-5,-6,-5,-5,-5,-5,-5,-5,-6,-5,-6,-4,-6,-1,-2,0,0,0,0,0,0,0,0"
"44,-64,2,0,0,0,0,0,0,0,-1,2,-1,9,0,9,0,9,0,10,0,9,0,9,0,8,1,8,1,8,1,8,1,9,1,9,1,8,1,8,1,8,2,8,2,7,1,7,2,7,2,7,2,7,2,7,2,7,2,7,3,7,3,8,1,3,4,7,3,7,3,8,3,8,3,7,3,7,3,7,3,7,3,7,3,7,3,7,2,7,2,7,2,7,2,7,2,7,2,7,2,7,2,7,1,7,1,7,0,6,0,6,-1,6,-1,6,-1,6,-1,1,0,0,0,0,0,0,0,0"
"44,-64,2,0,0,0,0,0,0,0,-1,2,-1,11,0,10,0,11,0,11,-1,10,-1,10,0,9,0,9,0,9,0,9,0,10,1,10,1,9,0,9,1,9,2,9,2,8,1,8,1,8,1,8,1,8,1,8,1,8,2,8,2,8,2,8,1,4,3,8,3,8,3,8,3,8,2,8,2,8,2,8,2,8,2,8,2,8,2,9,1,8,1,8,1,8,1,8,1,8,1,8,0,8,0,7,0,7,0,7,-1,7,-1,7,-1,7,-2,6,-2,6,-1,1,0,0,0,0,0,0,0,0"
"44,-64,2,0,0,0,0,0,0,0,0,-3,2,-9,1,-9,1,-10,2,-10,2,-9,2,-9,1,-9,1,-9,1,-9,1,-8,1,-8,0,-9,0,-9,0,-8,0,-8,0,-8,-1,-8,-1,-8,-1,-7,-1,-7,-1,-8,-1,-8,-1,-7,-1,-7,-1,-8,-1,-8,-1,-4,-2,-8,-2,-8,-2,-8,-2,-8,-1,-8,-2,-8,-2,-8,-1,-8,-1,-8,-1,-8,-1,-8,-1,-8,-1,-8,-1,-8,-1,-8,0,-8,0,-8,0,-7,0,-7,0,-7,1,-7,2,-7,2,-7,2,-6,2,-6,1,-5,0,-2,0,0,0,0,0,0,0,0"
"44,-64,2,0,0,0,0,0,0,0,2,-2,10,-5,10,-6,10,-7,10,-6,9,-6,8,-5,7,-5,7,-6,7,-5,7,-5,8,-5,8,-6,8,-6,8,-5,8,-5,7,-6,7,-6,7,-5,7,-6,7,-6,7,-6,7,-6,6,-6,6,-6,7,-7,7,-7,3,-4,6,-7,7,-7,7,-7,6,-7,7,-6,7,-6,7,-6,7,-6,7,-6,7,-6,7,-5,7,-5,7,-5,7,-5,7,-5,7,-4,7,-4,7,-4,7,-4,7,-4,7,-3,7,-3,7,-2,6,-2,5,-1,6,-1,1,-1,0,0,0,0,0,0,0,0"
"44,-64,2,0,0,0,0,0,0,0,10,0,40,1,39,-6,42,-13,47,-12,43,-11,31,-9,26,-10,25,-10,24,-11,26,-14,31,-11,35,-11,34,-15,33,-17,30,-23,22,-27,13,-19,11,-11,13,-18,19,-18,24,-11,20,-12,7,-16,-7,-24,1,-31,15,-31,3,-14,1,-31,7,-39,5,-45,3,-46,7,-39,5,-34,1,-34,4,-27,-1,-18,-9,-19,3,-25,13,-24,9,-24,8,-33,5,-35,-5,-21,-6,-13,2,-16,4,-18,7,-21,9,-26,11,-23,9,-11,7,2,11,2,15,-3,4,-1,0,0,0,0,0,0,0,0"
"44,-64,2,0,0,0,0,0,0,0,-2,-3,-6,-10,-6,-9,-7,-9,-7,-10,-6,-10,-6,-9,-6,-9,-7,-8,-6,-8,-6,-8,-7,-9,-8,-8,-8,-8,-7,-7,-6,-7,-7,-7,-8,-7,-7,-6,-7,-6,-7,-6,-8,-6,-8,-6,-7,-6,-8,-5,-8,-6,-8,-6,-4,-3,-9,-5,-9,-6,-9,-5,-9,-5,-8,-5,-9,-5,-9,-5,-9,-5,-9,-5,-9,-5,-9,-5,-8,-5,-8,-5,-8,-5,-8,-6,-8,-6,-8,-5,-8,-5,-8,-5,-8,-6,-7,-6,-7,-6,-6,-5,-6,-6,-5,-6,-4,-6,-1,-2,0,0,0,0,0,0,0,0"
"44,-64,2,0,0,0,0,0,0,0,0,2,0,10,1,9,2,9,2,9,1,9,1,9,2,8,2,8,2,8,2,8,2,9,2,9,2,8,2,8,2,8,3,8,3,7,2,7,2,7,3,7,3,7,3,7,3,7,4,7,4,7,4,7,2,3,4,7,4,7,4,7,4,7,4,7,4,7,4,7,4,7,4,7,4,7,3,7,3,7,3,7,3,7,3,7,3,7,3,7,2,7,2,7,2,7,2,7,1,7,1,7,1,7,0,7,-1,6,-1,1,0,0,0,0,0,0,0,0"
"44,-64,2,0,0,0,0,0,0,0,-3,-1,-10,-4,-10,-3,-11,-3,-11,-3,-10,-3,-10,-3,-10,-2,-9,-1,-9,-2,-10,-2,-10,-2,-10,-2,-10,-2,-9,-2,-9,-2,-10,-1,-9,-1,-8,-1,-9,-1,-9,-1,-9,-1,-8,0,-8,-1,-9,0,-9,0,-10,0,-5,0,-9,0,-10,0,-10,0,-9,0,-9,0,-10,0,-10,0,-9,0,-9,0,-9,0,-9,-1,-9,-1,-9,-2,-9,-1,-9,-1,-9,-1,-9,-1,-8,-2,-8,-2,-8,-1,-8,-2,-8,-2,-8,-3,-7,-3,-7,-4,-7,-4,-2,-1,0,0,0,0,0,0,0,0"
"44,-64,2,0,0,0,0,0,0,0,2,-2,9,-5,8,-6,8,-6,9,-6,8,-5,8,-5,7,-6,7,-6,7,-5,7,-5,7,-6,7,-6,7,-6,7,-5,6,-5,6,-6,5,-6,5,-6,5,-5,5,-6,6,-6,6,-6,5,-6,5,-6,6,-7,6,-7,2,-4,5,-7,5,-7,6,-8,6,-7,6,-7,5,-7,5,-8,5,-7,5,-7,5,-7,6,-7,6,-6,6,-6,6,-6,6,-6,6,-6,6,-6,6,-5,5,-5,5,-5,6,-5,6,-4,6,-4,6,-3,7,-3,6,-3,1,-1,0,0,0,0,0,0,0,0"
"44,-64,2,0,0,0,0,0,0,0,-2,-2,-7,-8,-7,-7,-8,-8,-8,-8,-8,-8,-7,-7,-7,-6,-7,-6,-7,-6,-7,-6,-7,-6,-8,-6,-8,-6,-7,-6,-7,-5,-7,-5,-8,-5,-7,-5,-7,-4,-8,-4,-8,-4,-8,-4,-7,-4,-8,-4,-9,-4,-9,-4,-4,-2,-9,-4,-9,-4,-9,-4,-8,-4,-8,-4,-9,-4,-9,-4,-8,-4,-8,-4,-8,-3,-8,-4,-8,-5,-8,-5,-8,-4,-8,-4,-8,-5,-8,-5,-7,-5,-7,-4,-7,-5,-6,-5,-6,-5,-6,-5,-6,-6,-5,-6,-5,-6,-2,-2,0,0,0,0,0,0,0,0"
"44,-64,2,0,0,0,0,0,0,0,1,2,6,7,6,6,7,6,7,7,6,7,6,6,6,5,6,5,6,5,6,5,7,6,7,5,7,5,6,5,6,5,7,4,6,3,6,3,7,3,6,3,6,3,7,3,7,3,7,3,7,3,7,3,4,1,8,2,8,3,8,3,8,3,7,3,8,3,8,2,8,2,8,3,8,3,8,3,7,4,7,3,7,3,7,3,7,4,7,4,7,4,7,4,6,4,6,4,6,4,6,5,5,5,4,5,4,5,1,1,0,0,0,0,0,0,0,0"
"44,-64,2,0,0,0,0,0,0,0,-2,-3,-5,-9,-5,-9,-6,-9,-6,-10,-5,-9,-5,-9,-5,-8,-5,-8,-5,-7,-6,-7,-6,-8,-7,-7,-6,-7,-6,-7,-6,-7,-6,-7,-6,-6,-6,-6,-6,-5,-6,-5,-6,-6,-6,-6,-6,-6,-7,-5,-8,-5,-8,-6,-4,-3,-8,-5,-8,-6,-9,-6,-8,-5,-8,-5,-8,-5,-8,-5,-8,-6,-8,-6,-8,-5,-8,-6,-7,-6,-7,-6,-7,-6,-7,-6,-7,-6,-8,-7,-7,-7,-7,-7,-6,-6,-6,-7,-6,-7,-5,-8,-5,-8,-4,-7,-4,-7,-1,-2,0,0,0,0,0,0,0,0"
"44,-64,2,0,0,0,0,0,0,0,-3,-2,-9,-5,-9,-5,-10,-4,-10,-5,-9,-5,-9,-5,-9,-4,-9,-3,-8,-3,-8,-3,-9,-4,-9,-3,-9,-3,-9,-3,-9,-3,-9,-2,-8,-2,-8,-2,-8,-2,-8,-1,-8,-1,-8,-1,-8,-1,-8,0,-9,0,-9,-1,-5,0,-9,0,-10,0,-10,0,-9,0,-9,0,-10,0,-10,0,-9,0,-9,0,-10,0,-10,0,-10,-1,-10,-1,-10,-1,-9,-1,-9,-1,-10,-1,-9,-1,-9,-2,-9,-2,-9,-2,-9,-2,-9,-3,-8,-3,-8,-4,-8,-4,-2,-1,0,0,0,0,0,0,0,0"
"44,-64,2,0,0,0,0,0,0,0,-3,0,-11,0,-10,1,-10,1,-10,1,-10,1,-9,1,-9,1,-9,1,-9,2,-9,1,-9,1,-9,2,-9,2,-9,2,-8,2,-8,2,-8,3,-7,3,-7,3,-7,3,-8,3,-8,3,-7,3,-7,3,-8,4,-8,4,-4,2,-8,5,-8,5,-8,5,-8,5,-8,4,-8,5,-8,5,-8,5,-8,5,-8,5,-9,4,-8,4,-8,4,-8,4,-8,4,-9,4,-9,4,-8,3,-8,3,-8,3,-8,3,-9,2,-9,2,-9,1,-8,0,-8,0,-2,0,0,0,0,0,0,0,0,0"
"44,-64,2,0,0,0,0,0,0,0,-3,-1,-10,-3,-9,-3,-10,-2,-10,-3,-9,-3,-9,-2,-9,-2,-9,-2,-9,-1,-9,-1,-9,-2,-9,-1,-9,0,-9,0,-9,0,-9,0,-8,1,-8,0,-8,1,-8,1,-9,1,-9,1,-8,1,-8,2,-9,2,-9,2,-4,1,-8,3,-9,3,-9,3,-9,3,-9,2,-9,3,-9,3,-9,3,-9,3,-9,3,-9,3,-9,2,-9,2,-9,2,-9,2,-9,2,-10,2,-9,2,-9,2,-9,2,-9,1,-9,0,-9,0,-9,0,-9,-1,-8,-1,-2,-1,0,0,0,0,0,0,0,0"
"44,-64,2,0,0,0,0,0,0,0,-2,1,-8,4,-8,4,-9,5,-9,5,-9,5,-8,4,-7,4,-7,5,-7,5,-7,5,-7,6,-7,6,-7,5,-7,5,-6,5,-6,6,-5,6,-5,5,-5,5,-5,5,-6,6,-6,6,-5,6,-5,6,-5,6,-4,6,-2,3,-4,7,-5,7,-5,8,-5,7,-5,6,-5,7,-5,7,-5,7,-5,7,-5,8,-5,7,-6,7,-6,6,-5,6,-5,7,-6,7,-7,7,-7,6,-6,6,-6,6,-6,5,-7,5,-7,5,-7,4,-7,4,-7,3,-2,0,0,0,0,0,0,0,0,0"
"44,-64,2,0,0,0,0,0,0,0,-3,0,-9,0,-9,1,-9,1,-10,0,-10,0,-9,0,-9,0,-9,1,-9,1,-9,1,-9,2,-9,2,-9,2,-9,2,-9,2,-8,2,-8,3,-7,3,-7,3,-7,3,-7,3,-7,3,-7,2,-7,3,-8,3,-8,3,-4,1,-7,4,-8,4,-8,4,-8,4,-7,4,-7,4,-7,4,-7,4,-8,4,-8,4,-8,3,-8,3,-8,3,-8,3,-8,3,-8,3,-8,3,-8,3,-7,3,-7,2,-8,2,-8,1,-8,1,-8,1,-7,0,-7,0,-2,0,0,0,0,0,0,0,0,0"
"44,-64,2,0,0,0,0,0,0,0,1,2,6,7,7,7,7,8,7,7,7,7,6,5,6,5,6,5,6,5,6,5,6,5,7,5,7,4,6,4,6,4,6,4,6,4,6,4,6,4,6,3,6,3,6,3,6,3,6,3,7,3,7,4,3,1,7,3,7,3,8,3,8,3,7,4,7,3,7,3,7,3,7,3,7,3,7,4,7,4,6,3,6,4,6,4,6,4,6,4,6,4,5,4,5,4,4,4,4,4,4,5,3,5,3,5,3,5,0,1,0,0,0,0,0,0,0,0"
"44,-64,2,0,0,0,0,0,0,0,-2,2,-5,8,-4,9,-3,10,-3,10,-3,8,-3,8,-3,8,-2,8,-2,8,-2,8,-3,8,-2,9,-2,8,-2,8,-2,8,-1,8,-1,8,-1,8,-1,7,-1,7,-1,7,-1,7,-1,7,-1,8,-1,8,-1,8,0,4,0,8,0,8,0,8,0,8,-1,8,0,8,0,8,-1,8,-1,8,-1,8,-1,8,-1,7,-1,7,-1,7,-2,8,-2,8,-2,7,-3,7,-3,7,-2,6,-3,6,-3,6,-4,6,-4,6,-4,5,-4,4,-1,0,0,0,0,0,0,0,0,0"
"44,-64,2,0,0,0,0,0,0,0,-2,-1,-8,-1,-9,-1,-9,-1,-10,0,-10,0,-9,0,-9,0,-9,1,-8,1,-8,0,-8,0,-9,1,-8,1,-8,1,-8,1,-8,1,-7,2,-7,2,-7,2,-7,1,-7,2,-8,2,-7,2,-7,3,-8,3,-7,3,-4,1,-8,3,-8,3,-8,3,-7,3,-7,3,-7,3,-7,3,-8,3,-8,3,-8,3,-8,2,-7,2,-7,2,-8,1,-8,2,-8,2,-8,1,-8,1,-7,1,-7,0,-7,0,-7,0,-7,0,-7,-1,-6,-1,-6,-2,-2,-1,0,0,0,0,0,0,0,0"
"44,-64,2,0,0,0,0,0,0,0,0,2,1,9,2,8,2,9,2,9,1,9,1,8,2,7,2,7,2,7,2,7,2,7,3,7,3,7,2,7,3,6,3,6,3,6,3,6,3,6,3,6,3,6,3,6,3,6,4,6,5,6,4,6,2,3,5,5,5,6,5,6,5,5,4,6,5,6,5,6,5,6,5,6,5,6,5,6,4,6,4,6,4,6,4,6,4,6,4,7,4,7,4,7,3,7,3,7,2,7,2,7,1,7,1,7,0,7,0,1,0,0,0,0,0,0,0,0"
"44,-64,2,0,0,0,0,0,0,0,1,1,6,7,6,6,7,6,7,6,6,6,6,5,6,5,6,4,6,4,6,4,7,5,7,4,7,4,6,4,6,4,7,3,7,2,6,3,6,2,6,2,6,2,6,2,6,2,7,2,7,2,7,2,3,0,8,1,8,1,8,1,7,1,7,1,7,1,8,1,8,1,8,1,8,1,8,1,7,2,7,2,7,2,7,2,8,2,8,2,8,2,7,2,6,3,6,3,7,3,6,4,6,4,5,5,4,5,1,1,0,0,0,0,0,0,0,0"
"44,-64,2,0,0,0,0,0,0,0,1,-2,6,-7,5,-6,6,-7,7,-7,6,-7,5,-7,4,-6,4,-6,4,-6,5,-6,5,-7,4,-7,4,-7,4,-6,4,-6,3,-7,2,-7,2,-7,2,-7,2,-7,2,-7,2,-7,2,-7,2,-7,2,-7,2,-8,0,-4,1,-8,1,-8,1,-8,1,-8,1,-8,1,-8,1,-8,1,-8,1,-8,1,-8,2,-8,2,-8,2,-8,2,-8,2,-8,2,-8,2,-8,2,-8,2,-8,2,-7,3,-7,3,-6,3,-6,4,-6,4,-6,4,-5,1,-1,0,0,0,0,0,0,0,0"
"44,-64,2,0,0,0,0,0,0,0,1,1,6,7,7,7,7,7,7,7,7,7,7,6,7,6,7,5,6,5,6,5,7,5,7,5,7,5,7,5,7,5,8,4,8,4,7,4,7,3,7,3,7,3,7,4,7,3,7,3,8,3,8,3,4,1,9,3,8,3,9,3,8,3,8,3,8,3,8,3,8,3,8,3,8,3,8,4,8,4,8,3,8,3,8,3,7,4,7,4,7,4,7,4,7,4,6,4,6,5,6,5,5,5,5,6,4,6,0,1,0,0,0,0,0,0,0,0"
"44,-64,2,0,0,0,0,0,0,0,2,-1,9,-4,9,-5,9,-5,10,-5,9,-4,8,-4,8,-5,8,-5,8,-5,8,-5,8,-5,8,-6,8,-6,8,-5,8,-5,7,-6,7,-6,6,-6,6,-6,6,-6,6,-6,7,-6,7,-6,6,-6,7,-7,7,-7,3,-4,6,-8,6,-8,6,-8,6,-7,6,-7,6,-8,6,-8,6,-8,6,-8,6,-8,6,-7,6,-7,6,-6,6,-7,6,-7,7,-6,7,-6,7,-6,7,-7,6,-7,7,-6,7,-5,7,-5,7,-4,7,-4,7,-3,1,-1,0,0,0,0,0,0,0,0"
"44,-64,2,0,0,0,0,0,0,0,-3,0,-11,2,-11,3,-11,3,-12,3,-11,2,-10,2,-10,3,-10,3,-10,3,-10,2,-11,3,-11,3,-10,4,-10,3,-10,3,-9,4,-9,4,-9,3,-8,4,-9,4,-9,3,-9,3,-9,3,-8,4,-9,4,-9,4,-5,2,-9,5,-10,5,-10,5,-9,5,-9,5,-9,5,-9,5,-9,5,-9,5,-9,5,-9,5,-9,4,-9,3,-10,4,-9,4,-9,4,-10,4,-10,4,-9,3,-9,3,-9,3,-9,2,-10,1,-10,1,-9,0,-9,0,-3,0,0,0,0,0,0,0,0,0"
"44,-64,2,0,0,0,0,0,0,0,-1,-3,-3,-9,-3,-10,-3,-10,-3,-11,-3,-10,-3,-9,-4,-9,-4,-9,-4,-9,-4,-9,-4,-9,-5,-9,-5,-9,-4,-9,-4,-8,-5,-8,-5,-8,-5,-7,-5,-7,-5,-7,-6,-7,-6,-7,-5,-7,-6,-7,-6,-8,-6,-7,-4,-4,-7,-6,-7,-7,-7,-7,-7,-7,-6,-7,-7,-7,-7,-6,-7,-6,-7,-7,-7,-7,-7,-7,-6,-7,-6,-7,-6,-7,-6,-7,-6,-7,-7,-7,-6,-7,-6,-7,-6,-7,-5,-7,-5,-7,-4,-7,-4,-7,-4,-7,-4,-7,-1,-2,0,0,0,0,0,0,0,0"
"44,-64,2,0,0,0,0,0,0,0,-2,2,-6,9,-6,9,-6,10,-6,10,-6,9,-6,8,-5,9,-5,9,-5,8,-5,9,-5,9,-5,10,-5,9,-5,8,-5,8,-4,9,-4,9,-4,8,-4,8,-4,8,-4,9,-4,9,-4,8,-3,8,-3,9,-2,9,-1,5,-2,10,-2,10,-3,10,-3,9,-3,9,-2,9,-2,9,-2,9,-2,9,-3,10,-3,9,-3,8,-3,8,-3,8,-3,8,-3,9,-3,9,-3,9,-3,9,-4,8,-4,8,-4,7,-4,7,-5,7,-5,6,-5,5,-2,1,0,0,0,0,0,0,0,0"
"44,-64,2,0,0,0,0,0,0,0,-1,2,-4,10,-3,10,-2,10,-3,11,-3,10,-3,10,-2,9,-1,9,-1,9,-2,10,-2,10,-2,10,-2,10,-2,10,-2,9,-1,9,0,9,0,9,0,9,0,9,0,9,0,9,0,9,0,9,0,10,0,9,0,4,1,9,1,10,1,10,1,10,1,9,1,9,2,9,1,9,2,9,2,10,1,10,0,9,0,9,0,9,0,9,0,10,0,10,0,9,0,9,0,9,-1,9,-1,9,-2,9,-2,9,-3,8,-3,7,-1,1,0,0,0,0,0,0,0,0"
"44,-64,2,0,0,0,0,0,0,0,2,1,10,3,9,3,10,3,10,3,9,3,8,3,8,2,8,2,8,2,9,2,10,2,10,1,9,1,9,2,9,2,9,1,9,0,9,1,8,0,8,0,9,0,9,0,9,0,9,0,9,-1,10,-1,5,-1,10,-1,10,-1,10,-1,9,-1,9,-1,9,-1,9,-1,9,-1,9,-1,9,-1,10,-1,9,0,9,0,10,0,9,0,10,0,10,0,9,0,9,0,9,0,9,0,9,1,9,1,8,2,8,2,7,2,1,0,0,0,0,0,0,0,0,0"
"44,-64,2,0,0,0,0,0,0,0,-3,1,-11,7,-10,7,-10,8,-11,8,-11,7,-10,7,-10,7,-9,8,-9,7,-9,7,-9,8,-9,9,-9,9,-9,8,-9,8,-8,8,-8,8,-7,8,-7,8,-7,8,-7,8,-7,8,-7,8,-6,9,-7,10,-7,10,-3,5,-6,10,-7,10,-7,10,-6,10,-6,9,-6,10,-6,10,-6,10,-6,10,-6,10,-6,10,-7,9,-7,9,-7,9,-7,9,-7,10,-8,10,-8,9,-8,9,-7,9,-7,8,-8,7,-8,7,-8,7,-9,6,-9,6,-3,1,0,0,0,0,0,0,0,0"
"44,-64,2,0,0,0,0,0,0,0,-3,-2,-9,-6,-10,-6,-10,-6,-9,-7,-8,-8,-8,-7,-8,-6,-8,-5,-8,-6,-9,-6,-9,-6,-10,-5,-10,-5,-9,-5,-9,-5,-10,-4,-9,-4,-9,-4,-8,-4,-9,-4,-9,-4,-9,-4,-9,-4,-9,-3,-10,-3,-10,-3,-5,-1,-11,-2,-11,-2,-11,-2,-11,-3,-10,-3,-11,-2,-11,-2,-10,-2,-11,-2,-11,-2,-10,-3,-10,-3,-10,-3,-11,-3,-10,-3,-11,-3,-11,-3,-10,-3,-10,-3,-10,-3,-10,-4,-9,-4,-9,-4,-9,-5,-8,-5,-7,-5,-2,-2,0,0,0,0,0,0,0,0"
"44,-64,2,0,0,0,0,0,0,0,0,-3,0,-11,0,-11,-1,-11,0,-12,0,-11,0,-11,-1,-10,-1,-10,-1,-9,-1,-10,-1,-10,-1,-10,-1,-10,-1,-10,-1,-10,-2,-10,-2,-10,-1,-9,-2,-9,-2,-9,-2,-9,-2,-9,-2,-9,-2,-9,-3,-10,-3,-10,-2,-5,-3,-10,-3,-10,-3,-10,-3,-10,-3,-10,-3,-10,-3,-10,-3,-10,-3,-10,-3,-9,-3,-10,-2,-10,-2,-10,-2,-10,-2,-10,-2,-10,-2,-10,-2,-10,-1,-10,-1,-9,0,-9,0,-9,0,-9,0,-9,1,-8,1,-8,0,-2,0,0,0,0,0,0,0,0"
"44,-64,2,0,0,0,0,0,0,0,-1,2,-2,9,-1,9,-1,9,-2,9,-2,9,-2,8,-1,8,-1,8,-1,7,-1,8,-1,8,-1,8,0,8,-1,7,-1,7,0,7,0,7,0,7,0,7,0,7,0,7,0,7,0,6,1,6,1,7,1,7,0,3,1,7,1,7,1,7,1,7,1,7,1,7,1,7,1,7,1,7,2,7,1,7,1,7,0,7,1,7,1,7,1,7,1,8,0,7,0,7,0,7,-1,7,-1,7,-1,7,-1,7,-2,6,-2,6,-1,1,0,0,0,0,0,0,0,0"
"44,-64,2,0,0,0,0,0,0,0,1,-3,4,-9,4,-9,4,-9,4,-10,5,-9,4,-8,3,-8,3,-8,3,-7,3,-8,3,-8,3,-8,3,-8,3,-7,3,-7,2,-7,2,-7,2,-7,2,-7,2,-7,2,-7,2,-7,2,-6,1,-7,2,-7,1,-7,0,-4,1,-7,1,-8,1,-8,1,-7,1,-7,1,-7,1,-7,1,-7,1,-7,1,-7,2,-7,2,-7,2,-7,2,-7,2,-7,2,-7,2,-7,2,-7,2,-7,3,-7,3,-6,3,-6,3,-6,3,-5,3,-5,3,-5,0,-2,0,0,0,0,0,0,0,0"
"44,-64,2,0,0,0,0,0,0,0,-2,2,-5,9,-4,9,-4,10,-4,10,-4,9,-4,8,-4,8,-3,8,-3,8,-3,8,-3,9,-3,9,-2,9,-3,8,-3,8,-2,9,-1,8,-2,8,-2,8,-1,8,-1,8,-1,8,-1,7,-1,8,-1,8,-1,9,0,4,0,8,0,9,0,9,0,9,0,8,0,8,0,8,0,8,0,9,0,9,0,8,-1,8,-1,8,-1,8,-1,8,-1,8,-1,8,-1,8,-1,8,-1,8,-2,8,-2,8,-2,8,-3,7,-3,7,-4,7,-1,1,0,0,0,0,0,0,0,0"
"44,-64,2,0,0,0,0,0,0,0,2,-1,11,-1,10,-2,11,-3,11,-2,10,-2,10,-2,10,-2,9,-3,8,-2,9,-2,10,-3,10,-3,10,-3,9,-2,9,-2,9,-3,8,-4,8,-3,8,-3,8,-3,8,-3,8,-3,8,-3,8,-4,8,-5,9,-5,4,-3,8,-5,9,-5,9,-5,9,-5,8,-4,8,-4,8,-5,8,-4,8,-5,8,-5,8,-4,8,-4,8,-4,9,-4,9,-4,9,-4,9,-4,9,-4,8,-3,9,-3,9,-3,9,-2,8,-2,9,-1,8,0,8,0,2,0,0,0,0,0,0,0,0,0"
"44,-64,2,0,0,0,0,0,0,0,-2,2,-7,8,-6,8,-5,9,-6,9,-6,8,-6,7,-5,8,-5,8,-5,8,-5,8,-5,8,-5,8,-4,8,-5,8,-5,8,-4,8,-3,8,-3,7,-3,7,-3,7,-3,8,-3,8,-3,7,-3,8,-3,8,-3,9,-1,4,-2,9,-2,9,-2,9,-2,9,-2,8,-2,8,-2,9,-2,9,-2,9,-2,9,-3,8,-3,8,-3,8,-3,8,-3,8,-3,9,-3,9,-3,8,-3,8,-3,7,-4,7,-4,7,-5,7,-5,7,-5,6,-6,5,-2,1,0,0,0,0,0,0,0,0"
"44,-64,2,0,0,0,0,0,0,0,-2,1,-8,7,-7,7,-7,7,-8,7,-7,7,-7,6,-7,7,-6,6,-6,6,-6,7,-6,7,-6,7,-6,7,-6,6,-6,6,-5,7,-5,7,-5,6,-5,6,-5,6,-5,6,-5,6,-5,6,-4,6,-4,7,-4,7,-2,3,-4,7,-4,7,-4,8,-4,7,-4,7,-4,7,-4,7,-4,7,-4,7,-4,7,-4,7,-5,6,-4,6,-5,6,-5,6,-5,6,-5,6,-5,6,-5,6,-5,5,-5,5,-5,4,-6,4,-6,4,-6,3,-6,3,-2,0,0,0,0,0,0,0,0,0"
"44,-64,2,0,0,0,0,0,0,0,-2,-3,-8,-9,-9,-9,-9,-9,-9,-10,-8,-9,-7,-9,-7,-8,-8,-8,-8,-8,-7,-8,-8,-8,-8,-8,-8,-7,-7,-8,-7,-7,-7,-7,-7,-6,-7,-6,-7,-6,-7,-6,-6,-6,-6,-6,-6,-5,-7,-5,-7,-6,-7,-6,-4,-3,-7,-5,-7,-6,-7,-6,-7,-6,-6,-5,-7,-5,-6,-5,-6,-5,-6,-5,-6,-5,-6,-5,-5,-5,-5,-5,-5,-5,-5,-5,-5,-5,-5,-5,-5,-5,-5,-5,-4,-5,-4,-5,-4,-5,-4,-5,-4,-5,-3,-5,-3,-4,-1,-1,0,0,0,0,0,0,0,0"
"44,-64,2,0,0,0,0,0,0,0,0,2,2,11,2,10,3,10,3,11,2,10,1,9,2,9,2,9,2,9,2,9,2,9,2,9,2,9,1,8,1,8,2,8,2,7,1,7,1,7,1,7,1,7,1,7,1,7,2,7,2,7,2,7,1,3,2,7,2,7,2,7,2,7,2,7,2,7,2,7,2,6,1,6,1,6,1,6,1,6,0,6,0,6,0,6,0,6,0,6,-1,6,0,6,0,6,0,6,-1,5,-1,5,-1,5,-2,5,-2,4,-1,1,0,0,0,0,0,0,0,0"
"44,-64,2,0,0,0,0,0,0,0,-3,-2,-11,-5,-11,-4,-12,-4,-12,-5,-11,-5,-10,-5,-10,-4,-10,-4,-10,-4,-10,-4,-10,-4,-11,-4,-10,-4,-10,-4,-9,-4,-10,-3,-9,-3,-9,-3,-9,-3,-9,-3,-8,-3,-8,-3,-8,-2,-9,-2,-9,-2,-8,-2,-4,-1,-9,-2,-9,-2,-9,-2,-9,-1,-8,-2,-8,-2,-8,-2,-8,-2,-8,-2,-8,-1,-8,-2,-7,-2,-8,-3,-8,-3,-8,-3,-8,-3,-8,-3,-8,-3,-7,-3,-6,-3,-7,-3,-7,-4,-7,-4,-6,-4,-5,-5,-5,-4,-2,-1,0,0,0,0,0,0,0,0"
"44,-64,2,0,0,0,0,0,0,0,1,2,8,9,8,9,9,9,9,10,8,10,7,9,7,8,7,7,7,7,7,7,7,8,8,8,7,7,7,7,7,7,7,6,7,6,7,6,7,5,7,5,7,6,7,6,7,5,7,5,8,5,9,5,4,2,9,4,9,4,9,5,8,5,8,5,8,4,8,4,8,4,8,4,8,4,8,4,7,4,7,4,7,4,7,4,7,5,8,5,8,5,8,5,7,5,7,6,7,6,6,6,6,6,5,6,4,6,1,1,0,0,0,0,0,0,0,0"
"44,-64,2,0,0,0,0,0,0,0,0,4,1,16,2,15,4,16,3,16,2,16,2,15,2,14,2,14,2,14,2,14,2,15,3,15,3,14,2,14,1,13,3,13,4,13,3,12,3,12,3,12,3,12,3,12,3,12,3,12,4,13,4,13,2,6,4,13,5,13,5,13,5,13,5,12,5,12,5,12,4,12,4,13,4,13,4,13,3,13,3,13,3,12,3,12,3,13,3,14,2,13,2,13,2,13,1,13,1,12,0,12,-1,13,-2,12,-2,12,-1,3,0,0,0,0,0,0,0,0"
"44,-64,2,0,0,0,0,0,0,0,1,3,4,11,5,10,5,10,5,11,4,10,4,9,5,9,5,8,5,8,5,8,5,9,6,9,6,9,5,9,5,9,6,8,6,8,5,8,5,7,5,7,5,7,5,7,5,7,6,7,7,7,7,7,3,3,8,6,8,7,7,7,7,6,7,6,7,6,8,6,7,6,7,6,7,6,7,6,7,7,7,7,7,7,7,7,7,7,7,7,7,7,6,7,7,7,6,7,6,7,6,8,5,8,4,8,4,8,1,2,0,0,0,0,0,0,0,0"
"44,-64,2,0,0,0,0,0,0,0,3,1,12,4,12,2,13,2,13,2,13,3,12,2,12,2,11,2,11,2,11,2,12,2,12,2,12,2,11,2,11,2,11,0,11,0,10,0,10,0,10,0,10,0,10,0,10,0,10,-1,11,-1,11,-1,5,-1,11,-2,11,-2,11,-2,11,-1,11,-1,11,-2,11,-2,11,-2,11,-2,11,-2,11,-2,11,-2,11,-1,11,-1,11,-1,12,-1,12,-1,11,-1,11,-1,11,-1,11,-1,11,0,11,1,12,2,11,2,9,2,2,0,0,0,0,0,0,0,0,0"
"44,-64,2,0,0,0,0,0,0,0,3,1,13,6,12,4,12,4,13,5,12,5,11,4,11,3,11,2,11,3,12,4,12,4,12,3,12,3,11,3,11,3,12,2,11,1,10,2,10,1,10,1,11,1,11,1,10,1,11,0,12,0,12,0,5,-1,11,-1,12,0,13,-1,12,-1,12,0,12,-1,12,-1,11,-1,12,-1,12,-1,11,-1,11,0,11,0,11,0,11,0,12,-1,12,0,12,0,11,0,11,0,12,1,12,1,11,2,11,2,10,3,10,3,2,0,0,0,0,0,0,0,0,0"
"44,-64,2,0,0,0,0,0,0,0,-1,-4,-4,-12,-5,-12,-5,-12,-5,-13,-4,-12,-4,-11,-4,-11,-5,-11,-4,-11,-4,-11,-5,-12,-5,-11,-5,-11,-5,-11,-4,-11,-5,-11,-5,-10,-5,-9,-5,-9,-5,-9,-5,-10,-5,-10,-5,-9,-6,-9,-6,-10,-6,-10,-4,-5,-7,-10,-7,-10,-7,-10,-7,-10,-7,-10,-7,-9,-7,-9,-7,-9,-7,-10,-7,-10,-7,-10,-6,-10,-6,-9,-7,-10,-7,-10,-7,-11,-6,-11,-6,-10,-6,-11,-6,-11,-5,-11,-5,-11,-5,-11,-4,-11,-3,-11,-3,-10,-1,-3,0,0,0,0,0,0,0,0"
"44,-64,2,0,0,0,0,0,0,0,-3,1,-11,6,-10,7,-10,7,-11,7,-11,6,-10,6,-10,6,-10,7,-9,6,-10,6,-10,7,-10,7,-9,7,-10,6,-9,6,-9,7,-8,7,-8,6,-8,7,-8,6,-8,7,-8,7,-8,7,-8,7,-8,8,-8,9,-4,4,-7,9,-7,9,-7,9,-7,9,-7,8,-7,8,-6,9,-7,9,-7,9,-7,9,-7,9,-7,8,-7,8,-7,8,-7,8,-7,9,-8,9,-8,9,-7,8,-8,8,-8,8,-8,7,-8,7,-9,7,-9,6,-9,5,-3,1,0,0,0,0,0,0,0,0"
"44,-64,2,0,0,0,0,0,0,0,-2,3,-5,12,-4,11,-3,11,-4,12,-5,11,-4,10,-4,10,-3,10,-3,10,-3,10,-3,11,-3,11,-3,11,-4,10,-3,10,-2,10,-1,10,-2,9,-2,9,-2,9,-1,10,-1,10,-1,9,-1,9,0,10,0,11,0,5,1,10,0,11,1,11,1,11,0,10,1,10,1,10,1,10,1,10,1,10,1,10,0,10,0,10,1,10,1,11,1,11,1,11,0,11,0,10,0,10,0,10,-1,10,-1,11,-2,10,-3,10,-3,10,-1,2,0,0,0,0,0,0,0,0"
"44,-64,2,0,0,0,0,0,0,0,-2,-4,-5,-14,-6,-13,-7,-13,-7,-14,-5,-14,-5,-13,-6,-13,-6,-12,-6,-12,-6,-12,-6,-12,-7,-12,-7,-12,-6,-12,-6,-11,-7,-11,-7,-11,-6,-10,-6,-9,-7,-9,-7,-10,-7,-10,-6,-10,-7,-9,-8,-10,-9,-10,-5,-5,-9,-9,-9,-10,-9,-10,-9,-10,-9,-9,-9,-9,-9,-9,-9,-9,-9,-9,-9,-9,-9,-10,-8,-10,-8,-9,-9,-9,-9,-10,-9,-10,-9,-10,-8,-10,-8,-10,-7,-10,-7,-10,-7,-10,-7,-11,-6,-11,-5,-11,-4,-11,-1,-3,0,0,0,0,0,0,0,0"
"44,-64,2,0,0,0,0,0,0,0,1,3,6,12,7,11,8,11,8,12,6,11,6,10,6,10,7,9,7,9,7,10,7,10,7,10,7,10,7,10,6,9,7,9,8,8,7,8,7,7,8,7,8,8,8,7,7,7,8,7,9,7,9,7,4,3,10,6,10,6,11,6,10,6,9,6,10,6,10,6,10,6,10,6,10,6,10,6,9,7,9,7,9,6,10,6,10,7,10,7,9,7,9,7,9,7,9,7,9,7,8,8,8,9,6,9,6,9,1,2,0,0,0,0,0,0,0,0"
"44,-64,2,0,0,0,0,0,0,0,-4,-1,-14,-3,-14,-2,-15,-2,-15,-3,-14,-3,-13,-3,-13,-2,-13,-1,-13,-1,-13,-2,-14,-2,-14,-1,-14,-1,-13,-1,-13,-1,-13,0,-12,0,-12,0,-12,1,-12,1,-12,1,-12,1,-11,0,-12,1,-13,1,-12,2,-6,1,-12,3,-13,3,-13,3,-13,3,-12,3,-12,3,-12,3,-12,3,-12,3,-12,3,-12,3,-12,2,-12,2,-12,2,-12,3,-13,3,-13,3,-13,2,-12,2,-12,2,-12,1,-13,1,-13,0,-12,-1,-12,-1,-12,-1,-3,-1,0,0,0,0,0,0,0,0"
"44,-64,2,0,0,0,0,0,0,0,1,-3,7,-10,6,-11,6,-11,6,-11,6,-11,6,-10,5,-10,5,-10,5,-10,5,-10,5,-11,5,-11,5,-11,5,-10,5,-10,4,-10,3,-10,3,-10,3,-10,3,-10,3,-10,3,-10,3,-9,2,-10,2,-11,2,-11,0,-6,1,-11,2,-12,1,-12,1,-11,1,-11,1,-11,0,-11,0,-11,1,-11,1,-12,1,-12,2,-11,2,-11,1,-11,1,-11,1,-12,2,-12,2,-12,2,-11,2,-11,3,-11,3,-11,4,-11,4,-10,5,-9,5,-9,1,-3,0,0,0,0,0,0,0,0"
"44,-64,2,0,0,0,0,0,0,0,3,-2,11,-7,11,-8,11,-8,12,-8,12,-7,11,-7,10,-8,10,-7,10,-7,10,-7,10,-8,11,-9,10,-8,10,-7,10,-7,9,-8,8,-8,8,-7,8,-7,8,-7,9,-7,9,-8,8,-8,8,-8,8,-9,8,-9,3,-5,7,-10,9,-10,9,-10,8,-10,8,-9,8,-9,8,-9,8,-9,8,-10,8,-10,8,-10,9,-9,9,-9,9,-9,9,-9,9,-9,9,-9,9,-9,9,-8,10,-8,10,-7,10,-7,10,-7,10,-6,10,-5,10,-5,2,-2,0,0,0,0,0,0,0,0"
"44,-64,2,0,0,0,0,0,0,0,-4,0,-15,1,-14,2,-14,2,-15,1,-15,1,-14,1,-13,2,-13,2,-12,2,-13,1,-13,2,-13,3,-13,3,-13,2,-13,2,-12,3,-12,3,-11,2,-11,2,-11,3,-11,3,-11,3,-11,3,-11,4,-12,5,-12,4,-6,2,-12,5,-12,5,-12,6,-11,6,-11,5,-12,5,-12,6,-11,6,-11,6,-12,6,-12,5,-12,4,-12,4,-12,5,-12,5,-13,5,-13,5,-13,4,-13,4,-13,4,-12,3,-12,3,-13,2,-13,2,-13,1,-12,0,-3,0,0,0,0,0,0,0,0,0"
"44,-64,2,0,0,0,0,0,0,0,2,-2,10,-7,9,-7,9,-8,10,-8,10,-7,9,-7,8,-7,7,-7,8,-7,8,-7,8,-8,8,-9,8,-9,8,-8,8,-8,7,-9,6,-9,6,-8,6,-8,6,-8,6,-8,6,-9,6,-8,5,-9,5,-10,6,-10,2,-5,5,-10,5,-11,5,-11,5,-11,5,-10,4,-11,4,-11,5,-11,5,-11,4,-11,5,-11,5,-10,5,-10,5,-10,5,-11,5,-11,5,-11,5,-11,5,-11,5,-10,6,-10,6,-10,7,-9,7,-9,7,-8,8,-7,2,-2,0,0,0,0,0,0,0,0"
"44,-64,2,0,0,0,0,0,0,0,2,-2,11,-6,10,-6,10,-7,11,-7,10,-6,9,-6,9,-7,9,-7,9,-6,9,-6,10,-7,10,-7,9,-7,9,-6,9,-6,8,-7,7,-7,7,-7,7,-7,7,-7,7,-7,7,-7,7,-7,7,-8,7,-9,7,-9,3,-5,6,-9,7,-9,7,-10,7,-10,7,-9,6,-9,6,-10,6,-9,6,-10,7,-10,7,-10,7,-9,7,-9,7,-9,7,-9,7,-9,8,-9,8,-9,7,-9,8,-9,8,-8,8,-8,9,-7,9,-6,9,-6,9,-6,2,-2,0,0,0,0,0,0,0,0"
"44,-64,2,0,0,0,0,0,0,0,-4,1,-14,4,-13,5,-14,5,-14,5,-13,4,-13,4,-12,5,-12,6,-12,6,-12,5,-13,5,-13,6,-12,6,-12,5,-12,5,-11,6,-10,6,-10,5,-10,6,-10,6,-11,6,-10,6,-10,6,-10,7,-11,7,-11,8,-5,4,-10,8,-11,8,-10,8,-10,8,-10,8,-10,8,-9,9,-10,9,-9,9,-9,8,-10,8,-11,7,-11,7,-11,8,-11,8,-11,8,-11,8,-11,8,-11,8,-11,7,-11,6,-12,6,-12,5,-12,5,-12,4,-12,4,-3,1,0,0,0,0,0,0,0,0"
"44,-64,2,0,0,0,0,0,0,0,-4,4,-13,16,-11,16,-11,16,-12,16,-12,15,-11,14,-10,15,-9,16,-10,16,-10,16,-11,16,-10,17,-10,16,-10,14,-10,14,-8,16,-7,15,-7,14,-7,13,-7,14,-8,15,-7,15,-7,14,-6,15,-6,15,-6,16,-3,8,-5,16,-6,17,-6,18,-5,17,-5,16,-5,16,-4,17,-5,17,-5,18,-5,18,-5,18,-7,17,-7,16,-6,16,-6,17,-6,17,-6,18,-7,17,-7,16,-7,17,-8,16,-9,15,-10,14,-11,14,-11,13,-12,12,-3,3,0,0,0,0,0,0,0,0"
"44,-64,2,0,0,0,0,0,0,0,-3,-3,-9,-10,-9,-9,-10,-9,-10,-10,-9,-10,-9,-9,-9,-9,-9,-8,-9,-8,-9,-8,-9,-9,-10,-8,-10,-8,-9,-8,-9,-8,-9,-7,-9,-7,-9,-7,-9,-6,-9,-6,-9,-6,-9,-6,-9,-6,-9,-6,-10,-6,-10,-6,-6,-3,-11,-5,-11,-6,-12,-6,-11,-5,-11,-5,-11,-5,-11,-5,-11,-5,-11,-5,-11,-5,-11,-6,-11,-6,-11,-6,-11,-6,-11,-6,-11,-6,-11,-6,-11,-6,-11,-6,-10,-6,-10,-7,-10,-8,-10,-8,-9,-8,-8,-8,-8,-8,-2,-3,0,0,0,0,0,0,0,0"
"44,-64,2,0,0,0,0,0,0,0,-1,-4,-2,-15,-3,-14,-4,-14,-4,-15,-3,-15,-2,-14,-3,-14,-4,-13,-3,-13,-3,-13,-4,-14,-4,-14,-4,-13,-4,-13,-4,-13,-5,-13,-5,-12,-4,-11,-5,-11,-5,-11,-5,-11,-5,-11,-5,-11,-6,-11,-6,-12,-7,-12,-4,-6,-7,-11,-7,-12,-8,-12,-7,-11,-7,-11,-8,-11,-8,-11,-8,-11,-7,-11,-8,-11,-8,-12,-7,-11,-7,-12,-7,-12,-7,-12,-8,-12,-8,-12,-7,-12,-6,-12,-6,-12,-6,-13,-6,-13,-5,-13,-4,-13,-3,-13,-3,-13,-1,-4,0,0,0,0,0,0,0,0"
"44,-64,2,0,0,0,0,0,0,0,-3,3,-11,14,-9,14,-9,15,-11,15,-11,14,-10,13,-9,13,-8,13,-8,13,-9,13,-9,14,-9,15,-8,14,-9,13,-8,13,-7,14,-6,14,-6,13,-6,13,-6,13,-6,13,-6,13,-6,13,-6,13,-6,14,-5,15,-2,7,-4,15,-5,15,-5,16,-5,15,-5,14,-5,15,-4,15,-4,15,-4,15,-4,16,-5,16,-6,15,-6,14,-6,15,-6,15,-6,16,-7,16,-7,15,-7,15,-7,15,-8,14,-8,13,-9,13,-10,13,-10,12,-10,11,-3,2,0,0,0,0,0,0,0,0"
"44,-64,2,0,0,0,0,0,0,0,-2,3,-6,12,-5,13,-5,13,-5,14,-6,13,-6,12,-5,12,-4,12,-4,12,-4,12,-4,13,-4,13,-4,13,-4,12,-4,12,-3,12,-2,12,-2,11,-2,11,-2,11,-2,11,-2,11,-1,11,-1,12,-1,12,-1,13,0,6,0,12,0,13,0,13,0,13,0,12,0,12,1,12,1,12,1,12,1,13,1,13,0,12,0,13,0,13,0,13,0,13,0,13,0,13,-1,13,-1,13,-1,13,-2,13,-3,13,-3,13,-4,12,-4,12,-1,2,0,0,0,0,0,0,0,0"
"44,-64,2,0,0,0,0,0,0,0,1,-4,3,-13,2,-13,2,-13,2,-14,3,-13,2,-12,2,-12,1,-12,1,-12,2,-12,1,-13,1,-13,1,-12,1,-12,1,-12,0,-12,0,-11,0,-11,0,-11,-1,-11,0,-11,0,-11,-1,-11,-1,-11,-2,-12,-1,-12,-1,-6,-2,-12,-2,-12,-2,-12,-2,-12,-2,-12,-2,-12,-3,-12,-3,-12,-3,-12,-3,-12,-3,-12,-2,-12,-2,-12,-2,-13,-2,-13,-2,-13,-2,-13,-2,-13,-1,-13,-1,-13,-1,-13,-1,-13,-1,-13,0,-13,2,-12,2,-11,0,-3,0,0,0,0,0,0,0,0"
"44,-64,2,0,0,0,0,0,0,0,-2,-4,-5,-14,-6,-14,-8,-14,-7,-15,-6,-14,-5,-13,-6,-13,-7,-12,-7,-12,-7,-12,-7,-13,-7,-12,-7,-12,-6,-12,-6,-12,-8,-11,-8,-10,-8,-10,-8,-10,-8,-10,-8,-10,-8,-10,-8,-9,-8,-9,-9,-10,-9,-10,-5,-5,-10,-9,-11,-10,-11,-10,-11,-10,-10,-10,-10,-9,-11,-9,-10,-9,-11,-9,-11,-9,-11,-10,-10,-10,-10,-10,-10,-10,-10,-10,-11,-10,-11,-11,-10,-10,-10,-10,-10,-10,-9,-11,-9,-11,-9,-12,-8,-12,-7,-12,-6,-12,-2,-3,0,0,0,0,0,0,0,0"
"44,-64,2,0,0,0,0,0,0,0,-4,1,-13,5,-12,5,-12,6,-13,6,-13,5,-12,4,-11,5,-11,5,-11,5,-11,5,-11,6,-11,6,-11,6,-11,5,-11,5,-10,6,-10,6,-9,6,-9,6,-9,6,-9,6,-9,6,-9,6,-9,7,-9,8,-9,8,-4,4,-8,8,-9,9,-9,9,-8,8,-9,8,-8,8,-8,9,-8,9,-8,9,-8,9,-9,9,-9,8,-9,8,-9,9,-9,9,-9,9,-9,9,-10,8,-9,8,-9,8,-10,8,-10,7,-11,7,-11,7,-11,6,-11,5,-3,1,0,0,0,0,0,0,0,0"
"44,-64,2,0,0,0,0,0,0,0,-3,2,-9,10,-7,11,-7,11,-8,11,-8,11,-7,10,-6,10,-6,10,-6,10,-7,10,-7,10,-6,11,-6,11,-7,10,-6,10,-5,10,-4,10,-5,9,-4,9,-4,9,-5,10,-5,10,-4,9,-4,10,-4,11,-4,11,-2,5,-3,11,-3,12,-3,12,-3,11,-3,11,-3,11,-2,11,-2,11,-2,11,-3,12,-3,11,-4,11,-4,11,-3,11,-3,11,-4,12,-4,12,-4,12,-4,11,-4,11,-5,11,-5,11,-6,11,-7,10,-7,9,-7,9,-2,2,0,0,0,0,0,0,0,0"
"44,-64,2,0,0,0,0,0,0,0,-1,-4,-5,-13,-5,-13,-6,-13,-5,-14,-4,-13,-5,-13,-5,-12,-6,-11,-6,-11,-5,-12,-5,-12,-6,-12,-6,-12,-5,-12,-5,-11,-6,-11,-6,-10,-6,-10,-6,-10,-6,-9,-7,-10,-7,-10,-6,-9,-7,-9,-8,-10,-8,-10,-4,-5,-8,-9,-9,-10,-9,-10,-9,-9,-9,-9,-9,-9,-9,-9,-9,-9,-9,-9,-9,-9,-9,-10,-8,-10,-8,-10,-9,-10,-9,-10,-9,-10,-9,-10,-9,-10,-9,-10,-8,-10,-8,-11,-7,-11,-7,-11,-6,-12,-5,-11,-5,-11,-2,-3,0,0,0,0,0,0,0,0"
"44,-64,2,0,0,0,0,0,0,0,-3,-2,-12,-4,-12,-4,-12,-3,-13,-4,-12,-4,-11,-4,-11,-3,-11,-3,-11,-3,-11,-3,-12,-3,-12,-3,-12,-2,-11,-3,-11,-3,-11,-2,-11,-1,-10,-2,-10,-1,-10,-1,-11,-1,-11,-1,-10,-1,-10,-1,-11,-1,-11,0,-6,0,-11,1,-12,0,-12,0,-11,0,-11,0,-11,0,-11,1,-11,1,-11,1,-12,1,-11,0,-11,-1,-11,-1,-11,0,-12,0,-12,0,-12,0,-12,-1,-11,-1,-11,-1,-11,-1,-11,-2,-11,-2,-11,-3,-11,-4,-11,-4,-3,-1,0,0,0,0,0,0,0,0"
"44,-64,2,0,0,0,0,0,0,0,-3,1,-12,6,-11,7,-11,8,-12,8,-12,7,-11,6,-11,7,-10,7,-10,7,-10,7,-11,7,-11,8,-10,8,-10,7,-10,7,-9,8,-9,8,-9,7,-8,7,-8,7,-9,7,-8,7,-8,7,-8,8,-8,9,-8,9,-4,4,-8,9,-8,10,-8,10,-7,10,-8,9,-8,9,-8,9,-8,9,-7,10,-7,10,-8,10,-8,9,-8,9,-8,9,-8,9,-8,10,-9,10,-9,9,-9,9,-9,8,-9,8,-9,8,-10,7,-10,7,-11,6,-11,6,-3,1,0,0,0,0,0,0,0,0"
"44,-64,2,0,0,0,0,0,0,0,2,3,9,11,9,10,10,10,10,12,9,12,8,11,8,10,9,10,8,9,9,9,10,10,10,10,10,10,9,10,9,9,9,9,9,8,8,8,9,7,9,7,9,7,9,7,9,7,10,7,11,7,11,7,5,3,11,6,11,7,12,7,12,6,11,6,12,6,12,6,11,6,11,6,11,6,11,6,11,7,11,7,11,7,11,7,11,7,12,7,11,7,11,7,11,7,10,7,10,8,10,9,9,9,8,9,7,9,1,2,0,0,0,0,0,0,0,0"
"44,-64,2,0,0,0,0,0,0,0,3,-1,14,-2,13,-4,13,-4,13,-3,13,-2,12,-2,11,-3,11,-3,11,-3,12,-3,12,-3,12,-4,12,-3,11,-2,11,-3,11,-4,10,-4,10,-4,10,-4,10,-4,10,-4,10,-4,10,-4,9,-5,10,-5,10,-5,5,-3,10,-6,11,-6,11,-6,10,-6,10,-5,10,-6,10,-6,10,-6,10,-6,11,-6,11,-6,11,-5,10,-5,11,-5,11,-5,12,-5,12,-5,12,-5,11,-5,11,-4,11,-4,11,-3,11,-3,12,-2,12,-1,11,-1,2,-1,0,0,0,0,0,0,0,0"
"44,-64,2,0,0,0,0,0,0,0,-1,2,-4,10,-3,10,-3,10,-4,10,-4,10,-4,9,-3,9,-3,9,-3,9,-3,9,-3,10,-2,10,-2,10,-2,9,-2,9,-1,9,-1,9,-1,8,-1,8,-1,8,-1,8,-1,8,-1,8,0,8,0,9,0,9,0,4,1,9,1,9,1,9,1,9,1,9,1,9,1,9,1,9,1,9,2,9,1,9,1,9,1,9,1,9,1,9,1,9,1,10,1,9,1,9,0,9,0,9,0,9,0,9,-1,9,-2,9,-2,8,-1,2,0,0,0,0,0,0,0,0"
"44,-64,2,0,0,0,0,0,0,0,-2,3,-5,13,-3,12,-3,13,-3,14,-4,13,-4,12,-3,12,-2,11,-3,11,-3,12,-3,12,-2,13,-2,12,-3,11,-2,11,-1,11,-1,11,-1,11,-1,11,-1,11,-1,11,-1,11,-1,10,0,10,0,11,0,11,0,5,1,11,1,12,1,12,1,11,1,11,1,11,2,12,2,11,1,12,1,12,1,12,0,12,0,12,0,12,0,12,0,12,0,12,0,12,0,12,0,12,-1,11,-1,12,-2,12,-2,11,-3,11,-3,11,-1,2,0,0,0,0,0,0,0,0"
"44,-64,2,0,0,0,0,0,0,0,-1,3,-2,13,0,13,0,13,0,14,-1,13,-1,12,0,12,1,12,0,12,0,12,0,13,1,13,1,13,0,12,0,11,1,11,2,11,1,10,2,10,2,10,1,11,2,10,2,10,2,10,2,11,2,11,1,5,4,11,4,11,4,11,4,11,4,11,4,11,4,11,4,11,4,11,4,11,4,11,3,11,4,11,4,11,4,11,4,11,4,12,3,11,3,11,3,11,3,11,2,11,2,12,1,11,0,11,0,11,0,2,0,0,0,0,0,0,0,0"
"44,-64,2,0,0,0,0,0,0,0,-4,-1,-14,-2,-14,-1,-14,-1,-15,-2,-14,-2,-14,-2,-13,-1,-13,-1,-13,-1,-13,-2,-13,-1,-14,-1,-14,-1,-13,-1,-13,-1,-13,0,-12,0,-12,0,-11,0,-11,1,-12,1,-12,1,-11,0,-12,1,-12,1,-13,2,-6,1,-12,3,-12,2,-12,2,-12,2,-12,2,-12,3,-12,3,-12,3,-12,3,-12,3,-13,2,-12,2,-12,1,-12,2,-12,2,-13,2,-13,2,-13,2,-12,2,-12,2,-13,1,-13,1,-13,0,-13,-2,-12,-2,-12,-1,-3,-1,0,0,0,0,0,0,0,0"
"44,-64,2,0,0,0,0,0,0,0,-1,3,-2,15,-1,15,0,15,-1,16,-2,15,-2,14,-1,14,0,13,0,13,0,14,0,14,1,14,1,14,0,13,0,13,1,13,2,12,1,12,1,12,1,12,1,12,1,12,1,11,2,11,3,12,3,12,2,6,4,12,4,13,4,13,4,12,4,12,4,12,5,12,5,12,5,12,5,12,5,12,4,12,4,12,4,12,4,12,4,13,4,13,4,13,3,12,3,12,2,12,2,12,2,12,1,13,0,12,0,12,0,3,0,0,0,0,0,0,0,0"
"44,-64,2,0,0,0,0,0,0,0,-2,2,-8,12,-7,13,-6,14,-7,14,-7,13,-7,12,-7,13,-6,13,-6,12,-7,12,-7,12,-7,13,-7,13,-7,12,-7,12,-6,12,-5,12,-5,11,-5,11,-5,11,-5,11,-5,11,-5,11,-5,11,-5,12,-4,13,-2,6,-4,12,-4,13,-4,13,-4,13,-4,12,-4,12,-4,12,-4,12,-4,13,-4,13,-5,13,-6,12,-6,11,-6,12,-6,12,-6,12,-6,13,-6,12,-6,12,-6,11,-7,11,-8,11,-8,10,-9,9,-9,8,-8,8,-2,2,0,0,0,0,0,0,0,0"
"44,-64,2,0,0,0,0,0,0,0,-4,0,-14,1,-14,2,-14,3,-15,2,-14,2,-13,2,-13,2,-12,3,-12,2,-13,2,-13,2,-13,3,-13,3,-12,2,-12,2,-12,3,-12,3,-11,2,-11,3,-11,3,-11,3,-11,3,-10,3,-11,3,-11,4,-12,4,-6,2,-10,5,-11,5,-11,5,-11,5,-11,5,-11,5,-11,6,-11,5,-11,5,-11,5,-11,5,-11,4,-11,4,-11,4,-12,4,-12,4,-12,4,-11,4,-11,4,-11,3,-11,3,-11,2,-12,2,-12,1,-11,0,-11,0,-3,0,0,0,0,0,0,0,0,0"
"44,-64,2,0,0,0,0,0,0,0,1,-4,4,-13,3,-13,3,-14,3,-14,4,-14,3,-13,2,-13,2,-12,2,-12,2,-13,2,-13,2,-14,2,-13,2,-12,2,-12,1,-12,0,-12,0,-11,0,-11,0,-11,0,-12,0,-11,0,-11,-1,-11,-1,-12,-1,-12,-1,-6,-2,-12,-2,-12,-2,-13,-2,-12,-1,-12,-2,-12,-2,-12,-2,-12,-2,-12,-2,-12,-2,-12,-1,-12,-1,-12,-1,-11,-1,-12,-1,-12,-1,-13,-1,-12,-1,-12,-1,-12,0,-12,0,-12,1,-12,1,-12,2,-11,3,-11,0,-3,0,0,0,0,0,0,0,0"
"44,-64,2,0,0,0,0,0,0,0,-1,3,-2,13,-1,13,-1,13,-1,14,-2,12,-1,12,-1,12,-1,11,-1,11,-1,11,0,12,0,12,0,12,-1,11,0,11,1,11,1,11,1,10,1,10,1,10,1,10,1,10,1,9,2,10,2,10,3,11,1,5,3,10,3,11,3,11,3,10,3,10,3,10,4,10,3,10,3,10,4,10,3,11,3,10,3,10,3,10,3,10,3,10,3,11,2,10,2,10,2,10,2,10,2,10,1,10,0,10,-1,10,-1,10,-1,2,0,0,0,0,0,0,0,0"
"44,-64,2,0,0,0,0,0,0,0,-1,3,-3,12,-2,12,-1,13,-2,13,-3,12,-3,11,-3,11,-2,11,-2,12,-2,11,-2,11,-1,12,-2,12,-2,11,-2,11,-1,11,0,10,0,10,0,10,0,10,0,10,0,10,0,9,1,10,1,11,1,11,0,5,2,10,1,11,2,11,2,11,1,10,2,10,2,10,2,10,2,10,2,10,1,11,1,10,1,10,1,10,1,10,1,10,1,11,1,11,1,10,1,10,0,10,0,10,-1,10,-1,10,-2,9,-2,9,-1,2,0,0,0,0,0,0,0,0"
"44,-64,2,0,0,0,0,0,0,0,-2,3,-8,12,-7,12,-6,13,-7,13,-8,12,-7,12,-6,12,-6,11,-6,11,-6,11,-7,12,-6,12,-6,12,-6,11,-6,11,-5,11,-4,11,-4,10,-4,10,-4,10,-5,10,-4,10,-4,10,-3,11,-3,11,-3,11,-2,5,-2,11,-2,12,-2,12,-3,11,-3,11,-3,11,-2,11,-2,11,-2,11,-2,12,-3,12,-3,11,-3,10,-3,11,-3,11,-3,11,-3,11,-4,11,-3,11,-4,10,-4,10,-5,10,-5,10,-5,9,-6,9,-6,8,-2,2,0,0,0,0,0,0,0,0"
"44,-64,2,0,0,0,0,0,0,0,-2,-4,-5,-13,-6,-12,-7,-12,-6,-13,-5,-12,-5,-12,-6,-11,-6,-11,-6,-11,-6,-11,-6,-11,-6,-11,-6,-11,-6,-11,-6,-11,-6,-10,-6,-10,-5,-9,-6,-9,-6,-9,-6,-9,-6,-9,-6,-9,-6,-9,-7,-9,-7,-9,-4,-5,-8,-8,-8,-9,-8,-9,-8,-9,-7,-9,-8,-9,-8,-8,-8,-8,-8,-8,-8,-8,-8,-9,-7,-9,-7,-9,-7,-9,-7,-9,-7,-9,-7,-10,-6,-10,-6,-9,-6,-9,-5,-9,-5,-9,-5,-10,-4,-10,-3,-10,-3,-9,-1,-3,0,0,0,0,0,0,0,0"
"44,-64,2,0,0,0,0,0,0,0,-1,-4,-2,-13,-3,-13,-4,-13,-3,-14,-2,-13,-2,-12,-3,-12,-3,-12,-3,-11,-3,-12,-4,-12,-4,-12,-4,-12,-3,-11,-3,-11,-4,-11,-4,-10,-4,-10,-4,-9,-4,-9,-4,-10,-4,-10,-4,-10,-5,-10,-5,-10,-5,-10,-3,-5,-6,-9,-6,-10,-6,-10,-6,-10,-6,-9,-6,-9,-6,-9,-6,-9,-6,-9,-6,-9,-6,-10,-5,-10,-5,-9,-5,-9,-5,-10,-6,-10,-6,-10,-5,-10,-5,-9,-5,-9,-4,-10,-4,-10,-3,-10,-3,-10,-3,-10,-2,-9,-1,-3,0,0,0,0,0,0,0,0"
"44,-64,2,0,0,0,0,0,0,0,-4,-1,-13,-1,-13,0,-13,1,-14,0,-13,-1,-12,0,-12,0,-12,1,-12,1,-12,1,-13,1,-12,1,-12,1,-12,0,-11,0,-11,1,-11,2,-10,1,-10,1,-10,2,-10,2,-10,1,-10,1,-10,2,-10,2,-11,3,-5,1,-10,3,-11,3,-11,3,-10,3,-10,3,-10,3,-10,4,-10,4,-10,4,-10,4,-10,3,-10,2,-10,2,-10,2,-10,3,-10,3,-11,3,-10,3,-10,2,-10,2,-10,1,-10,1,-10,1,-10,0,-10,0,-9,-1,-3,-1,0,0,0,0,0,0,0,0"
"44,-64,2,0,0,0,0,0,0,0,-3,-2,-12,-6,-12,-5,-13,-5,-13,-6,-12,-6,-11,-5,-11,-4,-11,-4,-11,-4,-12,-4,-12,-4,-12,-3,-12,-4,-11,-4,-11,-4,-11,-3,-11,-2,-10,-2,-10,-2,-10,-2,-10,-2,-10,-2,-10,-2,-10,-1,-11,-1,-11,-1,-6,0,-11,0,-12,0,-11,0,-11,0,-10,-1,-11,0,-11,0,-11,0,-11,0,-11,0,-11,0,-11,-1,-11,-1,-11,-1,-10,-1,-11,0,-11,0,-10,0,-10,-1,-10,-1,-10,-1,-10,-2,-10,-2,-10,-3,-9,-3,-9,-3,-3,-1,0,0,0,0,0,0,0,0"
"44,-64,2,0,0,0,0,0,0,0,-2,3,-5,13,-4,13,-4,13,-4,14,-5,13,-5,12,-4,12,-3,12,-3,12,-4,12,-4,13,-3,13,-3,12,-3,11,-3,11,-1,11,-1,11,-2,11,-1,10,-1,10,-1,10,-1,10,-1,10,0,10,0,11,-1,11,0,5,1,11,0,11,0,12,0,11,0,11,1,11,1,11,1,11,1,11,1,11,0,11,-1,10,-1,10,0,10,0,11,0,11,-1,11,-1,11,-1,10,-1,10,-1,10,-1,10,-2,10,-3,10,-4,9,-4,8,-1,2,0,0,0,0,0,0,0,0"
"44,-64,2,0,0,0,0,0,0,0,-3,-3,-10,-9,-10,-8,-11,-8,-11,-9,-10,-9,-9,-8,-10,-8,-10,-7,-9,-7,-10,-7,-10,-7,-10,-7,-10,-7,-9,-7,-9,-7,-10,-6,-10,-6,-9,-6,-9,-5,-9,-5,-9,-5,-9,-5,-8,-5,-9,-5,-10,-5,-10,-5,-5,-2,-10,-4,-11,-4,-11,-4,-10,-4,-10,-4,-10,-4,-10,-4,-10,-4,-10,-4,-10,-4,-10,-4,-10,-4,-10,-4,-10,-4,-10,-4,-10,-4,-10,-5,-10,-5,-10,-5,-9,-5,-9,-5,-8,-5,-8,-5,-8,-6,-8,-6,-7,-6,-2,-2,0,0,0,0,0,0,0,0"
"44,-64,2,0,0,0,0,0,0,0,-3,2,-9,11,-8,11,-7,12,-8,12,-9,11,-8,11,-7,11,-7,11,-6,10,-7,11,-8,11,-7,12,-7,11,-7,10,-7,10,-6,11,-5,11,-5,10,-5,10,-5,10,-5,10,-5,10,-5,9,-4,10,-4,10,-4,11,-2,5,-3,11,-3,11,-3,11,-4,11,-4,11,-3,11,-3,11,-3,11,-3,11,-3,11,-4,11,-4,10,-4,10,-4,10,-4,10,-4,10,-4,11,-4,10,-4,10,-4,10,-4,9,-4,9,-5,9,-6,8,-6,8,-6,7,-2,1,0,0,0,0,0,0,0,0"
"44,-64,2,0,0,0,0,0,0,0,3,-1,13,-2,11,-3,11,-3,12,-3,12,-2,11,-3,11,-3,11,-4,11,-4,11,-4,12,-4,11,-4,11,-4,11,-3,10,-3,10,-4,10,-4,9,-4,9,-4,8,-4,9,-4,9,-4,8,-4,8,-5,9,-5,10,-5,4,-3,8,-6,9,-6,9,-6,9,-6,8,-6,8,-6,8,-6,8,-6,8,-6,8,-6,9,-6,9,-5,9,-5,9,-6,9,-6,9,-6,9,-6,9,-5,9,-5,8,-5,9,-4,9,-3,9,-3,9,-3,8,-2,8,-2,2,-1,0,0,0,0,0,0,0,0"
"44,-64,2,0,0,0,0,0,0,0,-3,1,-11,7,-10,8,-10,9,-11,9,-11,8,-10,7,-9,7,-9,8,-9,8,-10,8,-10,8,-9,8,-9,8,-9,7,-9,7,-8,8,-8,8,-8,7,-8,7,-7,7,-7,8,-7,7,-7,7,-7,8,-7,8,-7,8,-4,4,-6,9,-7,9,-7,9,-7,9,-6,8,-6,9,-5,9,-6,9,-6,9,-6,9,-6,9,-7,8,-7,8,-7,8,-7,8,-7,8,-7,8,-7,8,-7,7,-7,7,-7,7,-7,7,-7,6,-8,6,-8,5,-8,5,-2,1,0,0,0,0,0,0,0,0"
"44,-64,2,0,0,0,0,0,0,0,1,3,6,11,7,10,7,10,7,11,7,11,6,10,6,10,6,10,7,9,7,9,8,10,8,10,7,9,7,9,7,9,7,8,7,7,6,7,7,7,7,7,7,7,7,7,6,7,7,7,8,7,8,7,4,3,9,6,9,6,9,6,8,6,8,6,8,6,8,6,8,6,8,6,9,6,9,6,8,7,8,6,8,6,8,6,7,6,7,7,7,7,7,6,7,6,7,6,6,7,6,7,5,7,4,7,4,7,1,1,0,0,0,0,0,0,0,0"
"44,-64,2,0,0,0,0,0,0,0,-3,-3,-11,-9,-11,-8,-12,-8,-12,-8,-12,-9,-11,-8,-11,-7,-11,-7,-11,-7,-11,-7,-11,-8,-12,-7,-11,-7,-10,-7,-10,-7,-11,-6,-11,-6,-10,-6,-10,-5,-10,-5,-10,-5,-10,-5,-10,-5,-10,-5,-11,-5,-11,-5,-6,-2,-11,-4,-11,-5,-12,-4,-11,-4,-11,-4,-11,-4,-11,-4,-11,-4,-11,-4,-11,-4,-11,-5,-10,-5,-10,-5,-10,-5,-10,-5,-11,-5,-10,-5,-10,-5,-10,-5,-9,-5,-9,-5,-8,-6,-8,-7,-8,-7,-7,-7,-6,-7,-2,-2,0,0,0,0,0,0,0,0"
"44,-64,2,0,0,0,0,0,0,0,-3,-2,-12,-4,-12,-3,-12,-3,-13,-3,-12,-4,-12,-4,-12,-3,-12,-2,-11,-2,-11,-3,-11,-3,-11,-2,-11,-2,-11,-3,-11,-3,-11,-2,-10,-2,-10,-2,-10,-1,-10,-1,-10,-1,-10,-1,-9,-1,-10,-1,-11,-1,-11,-1,-6,0,-10,0,-11,0,-11,0,-11,0,-10,0,-10,1,-11,1,-10,1,-10,1,-11,0,-11,0,-10,-1,-10,-1,-11,-1,-10,-1,-11,0,-11,-1,-10,-1,-10,-1,-10,-1,-10,-2,-9,-2,-9,-3,-9,-3,-9,-3,-9,-3,-2,-1,0,0,0,0,0,0,0,0"
"44,-64,2,0,0,0,0,0,0,0,-3,-3,-10,-11,-10,-10,-11,-10,-11,-11,-10,-10,-9,-10,-10,-9,-10,-8,-10,-8,-10,-9,-10,-9,-11,-9,-10,-9,-9,-9,-9,-9,-10,-8,-9,-7,-9,-7,-9,-7,-9,-7,-9,-7,-9,-7,-9,-7,-10,-6,-10,-7,-10,-7,-5,-3,-11,-6,-11,-7,-11,-7,-10,-6,-10,-6,-10,-6,-10,-6,-11,-6,-10,-6,-10,-6,-10,-6,-9,-7,-9,-7,-10,-7,-10,-7,-10,-7,-10,-7,-9,-7,-9,-7,-8,-7,-8,-7,-8,-8,-7,-8,-7,-8,-6,-8,-6,-8,-2,-2,0,0,0,0,0,0,0,0"
"44,-64,2,0,0,0,0,0,0,0,0,-4,1,-14,0,-14,0,-14,1,-15,1,-14,1,-13,0,-13,0,-13,0,-13,0,-13,0,-14,0,-14,0,-13,0,-13,0,-13,-1,-13,-1,-12,-1,-12,-1,-11,-1,-11,-1,-11,-1,-12,-1,-11,-2,-11,-2,-12,-2,-12,-2,-6,-3,-12,-3,-12,-3,-12,-3,-12,-3,-11,-3,-11,-3,-11,-3,-11,-3,-12,-3,-12,-3,-12,-2,-11,-2,-11,-2,-11,-2,-11,-2,-11,-2,-12,-2,-11,-2,-11,-1,-11,-1,-11,0,-11,0,-11,0,-11,1,-10,1,-10,0,-3,0,0,0,0,0,0,0,0"
"44,-64,2,0,0,0,0,0,0,0,3,0,13,2,13,2,14,1,14,2,13,3,12,2,12,2,12,1,12,2,13,2,13,1,13,1,12,1,11,2,11,1,12,0,11,0,10,0,10,0,10,0,11,0,10,1,10,0,10,-1,11,-1,11,-1,5,-1,11,-2,12,-1,11,-1,11,-1,11,-1,11,-1,11,-1,11,-1,11,-1,11,-1,11,-1,11,-1,10,0,11,-1,11,-1,11,0,11,0,10,0,10,0,10,1,10,1,10,2,10,2,9,2,9,2,8,2,2,0,0,0,0,0,0,0,0,0"
"44,-64,2,0,0,0,0,0,0,0,-3,-3,-10,-11,-10,-10,-11,-10,-11,-11,-10,-11,-10,-10,-10,-9,-10,-9,-10,-9,-10,-9,-10,-10,-11,-9,-11,-9,-10,-9,-10,-9,-10,-8,-10,-8,-9,-7,-9,-7,-9,-7,-10,-7,-10,-7,-9,-7,-10,-6,-11,-7,-11,-6,-6,-3,-11,-5,-12,-6,-12,-6,-11,-6,-10,-6,-11,-6,-11,-5,-11,-5,-11,-5,-11,-5,-11,-6,-10,-6,-10,-6,-10,-6,-10,-6,-11,-6,-11,-6,-10,-6,-10,-6,-9,-6,-9,-6,-9,-7,-8,-7,-8,-8,-7,-8,-7,-8,-2,-2,0,0,0,0,0,0,0,0"
"44,-64,2,0,0,0,0,0,0,0,-3,-3,-8,-11,-9,-9,-10,-9,-9,-11,-8,-10,-8,-9,-8,-8,-8,-8,-9,-8,-9,-9,-9,-9,-9,-9,-9,-9,-8,-9,-8,-8,-9,-8,-8,-7,-8,-7,-8,-7,-8,-6,-8,-6,-8,-7,-8,-6,-8,-6,-9,-7,-9,-6,-5,-3,-10,-5,-10,-6,-10,-6,-10,-6,-9,-6,-10,-5,-10,-5,-9,-5,-9,-5,-9,-5,-9,-6,-9,-6,-9,-6,-9,-6,-9,-6,-9,-6,-9,-6,-9,-6,-8,-6,-8,-6,-8,-6,-8,-7,-8,-7,-7,-7,-6,-7,-6,-7,-2,-2,0,0,0,0,0,0,0,0"
"44,-64,2,0,0,0,0,0,0,0,2,-2,11,-8,10,-9,11,-9,11,-9,11,-8,10,-8,9,-8,9,-8,9,-8,10,-8,10,-9,9,-9,9,-9,9,-8,9,-8,8,-9,8,-9,7,-8,7,-8,7,-8,7,-9,7,-9,7,-8,6,-9,7,-10,6,-9,3,-5,6,-10,6,-11,6,-11,6,-10,6,-10,6,-10,6,-10,6,-10,6,-10,6,-10,6,-10,6,-9,6,-9,6,-10,6,-10,6,-10,6,-10,6,-10,6,-9,6,-9,6,-9,7,-8,7,-8,7,-7,7,-6,8,-6,2,-2,0,0,0,0,0,0,0,0"
"44,-64,2,0,0,0,0,0,0,0,3,1,13,4,13,3,14,2,14,3,13,4,12,3,12,3,12,2,12,2,12,2,12,3,13,2,12,2,11,3,11,2,12,1,11,1,10,1,10,1,10,1,10,1,10,1,10,1,10,0,11,0,11,0,5,-1,11,-1,11,-1,11,-1,11,-1,11,-1,11,-1,11,-2,11,-1,11,-1,11,-1,11,-1,11,0,10,0,10,-1,11,-1,11,-1,11,0,11,0,10,0,10,0,10,1,10,1,9,1,9,2,9,3,8,3,2,0,0,0,0,0,0,0,0,0"
"44,-64,2,0,0,0,0,0,0,0,1,-4,4,-14,3,-14,3,-14,4,-14,4,-13,4,-13,3,-13,3,-13,3,-12,3,-13,3,-13,3,-13,2,-13,3,-12,3,-12,2,-12,1,-12,1,-11,1,-11,1,-11,1,-11,1,-11,1,-11,0,-11,0,-12,0,-12,-1,-6,-1,-12,0,-13,-1,-13,-1,-12,-1,-12,-1,-12,-1,-12,-1,-12,-1,-12,-1,-12,0,-12,0,-12,0,-11,0,-11,0,-12,0,-12,0,-12,0,-11,0,-11,1,-11,1,-11,1,-11,1,-11,2,-11,3,-10,3,-9,0,-3,0,0,0,0,0,0,0,0"
"44,-64,2,0,0,0,0,0,0,0,-3,1,-11,7,-10,8,-9,8,-10,8,-10,8,-10,7,-10,7,-9,7,-8,7,-9,7,-9,7,-8,8,-8,8,-8,7,-8,7,-8,7,-7,7,-7,7,-7,7,-7,7,-7,7,-7,7,-6,7,-6,7,-6,8,-6,8,-3,4,-6,8,-6,8,-6,9,-6,8,-6,8,-6,8,-5,8,-5,8,-6,8,-6,8,-6,8,-6,7,-6,7,-6,8,-6,8,-6,8,-6,8,-6,7,-6,7,-7,7,-7,6,-7,6,-7,6,-7,6,-7,5,-8,5,-2,1,0,0,0,0,0,0,0,0"
"44,-64,2,0,0,0,0,0,0,0,-2,3,-7,12,-6,12,-6,12,-7,13,-7,12,-6,11,-6,11,-5,11,-5,11,-6,11,-6,11,-6,12,-5,11,-6,11,-6,11,-5,11,-4,11,-4,10,-4,9,-4,10,-4,10,-4,10,-4,9,-3,10,-3,11,-3,11,-1,5,-2,11,-3,11,-2,11,-2,11,-2,10,-2,11,-2,11,-2,11,-2,11,-2,11,-3,10,-3,10,-3,10,-3,11,-3,11,-3,11,-3,11,-3,10,-3,10,-4,10,-4,9,-4,9,-4,9,-5,8,-6,8,-6,7,-2,1,0,0,0,0,0,0,0,0"
"44,-64,2,0,0,0,0,0,0,0,-2,-4,-7,-13,-8,-12,-8,-12,-8,-13,-7,-12,-6,-12,-7,-11,-7,-11,-7,-11,-7,-11,-7,-11,-8,-11,-8,-11,-7,-11,-7,-10,-8,-10,-8,-9,-7,-9,-7,-9,-7,-9,-7,-9,-7,-9,-7,-8,-8,-8,-8,-8,-8,-9,-5,-4,-9,-8,-9,-8,-9,-8,-9,-8,-8,-8,-9,-8,-9,-8,-9,-8,-9,-8,-9,-8,-8,-8,-8,-8,-8,-8,-8,-8,-8,-8,-8,-8,-8,-9,-8,-8,-8,-8,-7,-8,-7,-8,-7,-9,-7,-9,-6,-9,-5,-9,-5,-9,-2,-3,0,0,0,0,0,0,0,0"
"44,-64,2,0,0,0,0,0,0,0,2,0,10,1,10,0,10,-1,11,0,10,1,9,0,9,0,9,0,9,0,9,0,10,0,10,-1,10,-1,9,0,9,0,9,-1,8,-1,8,-1,8,-1,8,-1,8,-1,8,-1,8,-1,8,-2,9,-2,9,-2,4,-1,8,-3,8,-3,8,-3,8,-3,8,-2,8,-3,8,-3,8,-3,8,-3,8,-3,8,-3,8,-2,8,-2,8,-2,8,-2,8,-2,8,-2,8,-2,8,-2,7,-2,7,-1,8,-1,8,-1,8,-1,7,0,7,0,1,0,0,0,0,0,0,0,0,0"
"44,-64,2,0,0,0,0,0,0,0,-3,2,-9,8,-8,8,-9,9,-9,9,-9,8,-9,7,-8,7,-8,8,-8,8,-8,7,-8,8,-8,8,-7,8,-8,7,-8,7,-7,7,-6,7,-6,7,-6,7,-6,7,-6,7,-6,7,-6,7,-5,8,-5,8,-5,8,-3,4,-5,8,-5,8,-5,8,-5,8,-5,8,-5,8,-5,8,-5,8,-5,8,-5,8,-5,8,-5,7,-5,7,-5,8,-5,8,-5,8,-5,8,-5,7,-6,7,-6,7,-6,7,-6,6,-7,6,-7,6,-7,5,-7,5,-2,1,0,0,0,0,0,0,0,0"
"44,-64,2,0,0,0,0,0,0,0,2,-3,8,-11,7,-11,7,-12,8,-12,9,-10,8,-10,7,-10,6,-10,6,-10,7,-10,7,-11,7,-11,6,-11,7,-10,7,-10,6,-10,5,-10,5,-9,4,-9,4,-9,4,-10,5,-10,4,-9,4,-10,4,-11,4,-11,1,-6,3,-11,3,-11,3,-11,3,-11,3,-10,3,-11,3,-11,3,-11,3,-11,3,-11,3,-11,3,-10,3,-10,3,-10,3,-10,3,-10,3,-10,4,-10,3,-10,3,-10,4,-10,4,-9,4,-9,5,-8,5,-8,5,-8,1,-2,0,0,0,0,0,0,0,0"
"44,-64,2,0,0,0,0,0,0,0,-4,0,-14,1,-13,2,-13,3,-14,2,-14,1,-13,1,-13,2,-12,2,-12,2,-13,2,-13,3,-13,3,-13,2,-12,2,-12,2,-11,2,-11,3,-11,3,-10,3,-10,3,-10,3,-10,3,-10,3,-10,3,-10,4,-10,4,-5,2,-10,5,-10,5,-10,5,-10,5,-9,4,-9,5,-9,5,-9,5,-10,5,-9,5,-9,4,-10,4,-10,4,-10,4,-10,4,-10,5,-10,5,-10,4,-9,4,-9,4,-9,4,-10,3,-10,3,-10,2,-10,2,-9,1,-3,0,0,0,0,0,0,0,0,0"
"44,-64,2,0,0,0,0,0,0,0,-1,3,0,13,1,12,1,13,1,13,0,13,0,12,0,12,1,12,1,11,1,11,1,12,1,12,1,11,0,11,0,11,1,11,2,10,1,9,1,9,1,9,1,10,1,10,1,9,2,9,2,10,2,10,1,4,3,9,3,10,3,10,3,9,3,9,3,9,3,9,3,10,3,10,3,10,3,10,2,9,2,9,2,9,2,9,2,10,2,10,2,9,2,9,2,9,1,9,1,9,1,10,0,9,-1,9,-1,8,-1,2,0,0,0,0,0,0,0,0"
"44,-64,2,0,0,0,0,0,0,0,-2,-3,-6,-11,-6,-10,-6,-11,-6,-11,-6,-11,-5,-10,-5,-10,-6,-10,-5,-9,-6,-9,-6,-10,-7,-10,-6,-10,-6,-9,-5,-9,-6,-9,-6,-8,-6,-8,-6,-8,-5,-8,-5,-8,-5,-8,-5,-7,-6,-7,-7,-7,-7,-7,-4,-4,-7,-7,-7,-7,-7,-7,-7,-7,-7,-7,-7,-7,-7,-7,-7,-7,-7,-7,-7,-7,-7,-7,-6,-7,-6,-7,-7,-7,-7,-8,-7,-8,-7,-8,-6,-8,-6,-7,-6,-7,-5,-8,-5,-8,-5,-8,-5,-8,-4,-8,-4,-8,-1,-2,0,0,0,0,0,0,0,0"
"44,-64,2,0,0,0,0,0,0,0,1,3,6,12,7,11,8,12,7,13,6,12,6,11,7,11,7,11,6,10,6,10,6,11,7,11,7,10,6,11,6,10,7,10,7,9,6,9,6,8,7,8,7,8,6,8,6,8,6,8,7,9,7,9,3,4,8,8,8,8,9,8,8,8,7,8,8,8,8,7,8,7,8,8,8,8,8,8,7,8,7,8,7,8,7,8,7,8,7,8,7,8,6,8,6,8,6,8,5,8,5,8,4,9,3,9,3,8,0,2,0,0,0,0,0,0,0,0"
"44,-64,2,0,0,0,0,0,0,0,0,3,2,12,3,12,4,12,3,13,3,12,2,11,3,11,3,11,3,10,3,10,3,11,4,11,4,11,3,10,3,10,4,9,4,9,4,9,4,8,4,8,4,8,4,9,4,8,5,8,5,8,5,9,2,4,6,7,6,8,6,8,6,8,6,8,6,8,6,7,6,7,6,7,6,7,6,7,6,7,5,7,6,7,6,7,6,8,6,8,5,8,6,7,5,7,5,8,5,8,4,8,4,8,3,8,2,8,0,2,0,0,0,0,0,0,0,0"
"44,-64,2,0,0,0,0,0,0,0,3,1,13,5,13,4,14,4,14,5,13,5,12,4,12,3,12,3,12,3,12,4,13,4,13,3,12,3,12,4,11,3,12,2,11,1,11,2,10,1,10,2,11,2,11,2,10,2,11,1,11,1,11,1,5,0,11,0,12,0,12,0,11,0,10,0,11,0,11,0,11,0,11,0,11,0,11,0,10,1,10,1,11,1,11,0,11,0,11,0,10,1,10,1,10,1,10,1,10,2,10,2,10,3,9,3,8,3,2,0,0,0,0,0,0,0,0,0"
"44,-64,2,0,0,0,0,0,0,0,1,-3,7,-12,5,-12,5,-12,6,-12,7,-11,6,-11,5,-11,4,-11,5,-10,5,-10,5,-11,5,-12,5,-11,5,-10,5,-10,4,-11,4,-10,4,-10,4,-9,4,-9,4,-9,4,-9,3,-9,3,-9,3,-10,3,-10,1,-5,2,-10,3,-11,3,-11,2,-11,2,-10,2,-10,2,-10,2,-10,2,-10,2,-10,3,-10,3,-10,3,-10,3,-10,3,-10,3,-10,3,-10,3,-10,3,-9,3,-9,4,-9,4,-9,5,-9,5,-8,5,-8,5,-7,1,-2,0,0,0,0,0,0,0,0"
"44,-64,2,0,0,0,0,0,0,0,3,-2,11,-8,10,-9,11,-10,11,-9,11,-8,10,-8,10,-8,9,-9,9,-8,9,-8,10,-9,10,-10,9,-9,9,-8,9,-8,8,-9,8,-9,8,-8,7,-8,7,-8,8,-8,8,-8,7,-8,7,-9,7,-10,7,-10,3,-5,6,-11,7,-10,7,-10,6,-10,7,-9,6,-10,6,-10,6,-9,6,-10,6,-10,6,-10,7,-9,6,-9,6,-9,7,-9,7,-9,7,-9,7,-9,7,-9,7,-9,7,-8,7,-7,8,-7,8,-7,8,-6,8,-6,2,-2,0,0,0,0,0,0,0,0"
"44,-64,2,0,0,0,0,0,0,0,2,2,8,9,8,8,9,8,9,9,7,9,7,9,7,8,8,7,8,7,8,8,8,8,8,8,8,8,7,8,7,7,8,6,8,6,7,6,7,5,7,5,7,6,7,6,7,5,8,5,8,5,9,5,4,2,9,5,9,5,9,5,9,5,8,4,8,4,8,4,8,4,9,4,9,4,9,5,8,5,8,5,8,5,8,5,8,5,8,5,8,5,8,5,8,5,7,5,7,5,7,6,7,6,6,6,6,6,1,1,0,0,0,0,0,0,0,0"
"44,-64,2,0,0,0,0,0,0,0,-2,2,-6,11,-5,11,-4,12,-5,12,-5,11,-5,10,-4,10,-4,10,-4,10,-4,10,-4,11,-4,11,-3,11,-4,10,-4,10,-3,10,-3,10,-3,9,-3,9,-3,9,-3,9,-2,9,-2,9,-2,9,-2,10,-2,10,-1,5,-1,10,-2,10,-1,10,-1,10,-1,10,-1,10,-1,10,-1,10,-1,10,-1,10,-1,10,-2,10,-2,10,-2,9,-2,9,-1,10,-2,10,-2,10,-2,9,-2,9,-2,9,-3,9,-3,9,-4,9,-4,8,-4,8,-1,2,0,0,0,0,0,0,0,0"
"44,-64,2,0,0,0,0,0,0,0,-2,-4,-7,-13,-7,-12,-8,-13,-8,-14,-7,-13,-7,-13,-7,-12,-7,-12,-7,-12,-7,-12,-7,-12,-8,-12,-8,-12,-7,-12,-7,-11,-8,-11,-8,-10,-7,-10,-7,-9,-7,-9,-8,-9,-7,-9,-7,-9,-8,-9,-8,-9,-8,-9,-5,-5,-9,-9,-9,-9,-9,-9,-9,-9,-8,-9,-9,-8,-9,-8,-9,-8,-9,-8,-9,-9,-9,-9,-8,-9,-8,-9,-9,-9,-8,-9,-8,-9,-8,-9,-8,-9,-8,-8,-8,-9,-7,-9,-7,-9,-7,-10,-6,-10,-5,-10,-4,-10,-1,-3,0,0,0,0,0,0,0,0"
"44,-64,2,0,0,0,0,0,0,0,0,-4,1,-13,0,-13,-1,-14,0,-14,0,-13,0,-12,-1,-12,-1,-12,-1,-11,-1,-12,-1,-12,-1,-13,-1,-12,-1,-12,-1,-12,-2,-12,-2,-11,-2,-10,-2,-10,-2,-10,-2,-10,-2,-10,-2,-10,-3,-10,-3,-11,-3,-11,-2,-6,-4,-10,-4,-11,-4,-11,-4,-11,-4,-10,-4,-10,-4,-10,-4,-10,-4,-10,-4,-10,-4,-11,-3,-11,-3,-11,-3,-11,-3,-10,-3,-10,-3,-11,-3,-10,-3,-10,-3,-10,-2,-10,-2,-10,-2,-10,-1,-10,0,-10,0,-10,0,-3,0,0,0,0,0,0,0,0"
"44,-64,2,0,0,0,0,0,0,0,-2,2,-6,11,-5,11,-4,12,-5,12,-6,11,-5,11,-5,10,-4,10,-4,10,-4,10,-5,11,-4,11,-4,11,-4,10,-4,10,-3,10,-3,10,-3,9,-3,9,-2,9,-2,9,-3,9,-2,9,-2,9,-2,10,-2,10,-1,5,0,10,-1,10,-1,10,-1,10,-1,10,-1,10,0,10,0,10,0,10,0,10,-1,10,-1,9,-1,9,-1,10,-1,10,-1,10,-1,10,-1,10,-1,9,-2,9,-2,9,-2,9,-2,9,-3,9,-4,8,-4,8,-1,2,0,0,0,0,0,0,0,0"
"44,-64,2,0,0,0,0,0,0,0,-3,-2,-11,-6,-12,-5,-13,-5,-13,-5,-12,-5,-11,-6,-11,-5,-11,-5,-11,-4,-11,-5,-11,-5,-12,-5,-11,-5,-11,-5,-11,-5,-11,-4,-11,-4,-10,-4,-10,-4,-10,-4,-10,-3,-10,-3,-10,-4,-10,-3,-11,-3,-11,-3,-6,-1,-11,-2,-11,-3,-12,-3,-11,-3,-10,-3,-11,-2,-11,-2,-10,-2,-11,-3,-11,-3,-11,-3,-10,-4,-10,-3,-10,-3,-10,-3,-10,-3,-11,-4,-10,-4,-10,-4,-10,-4,-10,-4,-9,-5,-9,-5,-9,-6,-8,-6,-8,-6,-2,-2,0,0,0,0,0,0,0,0"
"44,-64,2,0,0,0,0,0,0,0,-1,3,-3,13,-2,13,-1,14,-2,14,-3,14,-3,13,-2,12,-1,12,-1,12,-2,12,-2,13,-1,13,0,12,-2,12,-2,12,-1,12,0,12,0,11,0,11,0,11,0,11,0,11,0,10,0,11,1,11,0,11,0,5,2,11,2,12,2,12,1,12,1,11,2,11,2,11,2,11,2,11,2,11,1,11,1,11,1,10,1,10,1,10,1,11,0,11,0,11,0,11,0,10,0,10,-1,10,-2,10,-2,9,-2,9,-3,9,-1,2,0,0,0,0,0,0,0,0"
"44,-64,2,0,0,0,0,0,0,0,0,-4,0,-14,-1,-14,-2,-15,-1,-15,-1,-15,-1,-14,-1,-14,-2,-13,-2,-13,-2,-13,-2,-14,-2,-14,-2,-13,-2,-13,-2,-13,-3,-13,-3,-12,-3,-12,-3,-11,-3,-11,-3,-11,-4,-11,-3,-11,-4,-11,-4,-12,-4,-12,-3,-6,-5,-11,-5,-12,-5,-12,-5,-12,-5,-10,-5,-11,-6,-11,-5,-11,-6,-11,-6,-11,-5,-12,-4,-11,-4,-11,-4,-10,-4,-11,-5,-11,-5,-12,-4,-11,-4,-11,-4,-11,-3,-11,-3,-11,-3,-11,-2,-11,-1,-11,0,-10,0,-3,0,0,0,0,0,0,0,0"
"44,-64,2,0,0,0,0,0,0,0,-3,-2,-12,-6,-12,-5,-12,-5,-13,-6,-12,-6,-11,-5,-11,-4,-11,-4,-11,-4,-12,-4,-12,-5,-12,-4,-12,-4,-11,-4,-11,-4,-11,-3,-11,-3,-10,-3,-10,-3,-10,-3,-10,-3,-10,-3,-10,-3,-10,-2,-11,-2,-11,-2,-6,-1,-11,-2,-12,-2,-12,-1,-11,-1,-10,-1,-11,-1,-11,-1,-11,-1,-11,-1,-11,-1,-11,-1,-10,-1,-11,-1,-10,-1,-10,-2,-11,-2,-11,-1,-11,-2,-10,-2,-10,-2,-10,-3,-10,-3,-10,-3,-10,-3,-9,-4,-9,-4,-3,-1,0,0,0,0,0,0,0,0"
"44,-64,2,0,0,0,0,0,0,0,-2,3,-8,12,-7,12,-6,12,-7,13,-7,12,-7,11,-6,11,-5,11,-5,11,-6,11,-6,12,-5,12,-5,12,-6,11,-5,11,-4,11,-4,11,-4,10,-4,10,-3,10,-4,11,-4,11,-3,10,-3,10,-3,11,-3,12,-1,5,-1,12,-2,12,-2,12,-2,11,-2,11,-2,11,-2,11,-2,11,-2,11,-2,11,-2,11,-2,10,-2,10,-2,10,-2,10,-2,11,-2,11,-2,11,-2,11,-2,10,-3,10,-3,9,-4,10,-4,9,-5,9,-5,8,-2,2,0,0,0,0,0,0,0,0"
"44,-64,2,0,0,0,0,0,0,0,-4,0,-13,2,-12,3,-13,3,-13,3,-13,2,-12,2,-12,3,-11,3,-11,3,-11,2,-12,3,-12,3,-12,3,-11,2,-11,2,-11,3,-10,3,-10,3,-10,3,-10,3,-10,3,-10,3,-9,3,-10,4,-10,4,-10,4,-5,2,-10,5,-10,5,-10,5,-10,5,-10,4,-10,4,-9,5,-9,5,-9,5,-10,5,-10,4,-10,4,-10,3,-10,4,-10,4,-10,4,-10,4,-10,3,-10,3,-9,3,-10,3,-10,2,-10,2,-10,2,-10,1,-10,0,-3,0,0,0,0,0,0,0,0,0"
"44,-64,2,0,0,0,0,0,0,0,-4,1,-14,4,-13,5,-14,5,-14,5,-14,4,-13,4,-12,5,-12,5,-12,5,-12,5,-13,5,-13,5,-13,5,-12,4,-12,4,-12,5,-11,5,-11,5,-10,4,-10,5,-10,5,-10,5,-10,5,-10,5,-11,6,-10,6,-5,3,-10,7,-10,7,-10,7,-10,7,-10,6,-10,7,-9,7,-9,7,-9,7,-9,7,-10,6,-10,6,-10,5,-10,6,-9,6,-9,6,-10,6,-10,6,-9,5,-9,5,-9,5,-10,4,-10,4,-10,3,-10,3,-10,3,-3,0,0,0,0,0,0,0,0,0"
