28,-64,1,0,0,0,0,0,0,0,0,0,21,10,19,9,21,9,21,8,19,8,17,7,17,7,17,7,17,6,17,5,18,4,19,4,17,4,17,5,16,4,19,3,16,2,17,3,16,2,16,3,17,3,17,2,16,4,17,3,18,2,17,2,0,0,18,2,19,1,18,1,19,2,17,2,18,2,19,2,17,3,18,2,17,3,18,1,16,3,17,3,17,2,17,2,17,2,18,4,17,5,15,4,15,6,15,5,15,6,15,6,14,5,12,6,12,6,0,0,0,0,0,0,0,0,0,0
-99,-48,9,0,0,0,0,0,0,0,0,0,6,-31,6,-29,6,-29,5,-30,6,-27,7,-24,5,-24,5,-23,5,-23,3,-21,3,-24,2,-24,2,-22,3,-22,4,-20,1,-23,3,-21,4,-19,2,-19,3,-19,3,-19,2,-18,3,-17,1,-18,1,-19,2,-19,0,0,2,-19,2,-18,1,-19,2,-17,3,-15,2,-17,1,-18,0,-17,6,-6,2,-14,1,-20,2,-15,1,-15,0,-12,2,-16,0,-15,1,-15,2,-14,0,-14,1,-13,0,-13,1,-13,1,-13,1,-14,1,-12,1,-12,0,0,0,0,0,0,0,0,0,0
-121,112,8,0,0,0,0,0,0,0,0,0,-4,19,-4,18,-3,19,-2,21,-2,19,-2,18,-1,18,0,17,0,18,1,17,2,19,3,19,3,19,2,19,2,18,4,19,3,18,3,17,4,18,4,18,5,18,5,19,3,17,5,19,6,21,6,20,0,0,6,20,7,21,8,21,7,21,6,20,6,20,7,21,6,20,6,22,6,20,7,21,4,20,4,21,5,21,5,20,5,21,5,22,2,20,3,20,2,19,1,19,0,18,0,19,-1,19,-3,17,-3,17,0,0,0,0,0,0,0,0,0,0
-122,-31,23,0,0,0,0,0,0,0,0,0,-19,-20,-18,-18,-19,-18,-20,-18,-17,-16,-15,-15,-16,-15,-15,-14,-16,-14,-16,-12,-18,-12,-19,-11,-19,-11,-16,-11,-16,-11,-19,-11,-17,-10,-16,-9,-17,-10,-18,-10,-17,-9,-18,-9,-17,-9,-19,-9,-20,-9,-19,-9,0,0,-20,-10,-21,-10,-21,-11,-18,-10,-17,-11,-20,-10,-19,-12,-18,-15,-20,-6,-19,-12,-20,-12,-18,-11,-19,-11,-18,-11,-17,-12,-19,-11,-17,-13,-16,-14,-15,-12,-13,-14,-14,-13,-13,-13,-13,-14,-12,-14,-11,-14,-10,-13,0,0,0,0,0,0,0,0,0,0
-122,-31,23,0,0,0,0,0,0,0,0,0,-22,-17,-21,-17,-20,-17,-21,-17,-19,-15,-18,-15,-16,-13,-15,-13,-16,-14,-15,-11,-16,-13,-17,-12,-16,-11,-16,-12,-14,-11,-16,-11,-14,-10,-13,-10,-14,-10,-14,-10,-14,-9,-15,-9,-12,-9,-15,-10,-16,-10,-15,-9,0,0,-15,-9,-15,-10,-15,-10,-14,-10,-13,-10,-13,-9,-14,-9,-13,-10,-14,-10,-12,-8,-14,-9,-11,-8,-13,-9,-13,-9,-11,-9,-13,-8,-13,-9,-11,-10,-11,-9,-11,-8,-11,-8,-10,-8,-11,-8,-11,-9,-10,-9,-10,-9,0,0,0,0,0,0,0,0,0,0
82,-96,4,0,0,0,0,0,0,0,0,0,-2,-20,-3,-19,-3,-20,-4,-19,-4,-18,-4,-17,-5,-18,-4,-17,-6,-17,-6,-17,-7,-18,-8,-18,-8,-17,-8,-18,-8,-16,-10,-18,-9,-16,-8,-16,-9,-17,-9,-17,-9,-16,-10,-17,-10,-17,-12,-17,-12,-19,-12,-18,0,0,-12,-19,-15,-19,-13,-20,-13,-20,-11,-18,-12,-20,-11,-21,-11,-20,-12,-21,-11,-18,-12,-20,-9,-19,-10,-21,-10,-20,-9,-19,-10,-21,-11,-21,-8,-21,-7,-20,-6,-20,-6,-20,-5,-19,-4,-19,-5,-20,-3,-18,-1,-18,0,0,0,0,0,0,0,0,0,0
82,-96,4,0,0,0,0,0,0,0,0,0,1,24,2,23,2,24,3,24,2,22,2,21,2,20,2,19,3,20,2,19,4,20,5,21,4,20,4,20,4,19,6,20,4,18,4,19,3,18,4,18,4,19,6,18,2,17,4,18,6,20,5,19,0,0,5,19,6,19,6,18,6,19,5,18,4,19,5,19,4,18,5,19,4,18,5,19,4,17,4,19,4,18,4,18,4,19,4,20,2,18,1,18,1,18,1,18,0,17,0,18,0,17,-2,16,-2,16,0,0,0,0,0,0,0,0,0,0
82,-96,4,0,0,0,0,0,0,0,0,0,11,19,11,17,12,17,14,17,12,16,11,16,13,15,13,14,13,14,13,14,14,15,15,15,15,14,14,15,14,14,17,14,15,12,14,13,15,13,15,12,15,13,17,12,14,13,15,13,17,14,16,13,0,0,18,13,18,13,18,12,18,13,16,13,18,13,18,13,17,13,18,14,16,13,17,13,15,13,15,15,16,13,15,13,16,14,16,16,14,15,13,14,12,15,12,15,11,15,11,16,9,17,7,16,7,15,0,0,0,0,0,0,0,0,0,0
82,-96,4,0,0,0,0,0,0,0,0,0,4,-20,4,-20,4,-20,3,-21,3,-20,3,-18,2,-19,2,-18,2,-19,2,-19,1,-20,1,-21,1,-20,1,-20,1,-19,0,-21,1,-19,1,-19,0,-19,0,-19,1,-19,-1,-20,1,-18,0,-20,0,-21,0,-20,0,0,0,-21,-1,-21,-1,-20,-1,-20,0,-18,0,-20,1,-20,1,-20,1,-20,0,-18,1,-20,1,-18,2,-19,1,-18,1,-17,1,-18,2,-18,2,-17,3,-17,3,-16,4,-16,4,-15,4,-15,5,-14,5,-13,6,-12,0,0,0,0,0,0,0,0,0,0
82,-96,4,0,0,0,0,0,0,0,0,0,8,-21,7,-21,9,-21,6,-22,7,-21,7,-19,5,-20,6,-20,5,-20,5,-20,4,-23,4,-23,4,-22,4,-22,4,-20,4,-23,4,-21,4,-19,3,-20,4,-20,3,-21,3,-21,4,-18,3,-20,3,-22,2,-21,0,0,2,-21,2,-22,1,-22,3,-22,3,-19,4,-20,2,-22,3,-21,3,-18,1,-20,2,-22,3,-19,4,-19,3,-18,4,-18,3,-19,4,-19,4,-17,5,-18,5,-17,5,-16,6,-15,5,-15,6,-14,6,-13,7,-12,0,0,0,0,0,0,0,0,0,0
82,-96,4,0,0,0,0,0,0,0,0,0,19,-10,18,-10,18,-11,17,-12,16,-11,15,-10,14,-11,14,-11,14,-12,14,-11,14,-13,14,-14,13,-14,13,-14,13,-13,13,-15,12,-14,11,-13,11,-14,11,-13,11,-14,11,-16,11,-13,11,-14,12,-17,11,-16,0,0,11,-17,10,-18,10,-18,10,-18,10,-17,10,-18,10,-19,11,-18,11,-19,10,-17,10,-19,11,-17,12,-19,11,-19,11,-19,11,-20,12,-20,13,-18,13,-17,14,-17,14,-17,15,-16,15,-15,16,-15,17,-14,16,-13,0,0,0,0,0,0,0,0,0,0
82,-96,4,0,0,0,0,0,0,0,0,0,-26,8,-25,9,-25,9,-25,10,-23,9,-22,8,-22,8,-21,7,-21,8,-20,8,-20,10,-21,11,-21,10,-20,9,-20,7,-20,11,-19,8,-17,8,-18,8,-18,8,-18,8,-18,9,-16,6,-17,9,-18,10,-17,9,0,0,-17,9,-17,9,-16,9,-16,10,-15,8,-16,9,-16,9,-15,9,-16,10,-14,10,-15,11,-14,9,-15,10,-15,11,-14,10,-16,11,-17,11,-17,9,-16,9,-17,9,-16,8,-17,7,-18,7,-18,8,-17,6,-18,5,0,0,0,0,0,0,0,0,0,0
37,80,2,0,0,0,0,0,0,0,0,0,-11,-17,-11,-15,-12,-16,-13,-16,-13,-16,-11,-14,-12,-15,-11,-14,-13,-14,-13,-14,-14,-14,-15,-14,-15,-14,-14,-14,-14,-13,-16,-13,-14,-12,-14,-13,-14,-12,-15,-13,-14,-12,-16,-12,-14,-12,-16,-12,-17,-12,-17,-12,0,0,-17,-13,-18,-12,-18,-12,-18,-12,-16,-12,-17,-13,-18,-13,-16,-12,-17,-13,-17,-12,-18,-12,-16,-12,-17,-14,-17,-13,-17,-13,-17,-13,-18,-15,-15,-14,-15,-15,-14,-15,-14,-15,-13,-16,-12,-16,-12,-16,-10,-16,-9,-16,0,0,0,0,0,0,0,0,0,0
37,80,2,0,0,0,0,0,0,0,0,0,17,11,17,11,18,11,19,10,17,9,16,9,16,8,16,8,17,7,16,7,18,7,18,6,18,6,18,6,17,6,19,5,17,5,16,5,18,5,17,5,18,5,18,4,16,5,18,4,20,3,19,4,0,0,20,3,20,2,20,2,20,2,19,3,20,3,20,3,20,3,21,2,19,3,21,1,19,3,21,3,21,3,20,3,21,2,22,4,20,5,20,5,19,7,19,7,19,7,18,8,19,8,16,9,16,9,0,0,0,0,0,0,0,0,0,0
84,-64,4,0,0,0,0,0,0,0,0,0,-22,-11,-21,-10,-21,-11,-22,-10,-20,-9,-19,-9,-19,-9,-18,-8,-19,-8,-18,-8,-20,-7,-20,-7,-19,-7,-19,-7,-18,-6,-19,-6,-18,-6,-17,-6,-17,-6,-17,-6,-17,-6,-17,-5,-15,-6,-17,-5,-19,-5,-17,-5,0,0,-18,-5,-18,-4,-18,-3,-18,-3,-16,-4,-18,-4,-17,-4,-17,-4,-18,-3,-16,-4,-18,-3,-16,-4,-18,-4,-18,-3,-17,-4,-18,-4,-18,-4,-18,-5,-18,-4,-17,-7,-17,-7,-17,-6,-16,-7,-16,-8,-16,-9,-15,-10,0,0,0,0,0,0,0,0,0,0
84,-64,4,0,0,0,0,0,0,0,0,0,21,5,20,5,21,5,22,4,20,4,19,4,18,3,19,3,18,3,19,2,20,0,20,0,19,0,20,1,19,0,21,-1,18,-1,18,0,19,0,18,0,19,-2,20,-2,17,-1,18,-2,21,-3,20,-2,0,0,20,-4,20,-4,19,-4,20,-4,20,-4,22,-3,21,-5,20,-3,21,-1,19,-6,21,-8,19,-4,21,-4,21,-4,20,-3,21,-4,23,-4,22,-2,21,-2,21,0,21,0,20,0,20,2,21,2,19,4,19,3,0,0,0,0,0,0,0,0,0,0
84,-64,4,0,0,0,0,0,0,0,0,0,-29,-2,-27,-2,-27,-2,-28,-2,-25,-2,-23,-2,-23,-2,-22,-2,-22,-1,-21,-1,-23,-1,-23,-1,-22,-1,-22,-1,-20,-2,-22,-1,-19,-2,-19,-2,-18,-1,-19,-1,-19,-1,-19,-1,-17,-2,-17,-1,-19,0,-18,-1,0,0,-18,-1,-17,0,-17,-1,-17,0,-15,-1,-16,0,-17,0,-16,0,-17,1,-15,1,-17,2,-15,1,-16,1,-16,2,-15,1,-16,2,-17,2,-16,0,-15,1,-17,-1,-16,0,-16,-2,-16,-1,-16,-1,-16,-2,-15,-2,0,0,0,0,0,0,0,0,0,0
84,-64,4,0,0,0,0,0,0,0,0,0,-56,32,-51,29,-57,31,-53,37,-49,31,-45,29,-46,31,-44,30,-45,30,-42,32,-43,36,-44,40,-39,40,-41,37,-41,33,-43,41,-37,35,-37,32,-36,35,-39,34,-36,35,-40,41,-38,31,-37,39,-37,42,-36,39,0,0,-36,42,-37,45,-36,42,-35,44,-37,38,-35,43,-40,42,-37,36,-39,51,-39,39,-37,42,-39,41,-38,47,-39,45,-38,42,-41,44,-41,45,-43,39,-39,40,-45,36,-43,38,-47,34,-47,31,-46,35,-48,28,-47,27,0,0,0,0,0,0,0,0,0,0
84,-64,4,0,0,0,0,0,0,0,0,0,59,-21,62,-21,62,-19,65,-21,54,-19,55,-18,52,-20,48,-16,51,-21,47,-17,51,-20,50,-22,48,-19,47,-18,45,-16,45,-19,43,-16,40,-16,42,-16,39,-17,39,-15,40,-17,37,-14,38,-15,41,-17,36,-15,0,0,37,-18,35,-17,36,-18,29,-14,32,-16,29,-20,35,-17,32,-17,25,-6,32,-33,37,-23,30,-20,25,-21,25,-23,28,-19,28,-23,27,-21,28,-19,26,-22,28,-21,27,-22,31,-19,28,-19,30,-18,28,-15,30,-15,0,0,0,0,0,0,0,0,0,0
84,-64,4,0,0,0,0,0,0,0,0,0,-53,-27,-51,-25,-54,-28,-56,-25,-55,-24,-51,-22,-51,-21,-46,-16,-52,-16,-52,-15,-57,-16,-59,-14,-57,-16,-55,-16,-51,-16,-59,-13,-53,-11,-53,-11,-52,-11,-55,-10,-53,-8,-55,-6,-52,-12,-55,-9,-60,-7,-58,-10,0,0,-61,-6,-63,-6,-60,-4,-62,-4,-55,-9,-59,-5,-62,-5,-58,-9,-62,2,-61,-14,-65,-8,-60,-10,-62,-9,-61,-3,-64,-6,-66,-6,-63,-9,-63,-11,-61,-10,-59,-16,-58,-15,-56,-16,-55,-18,-56,-20,-53,-21,-47,-26,0,0,0,0,0,0,0,0,0,0
84,-64,4,0,0,0,0,0,0,0,0,0,-8,-12,-7,-10,-7,-9,-8,-11,-7,-9,-6,-10,-6,-9,-6,-9,-5,-9,-6,-8,-6,-9,-6,-8,-6,-8,-6,-8,-5,-8,-6,-8,-6,-7,-5,-7,-6,-7,-5,-7,-6,-8,-6,-7,-4,-7,-6,-6,-6,-7,-5,-6,0,0,-5,-6,-5,-6,-6,-6,-5,-6,-5,-6,-6,-6,-5,-6,-5,-5,-5,-6,-5,-5,-5,-6,-5,-5,-6,-5,-6,-6,-6,-6,-5,-6,-6,-6,-5,-6,-5,-6,-4,-5,-5,-6,-5,-8,-5,-7,-5,-7,-4,-6,-3,-7,0,0,0,0,0,0,0,0,0,0
84,-64,4,0,0,0,0,0,0,0,0,0,12,3,13,3,13,2,14,3,12,2,12,2,12,2,11,1,12,1,12,0,13,1,13,-1,13,-1,12,-1,13,0,13,-1,12,-2,11,-1,13,-2,12,-1,12,-1,13,-1,12,-1,12,-3,14,-2,13,-3,0,0,13,-3,14,-3,14,-4,13,-3,13,-3,13,-3,14,-3,13,-3,14,-3,13,-3,14,-4,13,-3,14,-3,14,-3,13,-2,14,-2,15,-2,14,-1,14,-1,13,0,13,1,14,1,13,1,13,1,11,3,12,2,0,0,0,0,0,0,0,0,0,0
84,-64,4,0,0,0,0,0,0,0,0,0,10,3,10,2,10,2,10,3,9,2,9,2,9,1,7,1,9,2,8,1,9,1,9,0,9,0,8,0,8,1,9,0,8,-1,8,0,8,0,9,0,8,0,9,-1,8,0,8,-2,9,-1,8,-2,0,0,9,-1,9,-1,9,-1,9,-2,9,-2,9,-1,10,-2,9,-1,9,-2,8,-2,9,-3,9,-2,9,-1,9,-1,9,-2,10,-1,10,0,10,-1,10,0,10,0,10,1,9,2,9,2,9,2,9,2,9,2,0,0,0,0,0,0,0,0,0,0
84,-64,4,0,0,0,0,0,0,0,0,0,11,2,10,1,11,1,11,2,11,1,10,1,9,0,9,0,10,0,10,-1,10,-1,10,-2,10,-1,9,-1,10,-1,10,-2,9,-2,9,-1,9,-1,10,-1,10,-1,10,-2,10,-1,10,-3,10,-2,9,-3,0,0,10,-3,10,-2,11,-3,9,-3,9,-2,10,-3,11,-2,11,-1,11,-7,11,-1,12,-2,11,-3,12,-3,11,-3,11,-2,11,-3,11,-1,12,-1,11,-1,11,0,11,1,10,2,11,2,10,2,9,2,10,2,0,0,0,0,0,0,0,0,0,0
84,-64,4,0,0,0,0,0,0,0,0,0,-10,5,-9,6,-9,6,-10,6,-9,6,-9,6,-9,6,-8,6,-8,7,-7,6,-8,7,-8,8,-8,8,-8,7,-8,7,-7,8,-6,8,-7,7,-7,8,-6,9,-7,8,-6,9,-6,8,-5,9,-7,9,-5,9,0,0,-5,10,-6,9,-6,10,-5,10,-6,9,-6,10,-6,10,-5,10,-6,10,-5,10,-6,11,-6,9,-7,10,-6,10,-6,10,-7,10,-7,10,-7,11,-8,10,-8,9,-8,8,-8,8,-8,8,-8,7,-9,6,-9,6,0,0,0,0,0,0,0,0,0,0
84,-64,4,0,0,0,0,0,0,0,0,0,9,5,9,4,9,4,9,6,8,5,7,5,8,5,6,3,6,4,6,3,7,5,7,3,7,4,7,4,5,4,6,3,6,2,6,3,6,3,5,3,5,3,5,3,4,3,5,2,5,4,5,2,0,0,5,2,5,2,5,3,5,2,4,2,5,2,4,2,4,2,4,1,5,1,5,0,5,1,4,1,5,1,5,1,5,0,5,2,6,1,6,1,5,1,5,1,4,1,5,1,5,1,5,2,5,2,0,0,0,0,0,0,0,0,0,0
84,-64,4,0,0,0,0,0,0,0,0,0,-30,1,-27,2,-28,2,-29,3,-25,3,-21,6,-25,1,-21,2,-26,0,-21,6,-25,4,-22,8,-22,8,-20,5,-19,2,-22,8,-16,10,-17,3,-18,13,-16,7,-20,8,-19,6,-15,5,-16,13,-23,13,-21,12,0,0,-20,14,-22,13,-17,14,-15,11,-20,11,-18,13,-20,16,-20,11,-10,10,-21,19,-22,20,-21,12,-18,18,-16,14,-22,12,-19,15,-22,13,-21,13,-22,13,-21,10,-24,10,-23,6,-23,11,-21,12,-23,6,-19,5,0,0,0,0,0,0,0,0,0,0
84,-64,4,0,0,0,0,0,0,0,0,0,-10,-6,-11,-5,-11,-4,-11,-5,-10,-4,-9,-4,-10,-4,-9,-4,-9,-4,-9,-3,-10,-3,-10,-2,-9,-3,-9,-3,-9,-3,-9,-2,-8,-2,-8,-2,-9,-2,-9,-2,-9,-2,-9,-1,-7,-2,-9,-1,-9,-1,-9,-1,0,0,-9,-1,-9,-1,-9,0,-9,0,-9,0,-9,0,-9,-1,-9,0,-9,0,-9,0,-9,1,-9,-1,-10,-1,-10,0,-10,0,-10,0,-11,0,-10,-1,-10,-1,-10,-1,-9,-2,-10,-3,-9,-3,-10,-3,-9,-3,-9,-4,0,0,0,0,0,0,0,0,0,0
84,-64,4,0,0,0,0,0,0,0,0,0,-13,-5,-13,-4,-13,-3,-13,-4,-12,-3,-13,-3,-12,-3,-12,-2,-12,-3,-12,-2,-13,-1,-13,0,-13,0,-13,-1,-13,-1,-13,0,-12,0,-12,0,-13,0,-13,0,-13,0,-13,1,-11,0,-13,2,-13,1,-13,1,0,0,-13,2,-13,1,-14,2,-12,2,-13,1,-13,2,-13,2,-13,2,-13,2,-12,3,-13,3,-13,2,-14,1,-14,2,-13,1,-14,1,-14,0,-14,1,-14,0,-14,-1,-13,-1,-13,-2,-13,-2,-13,-3,-13,-3,-12,-3,0,0,0,0,0,0,0,0,0,0
84,-64,4,0,0,0,0,0,0,0,0,0,36,4,28,4,30,-10,32,1,28,0,24,2,27,-1,21,-2,22,-3,18,-13,27,-14,19,-19,18,-16,15,-17,15,-11,11,-15,9,-14,15,-12,5,-18,8,-16,16,-14,13,-18,12,-17,-10,-13,-3,-24,1,-23,0,0,-6,-20,-8,-16,-11,-23,-7,-10,-8,-9,-13,-14,-18,-21,-4,-7,-33,-12,-26,-22,-9,-17,-12,-13,-12,-10,-21,-19,-18,-14,-16,-13,-23,-9,-18,-13,-20,-12,-17,-7,-24,-14,-36,-6,-33,3,-38,-6,-12,-21,-9,-12,0,0,0,0,0,0,0,0,0,0
84,-64,4,0,0,0,0,0,0,0,0,0,1,-12,0,-11,-1,-11,2,-12,1,-10,1,-10,1,-11,1,-9,1,-10,1,-9,2,-10,0,-10,0,-9,0,-9,1,-8,1,-9,0,-8,1,-7,0,-8,1,-8,1,-7,0,-7,2,-6,-1,-7,0,-8,0,-7,0,0,0,-7,0,-6,0,-7,0,-6,0,-6,0,-6,0,-6,-1,-5,0,-6,-1,-5,-1,-5,0,-6,0,-6,-1,-6,-1,-6,-1,-6,-2,-7,-1,-6,0,-6,-1,-6,0,-7,0,-7,0,-6,0,-7,0,-7,0,-6,0,0,0,0,0,0,0,0,0,0
84,-64,4,0,0,0,0,0,0,0,0,0,-4,-11,-3,-11,-4,-10,-4,-12,-4,-10,-3,-10,-4,-10,-4,-9,-4,-10,-5,-9,-5,-10,-6,-10,-6,-10,-5,-10,-5,-9,-6,-10,-6,-8,-5,-9,-6,-8,-6,-9,-6,-10,-7,-9,-5,-8,-8,-8,-8,-9,-7,-8,0,0,-8,-8,-8,-9,-8,-9,-8,-8,-8,-9,-7,-9,-9,-9,-8,-9,-8,-9,-8,-8,-9,-9,-8,-9,-9,-9,-8,-9,-8,-9,-8,-10,-9,-10,-7,-9,-7,-10,-6,-11,-6,-10,-5,-11,-5,-11,-6,-11,-4,-10,-3,-10,0,0,0,0,0,0,0,0,0,0
84,-64,4,0,0,0,0,0,0,0,0,0,7,-8,7,-8,6,-8,7,-8,6,-7,7,-8,6,-7,5,-6,6,-6,5,-6,7,-7,5,-7,5,-6,6,-6,6,-6,5,-7,5,-6,6,-6,4,-6,5,-5,4,-5,5,-5,4,-5,3,-6,4,-5,4,-5,0,0,4,-6,4,-5,4,-5,3,-5,3,-5,3,-5,2,-5,3,-7,3,-2,11,-6,6,-5,3,-6,3,-7,3,-7,4,-6,4,-7,3,-6,5,-5,4,-6,4,-6,5,-5,5,-6,4,-6,5,-5,6,-5,6,-4,0,0,0,0,0,0,0,0,0,0
84,-64,4,0,0,0,0,0,0,0,0,0,-18,24,-20,23,-14,30,-24,26,-15,22,-20,16,-18,18,-14,24,-17,16,-7,21,-13,20,-11,26,-10,21,-11,17,-12,13,-6,16,-3,14,-3,15,0,18,-8,11,-11,14,-4,15,-7,6,-1,14,-7,13,-2,16,0,0,3,16,0,10,2,18,4,13,-1,11,9,11,6,18,-2,17,14,3,4,4,4,17,5,13,11,19,5,22,4,10,5,13,10,22,5,20,4,17,7,16,7,18,1,18,3,14,8,17,2,11,-1,13,0,0,0,0,0,0,0,0,0,0
84,-64,4,0,0,0,0,0,0,0,0,0,-35,0,-35,2,-34,10,-34,5,-27,6,-30,0,-29,4,-28,12,-29,9,-23,12,-32,8,-34,15,-30,10,-28,15,-29,6,-25,17,-25,15,-22,13,-24,15,-25,16,-28,12,-25,20,-22,9,-20,25,-25,26,-26,25,0,0,-25,30,-27,30,-28,27,-22,26,-23,23,-21,28,-22,34,-28,29,-16,25,-23,28,-29,28,-26,27,-20,25,-23,28,-22,30,-21,25,-28,29,-20,27,-28,26,-25,25,-26,29,-27,22,-29,24,-28,24,-28,13,-34,14,0,0,0,0,0,0,0,0,0,0
84,-64,4,0,0,0,0,0,0,0,0,0,0,-11,0,-11,-1,-11,1,-11,0,-10,0,-10,0,-10,-1,-8,0,-9,-1,-8,0,-10,-1,-9,-1,-9,-1,-9,0,-8,-1,-9,-2,-8,0,-8,-2,-7,-1,-8,0,-8,-2,-7,0,-7,-2,-7,-2,-8,-1,-8,0,0,-3,-8,-2,-7,-2,-7,-3,-7,-2,-6,-2,-7,-3,-7,-3,-6,-3,-7,-3,-6,-3,-7,-2,-6,-3,-7,-4,-7,-3,-7,-3,-7,-4,-8,-3,-8,-3,-8,-3,-8,-3,-8,-3,-8,-2,-8,-4,-8,-2,-8,-1,-8,0,0,0,0,0,0,0,0,0,0
84,-64,4,0,0,0,0,0,0,0,0,0,3,-11,3,-11,2,-10,3,-10,2,-10,2,-10,1,-10,0,-9,2,-9,0,-9,0,-10,0,-10,0,-9,0,-10,0,-10,-1,-10,-1,-9,0,-9,-1,-9,-2,-8,-1,-8,-2,-9,0,-8,-2,-9,-2,-10,-2,-9,0,0,-3,-10,-2,-8,-4,-9,-3,-9,-3,-8,-2,-10,-2,-9,-7,-8,-1,-13,-1,-9,-8,-10,-4,-9,-4,-9,-4,-8,-3,-10,-3,-10,-3,-9,-3,-11,-3,-10,-2,-10,-2,-10,-3,-10,-2,-10,-1,-10,-1,-10,-1,-10,0,0,0,0,0,0,0,0,0,0
84,-64,4,0,0,0,0,0,0,0,0,0,1,9,2,9,3,9,3,9,2,8,3,8,3,7,2,7,3,8,3,7,4,8,4,8,4,8,4,7,4,7,4,7,5,7,4,7,6,7,5,7,4,6,6,7,4,7,6,6,6,7,6,6,0,0,6,6,6,6,6,5,6,6,7,6,6,7,7,6,8,5,9,9,10,5,9,7,7,6,6,6,7,7,6,7,6,7,7,8,6,8,6,8,6,8,5,8,6,9,4,8,5,8,4,8,3,9,0,0,0,0,0,0,0,0,0,0
84,-64,4,0,0,0,0,0,0,0,0,0,21,27,28,22,25,19,20,28,17,22,10,25,14,25,13,25,12,25,8,16,15,24,19,22,14,23,9,22,-2,22,15,22,18,13,-1,16,10,14,4,13,-4,18,7,12,-2,17,16,5,1,9,10,15,0,0,9,11,2,13,3,11,12,11,-3,1,6,4,5,5,6,11,6,18,17,20,13,25,12,9,3,7,9,14,6,16,6,15,8,13,1,26,-10,12,-2,24,3,21,0,17,2,13,15,18,3,5,-14,21,0,0,0,0,0,0,0,0,0,0
84,-64,4,0,0,0,0,0,0,0,0,0,4,10,4,9,5,8,4,9,5,8,4,8,4,8,4,7,4,8,4,6,5,8,5,7,5,7,4,6,4,6,5,7,5,6,4,6,5,5,4,6,4,6,5,6,4,6,6,4,5,6,5,5,0,0,6,5,5,5,5,5,6,4,6,4,6,5,6,4,6,4,6,5,6,4,7,5,6,5,6,4,7,5,6,5,7,6,7,5,6,6,6,6,6,6,5,7,6,7,6,7,5,7,4,8,4,7,0,0,0,0,0,0,0,0,0,0
84,-64,4,0,0,0,0,0,0,0,0,0,11,-2,10,-3,10,-3,12,-2,9,-2,9,-2,8,-2,7,-2,8,-1,7,-2,9,-2,8,-3,8,-2,8,-2,8,-1,8,-3,6,-3,6,-1,7,-2,6,-1,7,0,6,-1,6,-1,5,-2,6,-1,6,-2,0,0,6,-2,6,-2,5,-2,5,-2,5,-2,5,-2,5,-2,4,-2,4,-3,5,-3,5,-3,4,-2,5,-2,5,-3,5,-3,5,-4,5,-3,5,-3,6,-2,6,-2,6,-2,6,-2,6,-2,6,-3,6,-1,6,-1,0,0,0,0,0,0,0,0,0,0
84,-64,4,0,0,0,0,0,0,0,0,0,5,-9,4,-9,3,-9,6,-10,4,-8,4,-9,4,-9,3,-8,3,-8,2,-7,4,-8,3,-9,3,-9,3,-8,3,-8,2,-9,2,-8,2,-7,1,-7,2,-7,2,-7,2,-8,3,-6,1,-7,2,-8,1,-8,0,0,1,-8,1,-7,0,-8,1,-8,0,-7,0,-7,0,-8,0,-7,0,-8,0,-7,1,-8,0,-7,0,-8,0,-9,0,-9,0,-9,0,-9,1,-9,1,-9,2,-8,2,-8,2,-9,3,-8,2,-10,3,-8,4,-8,0,0,0,0,0,0,0,0,0,0
84,-64,4,0,0,0,0,0,0,0,0,0,10,-4,11,-4,10,-4,11,-4,10,-4,10,-5,9,-5,9,-5,9,-5,9,-5,9,-6,9,-7,9,-6,9,-6,9,-6,8,-7,8,-7,8,-6,8,-7,8,-7,7,-6,8,-6,7,-7,7,-8,8,-7,7,-9,0,0,7,-9,7,-8,7,-8,7,-8,7,-9,8,-9,8,-9,7,-9,7,-10,7,-9,8,-10,7,-9,8,-9,8,-9,8,-9,8,-10,8,-8,9,-9,10,-9,10,-9,10,-8,10,-7,10,-6,9,-6,11,-6,11,-5,0,0,0,0,0,0,0,0,0,0
84,-64,4,0,0,0,0,0,0,0,0,0,-3,-10,-4,-9,-6,-9,-4,-10,-4,-9,-4,-9,-4,-8,-4,-8,-5,-8,-5,-8,-5,-9,-6,-9,-5,-8,-5,-8,-4,-8,-6,-9,-6,-7,-6,-8,-7,-8,-6,-7,-6,-8,-6,-7,-6,-9,-7,-6,-7,-8,-7,-7,0,0,-7,-7,-8,-7,-8,-7,-8,-8,-8,-7,-7,-7,-7,-6,-7,-7,-6,-9,-6,-9,-8,-8,-8,-7,-8,-7,-9,-7,-7,-8,-9,-9,-8,-8,-7,-9,-7,-8,-7,-10,-5,-9,-6,-10,-4,-10,-6,-11,-4,-10,-5,-11,0,0,0,0,0,0,0,0,0,0
84,-64,4,0,0,0,0,0,0,0,0,0,10,-3,9,-4,9,-5,11,-4,8,-3,8,-3,8,-4,7,-4,8,-4,7,-5,8,-5,8,-6,8,-6,8,-6,8,-4,8,-7,6,-6,7,-5,6,-6,7,-6,7,-6,7,-6,7,-5,5,-7,7,-7,6,-7,0,0,6,-8,6,-8,6,-8,6,-8,6,-7,6,-8,7,-8,6,-8,6,-9,6,-8,6,-10,6,-8,6,-8,7,-9,7,-9,7,-9,8,-9,9,-9,9,-8,9,-8,8,-7,9,-7,9,-6,10,-7,9,-5,9,-5,0,0,0,0,0,0,0,0,0,0
84,-64,4,0,0,0,0,0,0,0,0,0,-6,-11,-6,-10,-8,-10,-8,-11,-7,-10,-6,-9,-8,-10,-7,-8,-7,-9,-8,-7,-8,-9,-9,-8,-9,-8,-9,-8,-8,-8,-10,-8,-9,-7,-8,-8,-10,-7,-10,-7,-9,-7,-10,-6,-9,-7,-11,-6,-11,-6,-11,-6,0,0,-11,-6,-12,-6,-12,-6,-11,-6,-11,-6,-12,-5,-12,-6,-12,-5,-13,-6,-12,-6,-13,-6,-12,-6,-13,-6,-13,-6,-12,-7,-12,-6,-14,-7,-12,-7,-12,-8,-11,-8,-11,-8,-11,-9,-10,-8,-11,-9,-9,-9,-9,-10,0,0,0,0,0,0,0,0,0,0
84,-64,4,0,0,0,0,0,0,0,0,0,0,-11,0,-10,-1,-11,0,-11,-1,-10,-1,-10,-1,-10,-2,-9,-1,-10,-2,-9,-2,-11,-2,-10,-2,-10,-3,-10,-2,-10,-3,-10,-3,-9,-3,-9,-4,-9,-4,-9,-4,-10,-5,-9,-3,-9,-5,-9,-5,-10,-5,-9,0,0,-6,-10,-5,-10,-6,-10,-6,-10,-5,-9,-6,-10,-6,-10,-6,-9,-6,-11,-6,-10,-7,-11,-6,-10,-6,-11,-7,-11,-6,-11,-6,-11,-6,-11,-5,-12,-5,-11,-4,-12,-4,-11,-4,-11,-3,-11,-4,-12,-2,-12,-1,-11,0,0,0,0,0,0,0,0,0,0
84,-64,4,0,0,0,0,0,0,0,0,0,-29,-9,-27,-10,-28,-10,-28,-9,-25,-9,-24,-9,-24,-8,-22,-9,-23,-8,-21,-7,-24,-6,-24,-5,-23,-6,-22,-6,-20,-7,-23,-5,-20,-6,-20,-5,-20,-5,-19,-7,-18,-6,-19,-5,-17,-6,-18,-6,-20,-4,-18,-5,0,0,-18,-4,-19,-4,-18,-3,-18,-3,-16,-3,-18,-3,-18,-3,-17,-3,-18,-2,-16,-2,-18,-1,-17,-2,-19,-2,-18,-1,-18,-2,-18,-1,-20,-2,-19,-1,-18,-4,-18,-5,-18,-4,-18,-5,-17,-5,-19,-5,-17,-6,-17,-6,0,0,0,0,0,0,0,0,0,0
84,-64,4,0,0,0,0,0,0,0,0,0,-27,6,-26,5,-26,5,-26,6,-24,5,-22,4,-21,5,-21,5,-21,4,-19,5,-21,6,-21,7,-20,7,-20,6,-19,4,-20,6,-18,5,-18,4,-17,5,-17,4,-17,4,-18,5,-16,4,-17,5,-18,6,-17,6,0,0,-17,5,-17,5,-17,6,-16,6,-15,5,-15,6,-16,6,-16,6,-17,7,-15,7,-15,7,-15,6,-17,6,-17,7,-16,7,-17,7,-17,7,-17,6,-17,6,-18,5,-17,4,-19,3,-18,4,-18,3,-18,1,-17,1,0,0,0,0,0,0,0,0,0,0
84,-64,4,0,0,0,0,0,0,0,0,0,-2,18,-1,18,-1,18,0,18,0,17,0,15,1,16,1,15,1,15,2,15,3,16,4,16,4,16,4,16,3,16,6,16,4,15,4,15,5,15,4,15,5,15,6,16,4,14,6,15,7,16,6,16,0,0,7,16,8,16,8,16,9,16,7,16,8,16,9,17,8,16,8,17,9,16,9,17,7,16,8,18,9,18,8,17,9,19,9,20,7,19,6,19,5,19,5,19,4,20,3,19,3,20,1,18,1,18,0,0,0,0,0,0,0,0,0,0
84,-64,4,0,0,0,0,0,0,0,0,0,30,-4,28,-4,28,-5,29,-4,26,-4,24,-4,24,-4,23,-4,23,-4,22,-4,23,-6,22,-7,22,-6,22,-5,20,-4,22,-6,20,-5,19,-4,20,-5,19,-4,19,-5,19,-5,16,-4,19,-6,20,-6,18,-5,0,0,18,-5,18,-7,17,-7,18,-6,16,-6,17,-6,18,-8,16,-7,11,-17,13,-7,17,-10,15,-6,17,-7,17,-10,17,-9,18,-9,19,-9,19,-7,18,-7,19,-5,20,-5,20,-5,19,-4,21,-3,19,-2,20,-2,0,0,0,0,0,0,0,0,0,0
84,-64,4,0,0,0,0,0,0,0,0,0,5,-22,5,-21,4,-21,2,-22,2,-21,2,-19,1,-20,1,-18,0,-19,0,-19,-1,-21,-2,-20,-2,-20,-2,-21,-2,-20,-4,-21,-3,-19,-3,-19,-4,-19,-4,-19,-4,-19,-5,-19,-3,-19,-5,-19,-6,-21,-5,-21,0,0,-7,-21,-8,-21,-9,-21,-9,-21,-7,-20,-8,-21,-9,-22,-8,-21,-9,-22,-8,-21,-10,-22,-7,-20,-8,-23,-9,-22,-9,-22,-9,-23,-9,-24,-7,-23,-7,-23,-6,-23,-5,-23,-5,-24,-3,-24,-3,-23,0,-22,0,-22,0,0,0,0,0,0,0,0,0,0
84,-64,4,0,0,0,0,0,0,0,0,0,-22,-3,-21,-3,-22,-3,-23,-1,-22,-1,-20,-1,-21,-1,-20,0,-21,1,-20,1,-22,2,-22,3,-22,3,-22,2,-21,2,-23,5,-21,4,-20,4,-21,4,-21,4,-21,5,-21,6,-19,4,-22,5,-24,7,-23,6,0,0,-23,7,-23,8,-23,8,-23,9,-22,7,-24,8,-24,9,-23,7,-25,8,-22,8,-24,10,-24,7,-25,8,-24,8,-24,7,-26,8,-26,8,-26,5,-25,5,-26,3,-25,3,-25,2,-25,0,-26,1,-24,-2,-23,-2,0,0,0,0,0,0,0,0,0,0
84,-64,4,0,0,0,0,0,0,0,0,0,-10,-9,-10,-8,-10,-8,-10,-9,-11,-8,-9,-7,-10,-6,-10,-6,-10,-6,-10,-6,-10,-6,-11,-5,-12,-5,-11,-5,-11,-5,-11,-4,-11,-4,-11,-4,-12,-4,-11,-4,-12,-5,-12,-4,-11,-3,-13,-3,-13,-4,-12,-3,0,0,-13,-2,-13,-2,-13,-2,-12,-2,-13,-3,-13,-3,-14,-2,-13,-2,-13,-2,-13,-2,-14,-1,-14,-3,-15,-2,-15,-2,-14,-2,-14,-3,-15,-4,-14,-3,-14,-3,-13,-4,-14,-5,-13,-6,-13,-6,-13,-6,-12,-7,-11,-7,0,0,0,0,0,0,0,0,0,0
84,-64,4,0,0,0,0,0,0,0,0,0,-10,6,-9,7,-8,6,-9,5,-8,6,-8,6,-7,6,-8,6,-7,6,-7,6,-7,7,-7,8,-6,7,-6,7,-6,6,-6,8,-5,7,-6,7,-6,7,-6,8,-6,7,-5,7,-5,7,-5,8,-5,8,-4,8,0,0,-4,9,-6,8,-5,8,-5,10,-4,8,-5,8,-5,9,-5,8,-5,10,-4,9,-5,10,-5,8,-6,10,-5,10,-5,9,-6,10,-7,10,-7,10,-8,9,-8,9,-7,9,-8,7,-8,8,-8,8,-9,7,-9,7,0,0,0,0,0,0,0,0,0,0
84,-64,4,0,0,0,0,0,0,0,0,0,5,-10,5,-9,4,-10,6,-10,5,-8,4,-8,4,-8,3,-7,4,-8,4,-7,4,-8,4,-8,3,-9,3,-8,4,-8,3,-8,3,-8,3,-7,3,-8,3,-7,3,-7,2,-7,2,-7,2,-8,2,-7,2,-8,0,0,2,-7,2,-7,1,-8,1,-8,1,-7,1,-7,1,-8,1,-7,1,-8,1,-8,0,-9,1,-8,1,-8,2,-7,1,-9,0,-9,2,-8,2,-9,2,-8,3,-9,3,-8,3,-8,3,-7,3,-8,4,-8,4,-8,0,0,0,0,0,0,0,0,0,0
84,-64,4,0,0,0,0,0,0,0,0,0,-5,-12,-6,-12,-7,-12,-7,-12,-7,-11,-6,-11,-7,-11,-7,-9,-7,-10,-8,-10,-8,-10,-8,-10,-9,-10,-9,-10,-9,-10,-9,-10,-9,-9,-9,-9,-11,-9,-10,-9,-10,-9,-11,-8,-9,-8,-11,-8,-11,-9,-11,-8,0,0,-12,-9,-12,-8,-12,-8,-12,-8,-13,-8,-13,-8,-13,-8,-13,-8,-13,-8,-13,-8,-12,-8,-12,-9,-13,-9,-13,-9,-12,-10,-12,-10,-14,-10,-12,-10,-12,-10,-10,-10,-10,-11,-11,-12,-10,-12,-10,-12,-8,-13,-7,-12,0,0,0,0,0,0,0,0,0,0
84,-64,4,0,0,0,0,0,0,0,0,0,-8,-13,-8,-12,-9,-12,-10,-13,-10,-11,-9,-11,-10,-10,-10,-9,-10,-10,-11,-9,-11,-10,-11,-9,-12,-10,-12,-9,-12,-9,-11,-9,-12,-8,-12,-8,-13,-8,-13,-8,-13,-9,-13,-8,-12,-8,-14,-7,-14,-8,-14,-8,0,0,-14,-7,-15,-8,-15,-7,-15,-7,-14,-7,-15,-7,-15,-7,-15,-7,-15,-7,-15,-7,-15,-7,-15,-7,-15,-8,-16,-8,-15,-8,-15,-9,-16,-9,-14,-8,-14,-8,-13,-9,-14,-9,-13,-11,-12,-11,-13,-11,-11,-11,-9,-11,0,0,0,0,0,0,0,0,0,0
84,-64,4,0,0,0,0,0,0,0,0,0,-12,4,-12,4,-11,5,-12,4,-11,5,-11,5,-11,5,-10,6,-11,6,-10,7,-10,7,-11,7,-11,7,-10,7,-10,7,-10,8,-9,8,-9,7,-9,8,-10,8,-10,8,-9,8,-9,8,-8,9,-10,9,-8,10,0,0,-9,10,-10,9,-9,10,-9,11,-9,9,-9,10,-9,10,-9,10,-9,11,-9,10,-9,11,-9,10,-10,10,-10,10,-10,10,-11,10,-11,10,-11,10,-11,9,-12,9,-12,8,-12,7,-12,7,-12,6,-13,5,-13,5,0,0,0,0,0,0,0,0,0,0
84,-64,4,0,0,0,0,0,0,0,0,0,-10,-10,-10,-9,-12,-9,-11,-10,-11,-9,-10,-8,-11,-8,-10,-7,-11,-7,-11,-6,-12,-7,-12,-6,-12,-6,-12,-6,-12,-6,-13,-6,-11,-5,-12,-5,-13,-5,-13,-5,-12,-6,-13,-5,-12,-5,-13,-4,-14,-5,-13,-4,0,0,-14,-4,-14,-5,-14,-5,-14,-4,-14,-5,-14,-4,-15,-5,-14,-4,-15,-4,-14,-5,-15,-4,-14,-5,-16,-5,-15,-6,-14,-6,-15,-6,-16,-6,-14,-6,-14,-7,-13,-7,-13,-8,-13,-9,-12,-9,-12,-10,-11,-9,-10,-9,0,0,0,0,0,0,0,0,0,0
84,-64,4,0,0,0,0,0,0,0,0,0,-9,21,-9,21,-9,20,-8,22,-7,19,-7,19,-7,18,-6,17,-6,18,-5,17,-5,19,-4,19,-4,19,-5,18,-4,17,-4,19,-4,17,-4,17,-4,17,-4,17,-4,17,-3,18,-5,16,-4,17,-2,19,-2,18,0,0,-1,18,-2,18,-2,18,-1,18,-2,17,-1,18,-2,17,0,18,-7,15,-11,22,-4,20,-3,20,0,21,-1,21,-2,19,-3,22,-2,20,-5,20,-4,21,-6,19,-6,20,-7,20,-7,18,-8,19,-9,17,-10,17,0,0,0,0,0,0,0,0,0,0
84,-64,4,0,0,0,0,0,0,0,0,0,27,5,26,5,26,5,26,3,24,4,21,4,21,4,20,4,21,3,20,3,22,2,22,2,21,2,20,3,19,3,21,1,18,2,17,2,17,2,17,2,17,2,17,1,15,2,16,2,17,1,17,1,0,0,16,1,16,0,16,0,16,-1,14,0,15,-1,15,-2,14,-1,16,-2,15,-3,15,-4,14,-2,16,-3,16,-4,16,-4,17,-3,18,-4,17,-2,16,-2,17,-1,17,-2,18,0,17,0,17,0,17,2,16,3,0,0,0,0,0,0,0,0,0,0
84,-64,4,0,0,0,0,0,0,0,0,0,1,-11,1,-11,0,-10,1,-11,0,-10,1,-10,0,-10,0,-9,0,-10,-1,-9,-1,-10,-1,-9,-1,-10,-1,-9,-1,-9,-2,-10,-2,-8,-1,-8,-2,-8,-2,-9,-1,-9,-3,-9,-1,-8,-3,-9,-2,-9,-3,-9,0,0,-3,-8,-3,-8,-4,-9,-3,-9,-3,-8,-4,-8,-4,-9,-4,-8,-4,-9,-4,-8,-4,-9,-4,-9,-4,-9,-4,-10,-3,-9,-4,-10,-5,-11,-3,-10,-3,-11,-3,-10,-3,-10,-1,-12,-1,-11,-2,-11,0,-10,0,-9,0,0,0,0,0,0,0,0,0,0
84,-64,4,0,0,0,0,0,0,0,0,0,-4,-12,-5,-11,-6,-10,-5,-12,-5,-11,-5,-11,-6,-10,-6,-9,-6,-10,-7,-9,-7,-10,-8,-10,-8,-10,-9,-9,-8,-10,-8,-10,-8,-9,-7,-9,-9,-9,-8,-9,-8,-9,-10,-9,-7,-8,-10,-8,-10,-10,-10,-9,0,0,-11,-8,-10,-8,-12,-8,-10,-9,-12,-9,-11,-9,-12,-8,-10,-9,-11,-13,-13,-6,-12,-7,-11,-8,-11,-11,-11,-9,-10,-10,-11,-9,-12,-11,-11,-10,-10,-11,-9,-12,-9,-11,-9,-12,-9,-11,-9,-12,-7,-12,-6,-12,0,0,0,0,0,0,0,0,0,0
84,-64,4,0,0,0,0,0,0,0,0,0,7,29,7,31,13,24,12,31,11,26,11,24,10,22,11,20,16,22,13,19,13,25,20,22,22,25,20,19,13,22,29,21,19,14,11,16,22,15,19,17,13,17,25,22,15,15,24,11,29,17,26,18,0,0,26,16,30,22,30,15,33,11,26,15,32,13,27,20,24,18,46,16,24,10,42,5,22,9,30,18,26,23,25,17,31,17,35,22,32,24,25,18,33,16,32,24,18,26,25,26,26,21,17,30,17,30,0,0,0,0,0,0,0,0,0,0
84,-64,4,0,0,0,0,0,0,0,0,0,-9,8,-8,8,-7,8,-8,8,-7,8,-8,8,-7,9,-6,8,-7,9,-5,8,-7,9,-6,10,-6,10,-6,10,-6,10,-5,10,-4,10,-5,9,-4,10,-5,10,-5,10,-4,10,-5,9,-3,11,-4,12,-4,12,0,0,-3,12,-4,11,-4,12,-3,12,-4,12,-3,12,-3,12,-3,12,-4,13,-3,12,-3,13,-4,11,-4,12,-4,12,-4,12,-4,13,-4,13,-5,13,-5,12,-5,12,-7,12,-6,11,-7,11,-7,11,-8,10,-8,9,0,0,0,0,0,0,0,0,0,0
84,-64,4,0,0,0,0,0,0,0,0,0,12,1,12,0,13,-1,13,1,12,0,12,0,12,-1,10,-1,12,-1,11,-2,12,-2,12,-3,12,-3,12,-3,12,-2,13,-3,12,-4,11,-3,11,-4,12,-3,12,-3,12,-4,11,-3,11,-6,13,-5,12,-5,0,0,12,-6,12,-5,13,-6,12,-6,12,-5,13,-6,13,-6,12,-6,13,-6,12,-6,14,-7,13,-5,14,-6,14,-6,13,-5,14,-6,15,-5,15,-5,15,-4,14,-3,15,-3,15,-2,14,-1,15,-2,14,0,13,0,0,0,0,0,0,0,0,0,0,0
84,-64,4,0,0,0,0,0,0,0,0,0,-1,11,-1,11,1,11,0,11,1,10,1,10,1,10,1,9,2,10,3,9,3,10,3,10,3,9,3,9,3,9,4,10,4,8,4,9,5,8,4,9,5,9,5,9,4,9,5,9,6,9,5,9,0,0,6,8,7,8,7,8,7,9,7,8,7,8,8,9,7,8,7,9,7,8,7,9,7,9,8,9,7,9,7,10,7,11,8,11,7,10,7,11,6,10,6,11,5,12,5,11,5,11,3,12,3,12,0,0,0,0,0,0,0,0,0,0
84,-64,4,0,0,0,0,0,0,0,0,0,-6,10,-5,10,-4,10,-4,11,-4,11,-4,10,-4,11,-3,10,-3,11,-2,10,-2,11,-2,11,-1,11,-2,11,-3,11,-1,12,-1,11,-1,11,0,11,-1,11,-2,11,0,11,-1,11,2,11,1,12,2,12,0,0,2,12,1,12,1,12,2,13,1,12,2,13,2,13,2,12,2,14,2,12,2,14,2,13,2,13,2,13,1,13,2,14,1,15,0,15,0,14,-1,13,-1,14,-2,13,-2,13,-1,13,-4,13,-4,12,0,0,0,0,0,0,0,0,0,0
84,-64,4,0,0,0,0,0,0,0,0,0,23,-14,22,-20,21,-21,28,-18,20,-20,23,-15,18,-15,15,-18,18,-15,11,-21,16,-18,15,-23,17,-19,11,-23,18,-20,15,-24,10,-20,13,-16,14,-27,13,-23,16,-22,9,-28,15,-19,6,-27,12,-29,12,-27,0,0,13,-28,9,-27,8,-31,9,-32,8,-28,9,-34,9,-31,4,-21,-5,-28,12,-29,8,-28,8,-26,7,-31,9,-36,15,-30,11,-35,10,-38,14,-31,14,-33,14,-26,15,-28,19,-28,18,-30,15,-31,20,-23,19,-22,0,0,0,0,0,0,0,0,0,0
84,-64,4,0,0,0,0,0,0,0,0,0,-20,25,-20,27,-19,32,-23,31,-15,33,-18,27,-16,23,-12,27,-16,28,-10,26,-13,32,-10,35,-5,42,-7,34,-14,27,-10,37,3,34,-10,25,1,36,-8,27,-14,32,-7,41,-14,30,8,36,-4,42,-2,43,0,0,4,44,-2,36,8,40,4,41,-3,39,-1,38,4,44,-5,38,8,41,6,26,5,33,10,32,-3,45,-3,38,-6,36,-4,33,-3,50,-3,36,-7,39,-8,35,-9,36,-12,40,-8,42,-5,46,-17,26,-18,34,0,0,0,0,0,0,0,0,0,0
84,-64,4,0,0,0,0,0,0,0,0,0,24,-1,22,-2,23,-3,22,-4,22,-4,19,-3,19,-4,19,-5,19,-6,19,-6,20,-6,20,-7,19,-7,19,-7,17,-6,19,-9,17,-8,17,-7,16,-8,17,-8,16,-8,18,-9,17,-7,17,-9,18,-10,17,-10,0,0,17,-10,17,-12,15,-12,17,-12,15,-11,15,-13,17,-14,17,-12,14,-14,20,-15,20,-14,17,-13,18,-14,16,-14,18,-14,18,-15,20,-14,20,-12,20,-12,21,-12,21,-11,21,-11,21,-8,22,-8,21,-5,20,-4,0,0,0,0,0,0,0,0,0,0
84,-64,4,0,0,0,0,0,0,0,0,0,8,-8,7,-8,6,-9,8,-9,6,-9,6,-9,6,-9,5,-9,6,-9,5,-9,6,-11,5,-10,5,-10,5,-10,5,-10,4,-12,4,-10,4,-10,3,-11,3,-10,4,-10,3,-11,4,-10,2,-11,3,-12,2,-12,0,0,2,-12,2,-12,2,-12,1,-13,2,-12,2,-13,1,-13,1,-12,1,-13,1,-13,1,-14,2,-12,2,-13,2,-13,2,-14,2,-14,2,-14,3,-14,3,-13,4,-13,4,-13,5,-13,5,-12,5,-13,7,-11,7,-10,0,0,0,0,0,0,0,0,0,0
84,-64,4,0,0,0,0,0,0,0,0,0,11,-3,11,-4,11,-5,12,-5,11,-5,10,-5,10,-6,9,-5,10,-5,9,-6,11,-7,10,-8,10,-8,10,-7,10,-7,10,-9,8,-8,9,-8,8,-9,9,-8,9,-8,9,-8,9,-8,7,-10,9,-10,8,-10,0,0,8,-11,8,-11,8,-11,7,-12,8,-10,9,-11,9,-12,8,-11,8,-12,8,-12,8,-13,9,-12,9,-12,9,-12,9,-12,9,-12,10,-13,10,-12,10,-12,11,-12,11,-11,12,-9,12,-9,12,-9,12,-8,12,-8,0,0,0,0,0,0,0,0,0,0
84,-64,4,0,0,0,0,0,0,0,0,0,4,-11,3,-11,3,-10,4,-12,3,-9,3,-9,3,-9,3,-8,2,-8,2,-8,3,-9,2,-10,2,-9,2,-8,3,-8,3,-9,3,-9,4,-8,3,-8,1,-8,2,-7,2,-8,4,-7,0,-7,2,-9,1,-8,0,0,2,-8,2,-6,2,-8,1,-6,1,-7,2,-7,2,-8,0,-7,0,-14,-4,-12,1,-8,1,-7,1,-8,1,-9,2,-8,1,-8,3,-9,3,-8,3,-8,3,-9,4,-7,5,-8,5,-8,4,-8,5,-7,5,-6,0,0,0,0,0,0,0,0,0,0
84,-64,4,0,0,0,0,0,0,0,0,0,9,4,9,4,9,3,10,4,9,3,8,3,9,2,8,3,9,3,9,1,10,2,10,0,10,1,10,1,9,2,10,1,9,0,9,0,9,0,10,1,9,1,10,0,9,0,10,-1,11,0,10,-1,0,0,11,-1,11,-1,11,-1,10,-2,10,-1,11,-2,12,-1,10,-2,9,-3,11,0,12,-1,11,-1,13,-1,12,-2,12,0,12,-1,12,0,12,0,12,0,11,1,12,2,11,2,12,2,11,2,11,3,11,4,0,0,0,0,0,0,0,0,0,0
84,-64,4,0,0,0,0,0,0,0,0,0,1,9,2,9,3,9,3,10,2,9,2,9,3,9,3,8,3,9,4,8,4,9,4,9,5,8,5,8,3,8,5,8,5,8,3,8,5,8,5,8,4,8,5,8,4,8,6,7,6,8,6,8,0,0,6,8,6,8,7,8,6,8,7,7,7,8,8,9,7,7,9,11,9,5,7,8,7,7,7,7,7,9,7,8,7,9,8,10,7,9,6,10,5,9,4,10,5,10,5,10,5,10,3,11,3,10,0,0,0,0,0,0,0,0,0,0
84,-64,4,0,0,0,0,0,0,0,0,0,-10,3,-9,3,-9,4,-9,3,-9,3,-8,2,-8,3,-8,2,-8,2,-7,2,-8,3,-7,3,-8,3,-7,3,-8,2,-7,3,-6,4,-6,3,-6,3,-7,3,-7,2,-7,3,-6,2,-6,3,-7,2,-5,3,0,0,-5,4,-5,3,-5,4,-5,4,-5,3,-5,4,-5,4,-5,4,-5,4,-4,4,-5,5,-5,4,-6,4,-5,4,-5,5,-6,5,-6,5,-7,5,-7,5,-7,5,-7,5,-7,3,-7,3,-7,4,-8,3,-8,3,0,0,0,0,0,0,0,0,0,0
84,-64,4,0,0,0,0,0,0,0,0,0,-2,-12,-2,-12,-3,-11,-3,-12,-3,-12,-3,-12,-3,-12,-4,-11,-4,-11,-4,-10,-4,-12,-5,-11,-5,-11,-5,-11,-4,-11,-6,-12,-6,-10,-5,-10,-6,-10,-6,-11,-5,-11,-6,-11,-5,-11,-8,-10,-7,-11,-7,-10,0,0,-8,-11,-8,-11,-8,-11,-8,-10,-7,-11,-8,-10,-9,-11,-7,-12,-10,-12,-7,-12,-9,-12,-7,-11,-9,-11,-9,-11,-8,-12,-8,-12,-9,-12,-7,-12,-7,-12,-6,-12,-5,-13,-6,-12,-4,-13,-5,-13,-3,-13,-3,-13,0,0,0,0,0,0,0,0,0,0
84,-64,4,0,0,0,0,0,0,0,0,0,-10,5,-9,4,-9,5,-10,5,-9,5,-9,5,-9,6,-8,5,-8,6,-8,6,-9,7,-8,7,-8,7,-8,6,-8,6,-8,8,-6,7,-7,6,-7,7,-7,7,-8,6,-7,8,-7,7,-6,8,-7,8,-6,8,0,0,-6,9,-7,8,-6,9,-5,10,-6,9,-6,9,-6,9,-6,9,-6,10,-6,9,-6,10,-6,8,-7,9,-6,10,-7,10,-6,10,-8,10,-8,10,-8,9,-8,9,-9,9,-9,8,-9,7,-10,8,-10,7,-10,6,0,0,0,0,0,0,0,0,0,0
84,-64,4,0,0,0,0,0,0,0,0,0,-12,4,-12,5,-12,6,-13,5,-12,6,-12,5,-11,6,-10,6,-11,6,-10,6,-11,7,-11,9,-10,8,-11,7,-12,7,-10,9,-9,8,-9,8,-9,9,-9,7,-11,7,-9,8,-9,7,-8,9,-9,10,-8,11,0,0,-9,11,-9,9,-9,10,-8,11,-9,10,-9,11,-9,11,-9,10,-10,11,-8,11,-9,13,-9,10,-10,11,-10,12,-10,11,-11,12,-11,11,-12,12,-11,11,-11,10,-13,9,-13,8,-12,8,-12,8,-13,7,-13,7,0,0,0,0,0,0,0,0,0,0
84,-64,4,0,0,0,0,0,0,0,0,0,-23,5,-22,6,-23,6,-22,8,-22,6,-19,5,-20,7,-18,6,-19,7,-18,7,-19,8,-19,8,-19,8,-19,7,-17,6,-19,9,-17,8,-17,7,-16,8,-17,8,-15,9,-15,9,-16,7,-16,8,-17,10,-15,8,0,0,-16,10,-16,11,-15,11,-14,12,-14,10,-15,12,-15,12,-14,12,-21,18,-17,14,-15,15,-14,12,-16,14,-15,14,-16,14,-17,15,-19,14,-19,12,-18,13,-20,11,-20,11,-20,11,-21,10,-21,8,-21,8,-20,7,0,0,0,0,0,0,0,0,0,0
84,-64,4,0,0,0,0,0,0,0,0,0,-10,1,-9,1,-10,2,-11,2,-10,1,-9,2,-10,2,-9,2,-9,2,-8,3,-10,3,-9,4,-9,3,-9,3,-9,3,-9,5,-8,5,-8,3,-9,4,-9,3,-9,4,-9,4,-8,4,-8,5,-9,5,-8,6,0,0,-8,6,-9,6,-9,6,-8,7,-8,5,-9,7,-9,6,-9,7,-9,9,-9,5,-10,6,-10,6,-11,7,-10,7,-9,7,-11,7,-11,6,-11,7,-11,5,-11,6,-11,5,-11,4,-11,4,-11,3,-11,3,-12,2,0,0,0,0,0,0,0,0,0,0
84,-64,4,0,0,0,0,0,0,0,0,0,-16,-12,-17,-11,-16,-11,-18,-11,-17,-9,-17,-9,-17,-9,-16,-8,-18,-7,-17,-7,-19,-6,-20,-6,-19,-6,-20,-6,-19,-6,-21,-5,-19,-6,-18,-5,-20,-4,-19,-4,-19,-4,-20,-3,-18,-4,-20,-3,-22,-3,-22,-3,0,0,-22,-2,-22,-2,-23,-2,-22,-2,-21,-2,-23,-1,-23,-2,-22,-1,-24,-2,-21,-1,-23,-1,-21,-2,-24,-3,-24,-1,-22,-2,-25,-2,-25,-2,-24,-4,-23,-4,-22,-5,-23,-5,-22,-7,-21,-7,-22,-7,-20,-8,-19,-9,0,0,0,0,0,0,0,0,0,0
84,-64,4,0,0,0,0,0,0,0,0,0,-3,26,-4,26,-3,25,-2,25,-3,24,-3,22,-3,21,-3,20,-2,20,-2,20,0,21,0,20,0,21,-2,20,-1,18,0,21,-1,17,0,17,0,17,-2,17,-1,17,1,18,-2,15,-1,17,0,17,1,17,0,0,1,16,1,16,1,16,4,14,1,14,4,16,1,14,4,16,6,14,3,19,2,20,4,17,5,18,5,16,3,19,6,18,3,18,3,18,3,18,2,17,1,18,1,18,0,19,0,17,-2,18,-2,18,0,0,0,0,0,0,0,0,0,0
84,-64,4,0,0,0,0,0,0,0,0,0,-7,6,-7,6,-6,7,-7,7,-7,7,-6,6,-6,7,-5,7,-6,7,-5,7,-5,8,-5,8,-5,8,-5,8,-5,7,-4,8,-4,8,-4,8,-3,8,-4,8,-4,8,-3,9,-3,8,-2,8,-3,9,-2,9,0,0,-2,10,-2,9,-2,10,-1,10,-1,10,-1,10,-1,11,0,10,-1,12,-1,11,-1,12,-1,11,-2,11,-1,11,-2,12,-1,12,-2,13,-2,12,-3,12,-4,12,-4,11,-4,11,-5,11,-4,12,-6,11,-6,10,0,0,0,0,0,0,0,0,0,0
84,-64,4,0,0,0,0,0,0,0,0,0,-16,17,-15,16,-16,17,-14,18,-14,16,-13,15,-12,15,-11,14,-11,15,-10,14,-10,16,-10,17,-10,16,-11,15,-10,15,-9,16,-9,14,-8,14,-8,15,-8,14,-8,14,-7,15,-8,13,-7,14,-7,16,-7,15,0,0,-5,15,-5,15,-4,15,-4,16,-4,15,-4,16,-3,16,-3,16,-3,17,-2,16,-2,18,-4,16,-5,18,-4,19,-3,18,-3,20,-5,20,-6,20,-5,19,-7,19,-8,18,-8,18,-9,18,-10,19,-11,17,-11,17,0,0,0,0,0,0,0,0,0,0
84,-64,4,0,0,0,0,0,0,0,0,0,-16,59,-10,55,-14,57,-10,63,-12,57,-5,51,-1,52,-2,51,-2,55,2,53,4,61,8,63,8,58,0,61,2,54,4,66,5,56,3,56,7,55,3,57,6,57,9,58,2,51,9,59,15,66,9,61,0,0,12,64,17,67,17,66,17,67,9,62,13,67,16,72,11,56,31,69,34,62,21,65,11,63,15,71,15,69,17,67,16,73,17,78,10,74,11,69,2,69,5,68,0,68,-1,66,-2,70,-9,65,-11,63,0,0,0,0,0,0,0,0,0,0
84,-64,4,0,0,0,0,0,0,0,0,0,-6,10,-6,10,-5,10,-6,10,-4,10,-4,9,-4,10,-4,9,-5,9,-2,8,-3,11,-2,10,-2,10,-2,10,-2,10,-1,10,-1,10,-1,10,0,10,-1,9,-1,10,0,10,-1,9,2,10,1,11,2,11,0,0,3,11,2,11,3,11,2,11,3,10,3,11,3,11,4,10,-2,12,4,9,5,14,4,12,5,12,5,13,3,13,5,13,3,14,3,14,2,13,2,14,2,13,1,14,0,13,1,13,-1,13,-1,14,0,0,0,0,0,0,0,0,0,0
84,-64,4,0,0,0,0,0,0,0,0,0,16,5,14,3,16,3,16,2,16,2,14,2,15,1,14,1,15,0,15,0,16,0,16,0,16,-1,15,0,14,0,17,-3,14,-2,15,-2,15,-3,15,-3,15,-3,15,-4,15,-2,16,-3,16,-5,16,-4,0,0,16,-5,17,-7,16,-7,17,-7,16,-5,17,-7,17,-8,16,-7,22,-7,18,-7,18,-7,17,-6,18,-6,18,-7,19,-8,19,-8,21,-8,19,-5,19,-5,20,-4,20,-4,19,-4,20,-1,20,-1,19,1,18,1,0,0,0,0,0,0,0,0,0,0
84,-64,4,0,0,0,0,0,0,0,0,0,-16,27,-11,28,-8,31,-14,30,-13,32,-9,23,-10,29,-6,21,-8,27,1,26,-3,30,2,31,-4,33,0,28,-6,28,2,35,4,32,-3,21,8,30,0,30,0,30,5,29,0,27,15,31,5,37,9,29,0,0,13,32,10,35,15,37,20,27,12,28,10,34,14,36,9,33,20,27,15,35,21,40,14,34,13,35,13,38,13,34,13,39,17,47,13,40,10,38,8,35,7,36,5,44,8,38,11,43,6,37,-2,37,0,0,0,0,0,0,0,0,0,0
84,-64,4,0,0,0,0,0,0,0,0,0,8,5,8,5,8,4,8,4,8,4,8,4,8,3,7,3,8,3,8,3,8,3,9,2,9,2,9,2,9,3,9,0,8,1,8,1,9,1,8,2,8,1,9,1,8,1,9,-1,10,0,9,-1,0,0,10,-1,9,-1,10,-2,9,-2,10,-2,10,-2,11,-2,10,-2,10,-2,10,-2,11,-3,11,-2,12,-2,12,-2,11,-1,12,-2,12,-1,12,-1,12,-1,12,0,12,1,12,1,11,2,12,2,11,3,11,3,0,0,0,0,0,0,0,0,0,0
84,-64,4,0,0,0,0,0,0,0,0,0,-6,9,-5,9,-5,9,-5,10,-4,9,-5,9,-4,9,-4,9,-4,9,-3,8,-4,10,-3,10,-3,10,-3,10,-4,10,-2,10,-2,10,-3,9,-2,9,-2,10,-2,9,-2,10,-2,9,0,10,-1,11,0,11,0,0,0,11,-1,11,0,11,0,11,0,11,0,11,0,12,1,10,0,12,1,11,0,13,0,11,-1,12,-1,12,0,13,-1,13,-1,13,-1,13,-2,12,-2,12,-3,12,-3,13,-3,11,-4,12,-5,11,-6,11,0,0,0,0,0,0,0,0,0,0
84,-64,4,0,0,0,0,0,0,0,0,0,-33,13,-27,15,-31,20,-35,14,-28,17,-30,16,-27,16,-25,14,-29,20,-17,19,-29,23,-27,29,-22,30,-23,20,-23,16,-20,30,-21,23,-25,13,-15,26,-17,23,-22,19,-13,31,-21,19,-9,29,-11,32,-11,34,0,0,-8,34,-17,27,-11,38,-8,37,-12,25,-11,38,-7,42,-10,35,-12,36,-13,30,-8,45,-12,40,-8,32,-9,43,-16,40,-11,44,-9,40,-20,35,-25,37,-18,38,-20,34,-21,35,-20,38,-15,41,-28,28,-33,28,0,0,0,0,0,0,0,0,0,0
84,-64,4,0,0,0,0,0,0,0,0,0,9,-3,8,-3,9,-4,9,-3,8,-3,8,-3,8,-3,6,-3,7,-3,7,-2,7,-3,7,-4,7,-3,6,-3,6,-2,6,-4,6,-3,5,-3,5,-3,5,-2,6,-2,5,-3,5,-2,5,-4,5,-3,5,-3,0,0,4,-4,5,-3,4,-3,4,-4,4,-3,4,-3,4,-3,4,-3,4,-5,4,-4,4,-5,3,-4,4,-5,4,-5,5,-5,5,-5,4,-5,5,-5,6,-5,6,-4,6,-4,6,-4,6,-4,6,-4,6,-4,6,-3,0,0,0,0,0,0,0,0,0,0
84,-64,4,0,0,0,0,0,0,0,0,0,-6,-10,-6,-11,-6,-10,-7,-11,-7,-10,-6,-10,-6,-10,-7,-9,-7,-10,-7,-8,-8,-10,-9,-9,-8,-9,-8,-8,-8,-9,-8,-9,-9,-8,-8,-8,-9,-8,-9,-8,-8,-9,-9,-8,-8,-7,-11,-6,-10,-7,-10,-7,0,0,-10,-7,-11,-7,-11,-7,-11,-7,-11,-7,-12,-7,-11,-7,-11,-8,-11,-2,-12,-5,-12,-7,-12,-7,-12,-8,-12,-8,-11,-8,-11,-8,-13,-9,-12,-9,-11,-9,-9,-9,-10,-10,-10,-11,-10,-10,-10,-11,-8,-11,-7,-11,0,0,0,0,0,0,0,0,0,0
84,-64,4,0,0,0,0,0,0,0,0,0,-15,-16,-14,-15,-15,-15,-16,-14,-15,-14,-13,-13,-14,-12,-13,-11,-14,-11,-14,-10,-17,-10,-16,-10,-16,-9,-16,-10,-15,-9,-16,-10,-15,-8,-14,-8,-15,-8,-14,-7,-15,-7,-16,-6,-13,-7,-15,-7,-17,-7,-16,-7,0,0,-16,-5,-17,-4,-17,-4,-18,-5,-16,-3,-17,-4,-18,-3,-20,-1,-20,-5,-17,0,-19,1,-18,-4,-20,-5,-20,-3,-20,-3,-20,-5,-23,-4,-21,-5,-22,-5,-21,-7,-20,-7,-20,-8,-20,-9,-20,-10,-18,-11,-19,-11,0,0,0,0,0,0,0,0,0,0
84,-64,4,0,0,0,0,0,0,0,0,0,25,26,22,30,29,24,21,31,22,27,23,24,27,26,24,23,27,26,25,9,33,19,37,14,33,19,30,21,27,24,42,9,37,6,25,15,32,5,26,13,25,22,38,12,30,14,34,-1,36,8,41,7,0,0,40,-6,39,4,45,4,38,2,33,1,41,3,46,4,43,2,32,5,30,-4,47,4,41,-5,50,2,39,17,43,6,49,-5,48,1,43,-1,47,6,43,8,47,2,30,14,36,7,33,9,37,17,34,14,0,0,0,0,0,0,0,0,0,0
84,-64,4,0,0,0,0,0,0,0,0,0,5,-23,5,-22,5,-22,4,-23,3,-21,3,-19,3,-19,3,-19,2,-19,1,-18,1,-19,0,-20,0,-19,1,-19,1,-18,-1,-20,0,-17,0,-17,0,-17,0,-16,0,-16,-1,-17,0,-15,-1,-17,-2,-18,-2,-17,0,0,-2,-17,-3,-17,-3,-17,-3,-18,-3,-16,-4,-17,-4,-18,-3,-17,-4,-18,-4,-18,-6,-19,-4,-18,-4,-19,-4,-20,-4,-19,-4,-21,-4,-21,-2,-22,-2,-21,-1,-21,0,-21,1,-22,1,-21,1,-21,3,-21,4,-20,0,0,0,0,0,0,0,0,0,0
84,-64,4,0,0,0,0,0,0,0,0,0,50,-47,53,-47,50,-50,52,-52,45,-49,40,-40,37,-48,42,-44,41,-44,34,-41,40,-50,39,-49,32,-52,34,-50,34,-44,33,-50,33,-40,29,-43,26,-41,25,-43,33,-44,27,-42,26,-39,25,-42,31,-45,30,-49,0,0,29,-52,24,-47,18,-56,16,-53,25,-42,28,-54,21,-58,24,-48,21,-58,18,-49,20,-66,18,-54,26,-61,19,-65,25,-62,25,-66,29,-65,32,-58,33,-58,35,-58,41,-57,43,-58,40,-55,46,-58,44,-46,51,-50,0,0,0,0,0,0,0,0,0,0
84,-64,4,0,0,0,0,0,0,0,0,0,55,29,56,25,55,25,56,26,47,23,47,22,44,22,41,20,44,18,43,14,47,18,50,15,45,15,42,15,41,16,49,13,42,13,39,14,40,12,38,12,41,13,42,9,35,13,40,9,41,8,42,8,0,0,41,9,42,7,40,5,46,4,42,5,42,6,50,2,36,9,41,-7,25,2,40,1,40,6,48,12,53,7,48,6,53,8,51,7,51,10,51,12,53,14,50,15,52,20,54,21,52,22,46,26,43,28,0,0,0,0,0,0,0,0,0,0
84,-64,4,0,0,0,0,0,0,0,0,0,6,6,6,6,6,5,7,6,6,5,6,4,5,4,5,4,5,4,6,3,6,4,6,3,6,3,6,3,5,3,6,3,5,2,5,2,6,1,6,2,6,2,6,2,5,2,6,1,7,2,6,1,0,0,6,0,7,1,7,0,7,0,7,0,8,0,8,0,7,0,8,-1,8,0,8,0,7,0,9,-1,8,0,8,1,9,0,10,1,9,0,9,1,9,1,9,2,9,3,9,3,9,3,8,4,8,3,0,0,0,0,0,0,0,0,0,0
84,-64,4,0,0,0,0,0,0,0,0,0,0,-11,-1,-11,-2,-11,-1,-11,-2,-10,-2,-10,-2,-11,-2,-10,-3,-10,-4,-9,-4,-10,-5,-11,-5,-10,-5,-10,-5,-10,-5,-10,-4,-10,-5,-9,-6,-9,-6,-9,-5,-10,-5,-10,-6,-9,-7,-8,-7,-10,-8,-10,0,0,-8,-9,-8,-9,-9,-10,-8,-9,-8,-10,-8,-10,-9,-10,-9,-11,-8,-8,-9,-11,-11,-11,-9,-10,-9,-9,-10,-10,-9,-11,-10,-12,-9,-12,-9,-12,-8,-12,-7,-12,-7,-13,-6,-13,-6,-13,-6,-13,-4,-13,-4,-12,0,0,0,0,0,0,0,0,0,0
84,-64,4,0,0,0,0,0,0,0,0,0,-23,-63,-24,-61,-28,-61,-30,-59,-27,-61,-24,-49,-27,-48,-24,-45,-28,-45,-27,-45,-31,-49,-36,-46,-34,-47,-31,-47,-31,-42,-39,-42,-31,-35,-35,-36,-32,-34,-35,-37,-34,-35,-41,-35,-32,-37,-36,-38,-42,-35,-39,-37,0,0,-44,-30,-48,-33,-48,-30,-46,-30,-39,-31,-46,-31,-51,-31,-47,-28,-59,-46,-64,-32,-60,-22,-48,-27,-54,-34,-58,-31,-54,-31,-62,-31,-64,-37,-55,-37,-54,-33,-53,-42,-54,-42,-54,-41,-52,-44,-52,-52,-43,-48,-40,-52,0,0,0,0,0,0,0,0,0,0
84,-64,4,0,0,0,0,0,0,0,0,0,10,-22,9,-21,9,-22,8,-22,8,-20,8,-17,7,-18,7,-17,6,-17,6,-17,5,-18,5,-18,5,-17,6,-17,4,-16,4,-18,4,-16,4,-16,3,-15,3,-16,3,-16,2,-16,3,-15,2,-16,1,-17,1,-16,0,0,0,-17,0,-17,-1,-17,-1,-17,-1,-16,-1,-17,-2,-17,-1,-17,-1,-18,-1,-17,-3,-19,-1,-18,-1,-20,-2,-19,-1,-19,-1,-21,-1,-22,0,-21,1,-21,2,-20,2,-20,3,-21,4,-20,4,-20,6,-20,7,-19,0,0,0,0,0,0,0,0,0,0
84,-64,4,0,0,0,0,0,0,0,0,0,-8,-6,-8,-6,-8,-5,-8,-6,-8,-5,-7,-5,-7,-5,-7,-4,-8,-4,-8,-4,-8,-4,-8,-3,-8,-3,-8,-2,-8,-3,-8,-2,-8,-2,-7,-2,-8,-1,-8,-1,-8,-2,-8,-1,-8,-2,-8,1,-8,0,-8,-1,0,0,-8,0,-9,1,-10,0,-8,1,-8,0,-9,1,-10,1,-9,0,-11,4,-9,0,-9,0,-9,2,-10,1,-11,2,-10,1,-10,2,-12,1,-11,1,-11,0,-11,0,-12,-1,-12,-1,-12,-1,-12,-1,-11,-2,-11,-3,0,0,0,0,0,0,0,0,0,0
84,-64,4,0,0,0,0,0,0,0,0,0,9,5,9,4,9,3,10,4,8,4,8,3,8,3,7,2,8,2,8,2,8,2,8,1,9,1,8,1,8,1,8,1,7,0,6,0,8,0,7,0,8,0,8,0,6,0,7,-1,9,-1,9,-2,0,0,8,-3,8,-1,9,-4,8,-2,9,-2,8,-1,9,-2,11,-4,12,-2,13,-6,11,-4,10,-3,10,-3,11,-3,9,-2,11,-4,11,-1,11,-2,11,-1,11,-1,11,0,11,1,10,1,11,1,10,1,11,3,0,0,0,0,0,0,0,0,0,0
84,-64,4,0,0,0,0,0,0,0,0,0,-11,-8,-11,-7,-12,-6,-11,-7,-11,-6,-11,-6,-11,-6,-11,-5,-12,-5,-11,-5,-12,-5,-12,-4,-12,-4,-12,-4,-12,-4,-13,-3,-11,-3,-12,-2,-12,-1,-12,-2,-13,-2,-13,-2,-12,-2,-13,0,-13,-1,-13,-1,0,0,-13,0,-14,0,-13,0,-14,0,-14,0,-14,0,-15,0,-14,1,-14,0,-14,0,-15,0,-15,0,-15,-1,-15,-1,-15,-2,-15,-1,-17,-2,-15,-2,-16,-2,-14,-2,-15,-3,-15,-4,-15,-4,-15,-5,-14,-6,-13,-6,0,0,0,0,0,0,0,0,0,0
84,-64,4,0,0,0,0,0,0,0,0,0,-7,7,-6,7,-5,7,-6,8,-5,7,-5,8,-5,7,-4,8,-5,8,-3,7,-4,9,-3,9,-3,9,-3,8,-4,8,-2,8,-2,8,-2,8,-1,9,-2,8,-2,8,-1,9,-1,8,1,9,0,9,1,9,0,0,1,10,1,10,1,10,2,10,1,10,1,10,2,10,2,9,2,11,2,10,2,11,2,10,2,11,2,12,2,11,2,12,2,12,2,13,0,12,0,12,0,13,-1,12,-1,12,0,12,-2,12,-3,11,0,0,0,0,0,0,0,0,0,0
84,-64,4,0,0,0,0,0,0,0,0,0,-13,1,-12,1,-13,2,-14,1,-12,2,-12,2,-12,3,-11,3,-12,3,-11,4,-12,5,-12,5,-11,5,-12,5,-12,5,-11,5,-11,5,-10,5,-11,6,-11,6,-11,6,-11,6,-10,6,-10,8,-11,8,-10,8,0,0,-10,9,-11,8,-11,9,-10,9,-11,9,-11,9,-10,9,-10,9,-11,10,-10,9,-11,10,-11,9,-12,9,-12,10,-11,9,-12,9,-13,9,-13,9,-13,9,-12,8,-13,7,-13,6,-13,6,-13,6,-14,6,-14,5,0,0,0,0,0,0,0,0,0,0
84,-64,4,0,0,0,0,0,0,0,0,0,-8,9,-7,9,-6,9,-7,9,-6,9,-6,9,-6,9,-5,9,-6,10,-4,9,-4,10,-4,10,-4,10,-4,10,-4,10,-3,11,-2,10,-3,10,-2,10,-2,10,-3,10,-2,11,-2,10,0,11,-1,12,-1,12,0,0,0,12,0,12,0,12,1,13,0,12,1,13,0,13,1,13,0,14,0,13,1,14,0,13,0,14,0,14,0,14,0,15,-1,15,-2,15,-2,14,-3,14,-3,14,-3,14,-4,14,-4,15,-5,13,-6,13,0,0,0,0,0,0,0,0,0,0
84,-64,4,0,0,0,0,0,0,0,0,0,-12,-2,-12,-1,-13,0,-14,-1,-13,0,-12,0,-12,0,-12,0,-12,1,-12,2,-13,1,-13,3,-13,3,-13,2,-13,2,-13,3,-12,4,-11,3,-12,4,-12,3,-12,3,-13,4,-11,2,-11,6,-13,5,-12,6,0,0,-13,6,-13,6,-13,7,-13,7,-13,7,-14,6,-13,7,-11,9,-13,7,-10,8,-14,9,-12,7,-14,7,-14,7,-13,6,-13,6,-15,7,-14,7,-14,6,-14,5,-15,5,-15,4,-15,4,-16,3,-15,2,-15,1,0,0,0,0,0,0,0,0,0,0
84,-64,4,0,0,0,0,0,0,0,0,0,10,-5,8,-6,9,-7,10,-6,8,-5,8,-5,7,-7,7,-6,8,-6,8,-6,9,-8,8,-8,8,-8,8,-8,8,-7,7,-10,6,-9,7,-7,5,-8,6,-7,6,-9,6,-8,6,-8,6,-10,7,-9,5,-10,0,0,5,-10,8,-10,6,-11,5,-13,6,-9,6,-11,5,-12,7,-11,5,-12,8,-13,7,-13,6,-11,7,-11,5,-12,7,-13,6,-13,8,-12,9,-12,9,-11,9,-10,9,-10,9,-10,9,-9,10,-10,10,-7,10,-7,0,0,0,0,0,0,0,0,0,0
84,-64,4,0,0,0,0,0,0,0,0,0,-11,-4,-10,-4,-11,-3,-11,-4,-11,-3,-10,-3,-10,-3,-10,-2,-11,-2,-11,-1,-11,-2,-11,-1,-11,-1,-12,-1,-12,-2,-12,0,-11,0,-11,0,-11,0,-11,0,-12,0,-11,1,-11,0,-11,3,-12,1,-11,2,0,0,-12,3,-12,2,-13,2,-11,4,-12,1,-12,4,-13,3,-11,3,-9,7,-13,3,-15,4,-13,3,-14,4,-14,5,-13,3,-14,4,-15,3,-14,2,-14,2,-13,1,-14,1,-14,-1,-14,0,-14,0,-13,-1,-13,-1,0,0,0,0,0,0,0,0,0,0
84,-64,4,0,0,0,0,0,0,0,0,0,-1,11,-1,10,0,11,0,11,-1,10,0,10,0,10,0,10,0,10,2,8,1,11,2,10,3,10,3,10,1,10,3,11,3,10,2,10,4,10,3,10,3,10,3,10,2,10,5,10,5,11,5,11,0,0,5,11,5,10,6,11,5,11,6,11,5,11,6,11,5,11,6,12,5,10,6,11,5,11,7,12,6,12,5,11,5,13,6,13,4,13,4,13,3,13,3,13,2,13,2,13,3,13,0,13,0,13,0,0,0,0,0,0,0,0,0,0
84,-64,4,0,0,0,0,0,0,0,0,0,-13,-17,-12,-17,-13,-17,-14,-17,-13,-15,-12,-14,-13,-13,-12,-13,-13,-13,-13,-12,-15,-12,-16,-11,-15,-11,-15,-12,-14,-11,-16,-11,-15,-10,-14,-10,-15,-10,-15,-10,-15,-10,-16,-8,-14,-9,-16,-8,-18,-8,-17,-9,0,0,-17,-8,-18,-7,-18,-7,-18,-7,-17,-7,-18,-7,-20,-7,-18,-8,-20,-7,-18,-6,-21,-5,-19,-7,-21,-7,-21,-6,-20,-7,-23,-7,-23,-7,-21,-9,-21,-9,-20,-10,-20,-10,-20,-11,-19,-11,-21,-12,-18,-14,-17,-14,0,0,0,0,0,0,0,0,0,0
84,-64,4,0,0,0,0,0,0,0,0,0,-26,3,-24,4,-24,5,-24,5,-23,4,-21,3,-21,4,-19,3,-20,4,-18,4,-19,5,-20,6,-19,5,-20,4,-18,5,-20,7,-17,5,-17,5,-17,5,-17,5,-17,5,-17,6,-16,4,-17,5,-17,7,-17,6,0,0,-16,7,-16,7,-15,7,-16,8,-15,6,-15,8,-16,7,-15,7,-16,8,-14,9,-16,10,-15,7,-17,8,-16,10,-16,9,-17,10,-19,10,-18,8,-18,8,-18,8,-19,7,-20,7,-20,6,-21,6,-20,4,-20,3,0,0,0,0,0,0,0,0,0,0
84,-64,4,0,0,0,0,0,0,0,0,0,-21,8,-19,7,-19,9,-19,9,-18,8,-16,7,-16,8,-15,8,-16,9,-14,9,-15,11,-15,12,-15,11,-15,10,-14,11,-14,12,-13,11,-13,10,-12,11,-13,11,-12,11,-12,12,-12,11,-12,12,-12,14,-12,14,0,0,-11,13,-11,15,-11,15,-10,14,-10,14,-11,14,-10,15,-9,15,-15,11,-10,15,-9,18,-11,15,-11,16,-10,18,-11,15,-11,18,-13,19,-13,16,-13,16,-13,16,-14,15,-16,16,-15,15,-16,15,-16,13,-16,12,0,0,0,0,0,0,0,0,0,0
84,-64,4,0,0,0,0,0,0,0,0,0,11,-1,11,-1,11,-3,12,-2,11,-3,11,-2,10,-2,9,-3,10,-3,10,-4,11,-4,11,-5,10,-5,10,-5,10,-4,10,-5,9,-6,10,-5,10,-6,10,-5,11,-5,11,-6,10,-5,9,-7,12,-6,10,-8,0,0,11,-8,11,-7,11,-8,10,-9,10,-8,12,-7,12,-9,11,-8,9,-6,10,-10,9,-11,11,-7,13,-8,12,-8,12,-8,11,-8,14,-9,13,-8,13,-7,13,-7,13,-6,14,-5,14,-5,13,-5,14,-2,13,-3,0,0,0,0,0,0,0,0,0,0
84,-64,4,0,0,0,0,0,0,0,0,0,1,-11,0,-10,-1,-10,0,-10,-1,-10,0,-9,0,-9,-1,-9,-1,-9,-2,-8,-1,-9,-2,-9,-2,-9,-2,-9,-1,-8,-3,-9,-3,-8,-2,-8,-3,-8,-3,-8,-3,-8,-3,-8,-2,-8,-4,-8,-4,-8,-4,-8,0,0,-5,-8,-4,-8,-5,-8,-5,-8,-5,-7,-5,-8,-6,-8,-5,-7,-6,-8,-6,-8,-6,-8,-6,-8,-6,-8,-6,-9,-6,-9,-6,-9,-7,-10,-5,-9,-5,-10,-4,-10,-5,-11,-5,-11,-4,-10,-5,-11,-3,-11,-2,-11,0,0,0,0,0,0,0,0,0,0
84,-64,4,0,0,0,0,0,0,0,0,0,-6,-10,-6,-9,-9,-8,-7,-9,-8,-8,-7,-8,-7,-9,-7,-7,-8,-8,-8,-7,-8,-8,-9,-7,-10,-7,-9,-7,-9,-7,-10,-7,-9,-6,-9,-6,-10,-5,-10,-6,-10,-6,-11,-5,-9,-6,-11,-5,-11,-6,-11,-5,0,0,-11,-6,-12,-5,-12,-5,-12,-5,-12,-5,-13,-5,-13,-5,-12,-4,-12,-5,-12,-5,-13,-5,-12,-5,-12,-5,-13,-5,-12,-6,-13,-6,-14,-7,-13,-7,-12,-7,-11,-7,-12,-8,-11,-8,-11,-9,-12,-10,-10,-9,-9,-10,0,0,0,0,0,0,0,0,0,0
84,-64,4,0,0,0,0,0,0,0,0,0,11,4,11,3,11,2,12,3,11,2,11,2,10,1,9,1,11,1,11,0,12,1,12,0,12,-1,11,0,12,0,12,-1,11,-1,11,-1,12,-2,12,-1,11,-1,12,-2,10,-1,12,-3,13,-3,12,-3,0,0,12,-4,12,-3,14,-3,12,-3,12,-4,14,-4,14,-4,13,-3,13,-4,12,-4,14,-5,13,-4,14,-4,14,-3,13,-2,15,-3,15,-3,14,-2,15,-2,14,-2,14,0,15,1,14,1,14,1,14,2,14,2,0,0,0,0,0,0,0,0,0,0
84,-64,4,0,0,0,0,0,0,0,0,0,-27,7,-26,6,-25,7,-27,8,-24,7,-23,6,-22,6,-20,6,-21,7,-20,7,-21,8,-21,9,-20,8,-20,8,-19,7,-20,8,-19,7,-17,6,-18,7,-18,7,-17,7,-17,7,-16,6,-17,7,-18,9,-17,8,0,0,-17,9,-16,8,-17,9,-16,9,-16,8,-15,9,-15,9,-14,9,-15,10,-13,10,-14,11,-13,10,-16,11,-15,12,-15,11,-16,12,-16,12,-17,11,-16,11,-17,10,-17,11,-19,9,-18,9,-19,10,-19,8,-19,7,0,0,0,0,0,0,0,0,0,0
84,-64,4,0,0,0,0,0,0,0,0,0,-12,-5,-11,-4,-11,-3,-12,-4,-12,-3,-11,-3,-11,-3,-10,-2,-10,-2,-11,-2,-11,-2,-11,-1,-11,-1,-11,-1,-11,-2,-11,-1,-10,0,-10,-1,-11,0,-10,0,-11,-1,-11,0,-10,0,-10,1,-12,1,-11,1,0,0,-11,1,-11,1,-11,2,-11,2,-11,1,-11,2,-11,2,-11,3,-12,2,-10,2,-11,3,-11,2,-13,2,-13,3,-12,2,-12,3,-14,3,-13,2,-12,2,-12,1,-13,0,-14,0,-14,0,-14,0,-13,-2,-13,-2,0,0,0,0,0,0,0,0,0,0
84,-64,4,0,0,0,0,0,0,0,0,0,-16,28,-14,32,-11,40,-17,38,-9,35,-10,28,-8,33,-6,28,-8,29,-7,29,1,36,1,41,2,45,4,36,-7,36,1,35,10,34,-1,32,7,35,4,37,-5,36,6,38,-5,31,16,34,7,42,7,37,0,0,15,39,9,38,15,35,11,32,6,36,8,33,14,41,12,37,21,45,36,33,16,42,16,39,7,33,11,46,5,33,6,45,12,53,7,48,0,39,4,39,-1,35,-8,44,0,47,10,44,-3,33,-17,38,0,0,0,0,0,0,0,0,0,0
84,-64,4,0,0,0,0,0,0,0,0,0,-18,-16,-18,-15,-18,-15,-19,-14,-18,-13,-16,-12,-17,-12,-15,-11,-17,-11,-16,-11,-18,-11,-19,-11,-18,-10,-18,-10,-17,-10,-20,-9,-16,-8,-16,-8,-16,-8,-17,-8,-17,-8,-18,-8,-16,-9,-18,-8,-19,-8,-19,-8,0,0,-18,-7,-20,-6,-19,-6,-20,-7,-19,-7,-20,-6,-20,-6,-19,-6,-20,-6,-19,-6,-20,-6,-19,-7,-20,-8,-20,-7,-21,-6,-21,-6,-23,-7,-21,-8,-20,-8,-20,-9,-20,-9,-20,-10,-20,-12,-19,-12,-17,-13,-17,-14,0,0,0,0,0,0,0,0,0,0
84,-64,4,0,0,0,0,0,0,0,0,0,2,13,2,13,4,12,3,13,3,12,3,11,4,12,4,11,4,12,5,10,5,12,5,13,6,12,5,12,5,12,6,12,7,10,6,11,7,10,7,11,6,11,8,11,6,11,9,10,9,12,9,11,0,0,10,11,9,11,10,12,10,10,9,10,10,11,10,11,11,10,9,15,10,14,10,14,9,11,10,11,11,12,9,12,10,12,10,12,9,12,9,13,9,13,8,13,8,13,7,13,7,13,5,13,4,13,0,0,0,0,0,0,0,0,0,0
84,-64,4,0,0,0,0,0,0,0,0,0,-14,-22,-13,-20,-13,-21,-14,-21,-13,-19,-11,-18,-11,-18,-11,-17,-12,-17,-11,-16,-13,-17,-14,-17,-13,-16,-11,-16,-11,-15,-13,-16,-12,-15,-9,-15,-10,-15,-10,-14,-10,-14,-11,-14,-9,-13,-11,-13,-12,-14,-11,-14,0,0,-11,-14,-11,-13,-11,-14,-11,-13,-10,-13,-11,-13,-11,-12,-10,-12,-11,-13,-10,-11,-12,-12,-10,-11,-11,-13,-13,-12,-10,-12,-12,-13,-13,-12,-11,-13,-11,-12,-10,-13,-11,-13,-10,-14,-10,-14,-11,-16,-9,-15,-8,-16,0,0,0,0,0,0,0,0,0,0
84,-64,4,0,0,0,0,0,0,0,0,0,10,-4,9,-4,9,-5,10,-4,9,-4,8,-4,8,-4,7,-4,8,-4,7,-5,8,-5,7,-5,8,-5,7,-5,7,-5,7,-6,6,-6,7,-5,7,-5,7,-5,6,-4,6,-6,6,-5,6,-6,7,-6,6,-7,0,0,6,-6,7,-6,7,-6,6,-7,6,-6,7,-6,7,-7,6,-6,6,-8,6,-7,7,-8,6,-7,7,-7,7,-7,6,-7,7,-8,8,-7,8,-7,8,-7,8,-7,9,-6,8,-6,9,-5,9,-5,9,-4,9,-5,0,0,0,0,0,0,0,0,0,0
84,-64,4,0,0,0,0,0,0,0,0,0,-8,-9,-9,-8,-9,-8,-9,-9,-9,-8,-8,-8,-9,-7,-8,-7,-8,-7,-9,-6,-9,-7,-10,-6,-10,-6,-10,-6,-9,-6,-10,-6,-10,-6,-9,-6,-10,-5,-9,-6,-9,-6,-10,-5,-8,-5,-11,-4,-12,-5,-11,-5,0,0,-11,-5,-12,-5,-12,-4,-11,-5,-12,-6,-11,-5,-13,-6,-10,-5,-15,-5,-14,2,-14,-3,-11,-4,-11,-6,-12,-5,-11,-5,-12,-5,-13,-8,-12,-7,-11,-7,-10,-8,-11,-8,-10,-9,-10,-9,-10,-9,-8,-9,-8,-9,0,0,0,0,0,0,0,0,0,0
84,-64,4,0,0,0,0,0,0,0,0,0,3,-6,3,-7,3,-6,3,-6,3,-6,3,-6,2,-6,2,-5,2,-6,2,-6,2,-6,2,-6,2,-5,2,-5,2,-5,1,-6,1,-5,2,-5,1,-5,1,-5,1,-5,1,-5,2,-5,1,-5,1,-5,1,-5,0,0,1,-5,0,-5,1,-5,1,-5,0,-4,0,-5,1,-6,2,-4,-2,-6,1,-5,1,-4,0,-5,0,-6,-1,-6,1,-5,1,-6,0,-6,1,-5,1,-5,1,-5,1,-5,1,-6,1,-6,1,-6,2,-5,2,-5,0,0,0,0,0,0,0,0,0,0
84,-64,4,0,0,0,0,0,0,0,0,0,13,-23,13,-22,8,-24,11,-25,11,-24,12,-21,8,-23,7,-21,8,-22,5,-23,8,-24,4,-26,5,-24,4,-26,7,-24,3,-26,2,-23,2,-23,1,-25,3,-25,3,-23,1,-26,2,-20,-3,-25,0,-28,-1,-26,0,0,-2,-26,-2,-27,-6,-28,-2,-27,-3,-29,-2,-29,-5,-29,-2,-27,10,-32,-4,-25,-2,-28,-3,-25,-2,-30,0,-32,-2,-26,0,-27,-3,-33,-1,-28,2,-28,2,-28,2,-28,5,-29,6,-29,5,-29,8,-27,10,-26,0,0,0,0,0,0,0,0,0,0
84,-64,4,0,0,0,0,0,0,0,0,0,3,11,2,10,5,10,4,11,4,11,3,10,4,10,4,9,4,9,6,9,6,10,6,10,6,10,6,9,6,9,8,9,7,8,8,9,8,8,8,8,7,9,8,8,7,9,9,7,10,9,10,8,0,0,11,8,10,8,11,8,11,9,10,8,11,8,12,9,9,9,9,6,10,11,11,9,10,7,11,9,12,8,12,9,11,9,12,10,11,9,10,10,10,11,9,11,9,11,9,11,9,11,7,11,7,11,0,0,0,0,0,0,0,0,0,0
84,-64,4,0,0,0,0,0,0,0,0,0,-1,9,-1,9,1,9,0,10,0,9,0,9,0,9,1,8,1,9,2,7,2,9,2,9,3,9,3,8,2,9,3,8,4,8,3,8,4,8,3,8,3,8,4,8,3,7,5,7,5,8,5,8,0,0,6,8,5,8,7,8,6,8,6,8,7,8,7,8,7,8,7,9,7,7,8,9,7,8,8,8,8,9,6,9,7,10,7,9,7,10,6,10,6,10,5,11,5,11,5,10,6,11,4,11,3,12,0,0,0,0,0,0,0,0,0,0
84,-64,4,0,0,0,0,0,0,0,0,0,14,-9,13,-9,13,-10,12,-11,12,-11,11,-10,11,-11,10,-10,10,-12,10,-11,10,-13,10,-13,10,-13,10,-13,9,-13,9,-15,8,-13,8,-13,8,-14,7,-14,7,-14,7,-16,7,-14,7,-16,7,-17,7,-17,0,0,6,-18,5,-19,5,-19,5,-20,6,-17,6,-19,6,-20,6,-19,6,-21,6,-19,6,-20,7,-18,7,-20,5,-20,6,-21,5,-21,7,-22,7,-20,7,-20,8,-20,8,-20,9,-19,10,-19,11,-19,12,-17,12,-16,0,0,0,0,0,0,0,0,0,0
84,-64,4,0,0,0,0,0,0,0,0,0,-10,5,-10,5,-9,6,-11,5,-9,5,-9,5,-9,5,-8,5,-8,5,-7,5,-8,6,-7,7,-7,6,-7,6,-8,5,-7,6,-7,6,-7,6,-6,7,-7,6,-7,5,-7,6,-6,5,-5,7,-6,7,-6,7,0,0,-6,7,-6,7,-6,8,-5,8,-5,7,-6,7,-6,7,-5,7,-6,8,-5,8,-5,9,-5,8,-6,8,-6,8,-6,8,-6,9,-7,9,-7,9,-7,8,-8,8,-8,7,-8,7,-8,7,-8,7,-9,6,-9,6,0,0,0,0,0,0,0,0,0,0
84,-64,4,0,0,0,0,0,0,0,0,0,-4,-20,-3,-19,-3,-19,-5,-20,-3,-18,-3,-16,-4,-16,-4,-15,-3,-15,-5,-15,-7,-15,-6,-14,-6,-15,-5,-15,-4,-14,-6,-15,-5,-14,-5,-13,-6,-14,-4,-13,-7,-12,-6,-13,-5,-11,-6,-12,-7,-12,-6,-13,0,0,-7,-13,-6,-11,-7,-11,-8,-12,-6,-11,-6,-11,-7,-8,-8,-13,3,-8,-3,-9,-9,-10,-9,-9,-9,-9,-8,-8,-9,-9,-10,-9,-9,-11,-9,-12,-9,-9,-8,-11,-8,-11,-8,-11,-9,-13,-9,-13,-8,-12,-8,-12,0,0,0,0,0,0,0,0,0,0
84,-64,4,0,0,0,0,0,0,0,0,0,24,16,22,14,24,15,24,14,21,14,18,13,19,11,17,12,18,11,18,11,19,11,19,11,18,11,17,12,15,11,19,10,16,9,15,10,14,9,15,10,14,9,15,9,13,10,13,9,14,10,13,9,0,0,14,9,14,9,13,7,13,8,12,7,12,7,12,6,12,7,13,6,12,5,13,5,12,6,12,5,13,4,14,4,14,4,15,5,13,5,14,5,13,6,13,6,14,7,14,8,14,8,12,9,12,8,0,0,0,0,0,0,0,0,0,0
84,-64,4,0,0,0,0,0,0,0,0,0,-8,-6,-9,-5,-9,-5,-10,-6,-9,-5,-9,-4,-9,-4,-9,-3,-9,-4,-9,-3,-9,-3,-10,-3,-10,-3,-10,-3,-10,-3,-10,-2,-10,-2,-9,-2,-10,-2,-10,-2,-10,-2,-10,-2,-9,-2,-10,-1,-11,-2,-11,-1,0,0,-11,0,-11,-1,-10,0,-11,0,-11,0,-11,-1,-11,0,-11,-1,-12,-3,-10,1,-10,2,-10,0,-11,-1,-11,-1,-11,-2,-11,0,-12,-1,-11,-2,-10,-2,-11,-3,-11,-2,-11,-3,-10,-3,-11,-4,-10,-4,-9,-4,0,0,0,0,0,0,0,0,0,0
84,-64,4,0,0,0,0,0,0,0,0,0,16,24,15,23,15,23,16,24,14,22,13,20,12,20,12,19,11,19,11,18,13,18,14,18,13,17,11,18,10,17,12,17,10,16,8,16,9,15,9,15,9,15,9,15,6,14,8,14,9,14,9,13,0,0,8,12,8,12,8,13,8,12,7,12,7,11,8,11,7,9,8,10,7,9,9,9,8,8,9,9,10,9,9,8,11,9,11,9,10,9,10,9,9,10,9,10,9,10,10,10,10,11,9,11,8,11,0,0,0,0,0,0,0,0,0,0
84,-64,4,0,0,0,0,0,0,0,0,0,-71,-41,-63,-38,-80,-32,-90,-37,-67,-36,-67,-38,-78,-40,-61,-36,-63,-35,-70,-21,-87,-24,-93,-23,-88,-24,-77,-26,-62,-28,-87,-28,-75,-19,-46,-18,-56,-30,-72,-29,-55,-29,-81,-27,-53,-30,-73,-38,-87,-32,-98,-32,0,0,-90,-29,-77,-30,-98,-34,-75,-28,-63,-36,-72,-32,-77,-29,-78,-41,-46,-36,-81,-45,-96,-33,-68,-35,-60,-31,-64,-24,-78,-32,-96,-41,-85,-37,-75,-39,-81,-44,-60,-39,-79,-40,-58,-41,-47,-34,-53,-21,-33,-34,-31,-36,0,0,0,0,0,0,0,0,0,0
84,-64,4,0,0,0,0,0,0,0,0,0,2,20,2,19,4,20,4,20,4,19,3,17,4,18,5,16,5,17,5,17,6,18,6,19,6,18,6,17,6,16,9,17,7,16,7,15,8,15,8,16,8,15,9,15,7,15,8,16,10,17,10,15,0,0,11,16,12,16,13,15,13,16,11,14,12,16,12,16,14,13,12,22,11,18,14,16,11,15,12,17,13,15,13,16,13,15,13,18,10,17,11,17,9,18,10,18,9,18,8,19,7,19,5,18,4,18,0,0,0,0,0,0,0,0,0,0
84,-64,4,0,0,0,0,0,0,0,0,0,-21,-17,-20,-15,-21,-16,-22,-15,-20,-15,-17,-14,-19,-13,-16,-13,-18,-13,-17,-11,-19,-10,-21,-10,-20,-10,-19,-10,-17,-10,-21,-9,-18,-9,-17,-9,-17,-9,-17,-9,-17,-9,-18,-8,-16,-8,-17,-7,-19,-7,-19,-7,0,0,-19,-7,-20,-5,-20,-5,-20,-5,-18,-5,-20,-6,-20,-6,-19,-5,-20,-4,-18,-3,-20,-3,-19,-4,-21,-4,-21,-4,-21,-4,-23,-4,-23,-4,-21,-6,-21,-6,-21,-8,-20,-9,-20,-9,-20,-9,-21,-10,-19,-10,-18,-12,0,0,0,0,0,0,0,0,0,0
84,-64,4,0,0,0,0,0,0,0,0,0,-18,27,-18,26,-17,26,-17,27,-17,25,-16,22,-16,21,-14,19,-17,21,-13,19,-16,20,-14,22,-15,19,-14,21,-16,17,-15,18,-14,18,-12,15,-12,15,-13,16,-13,16,-13,14,-13,13,-14,15,-14,17,-13,15,0,0,-10,14,-13,16,-10,13,-9,13,-9,11,-7,15,-10,13,-9,14,-23,13,-21,20,-11,17,-9,14,-8,16,-8,15,-10,18,-11,17,-10,16,-11,15,-11,15,-13,14,-13,14,-14,15,-15,13,-16,13,-16,13,-17,13,0,0,0,0,0,0,0,0,0,0
84,-64,4,0,0,0,0,0,0,0,0,0,-20,-10,-20,-10,-20,-9,-21,-8,-19,-8,-18,-8,-18,-7,-17,-6,-19,-7,-17,-5,-20,-5,-20,-4,-19,-4,-20,-5,-19,-4,-20,-3,-18,-3,-17,-3,-18,-3,-18,-2,-18,-2,-19,-1,-17,-2,-18,-1,-21,0,-20,-1,0,0,-21,1,-21,1,-21,2,-20,1,-19,1,-21,2,-21,2,-20,2,-22,2,-20,2,-21,3,-20,1,-23,1,-22,2,-22,2,-24,2,-24,2,-23,1,-22,0,-23,-1,-22,-2,-23,-3,-22,-3,-23,-3,-22,-6,-21,-7,0,0,0,0,0,0,0,0,0,0
84,-64,4,0,0,0,0,0,0,0,0,0,-17,21,-15,20,-16,22,-15,22,-15,20,-14,18,-14,17,-12,16,-12,17,-11,17,-12,18,-12,18,-12,18,-11,17,-11,15,-10,19,-9,15,-9,14,-9,14,-9,15,-9,15,-8,16,-9,14,-8,15,-9,16,-8,15,0,0,-7,15,-6,16,-6,15,-5,16,-5,14,-6,15,-4,15,-4,16,-4,17,-4,16,-3,17,-5,15,-6,17,-4,17,-4,17,-3,19,-4,20,-5,18,-5,18,-6,18,-7,19,-8,19,-9,18,-9,19,-11,17,-11,16,0,0,0,0,0,0,0,0,0,0
84,-64,4,0,0,0,0,0,0,0,0,0,-14,32,-13,29,-5,38,-12,35,-9,35,-8,25,-10,27,-8,24,-8,23,3,25,2,32,2,30,2,34,2,28,-5,28,3,28,8,22,3,18,16,28,6,28,4,27,15,24,5,21,23,15,14,26,11,25,0,0,24,16,19,27,23,25,19,19,19,24,23,16,22,19,22,14,26,14,28,22,30,16,26,14,21,14,33,25,22,23,27,19,40,21,26,21,27,21,20,21,24,18,28,20,30,35,39,23,23,18,15,27,0,0,0,0,0,0,0,0,0,0
84,-64,4,0,0,0,0,0,0,0,0,0,4,22,4,20,5,21,6,21,5,19,4,18,5,17,4,17,5,18,6,16,7,18,8,17,6,16,6,16,5,15,8,16,6,14,6,14,7,14,7,14,6,14,7,14,5,13,7,14,9,14,8,13,0,0,8,12,9,12,8,12,9,13,8,12,10,13,10,13,8,10,10,17,7,8,12,11,11,10,11,13,12,12,11,14,13,14,14,14,11,15,10,14,10,15,11,15,11,16,10,17,10,19,8,18,7,18,0,0,0,0,0,0,0,0,0,0
84,-64,4,0,0,0,0,0,0,0,0,0,-23,2,-23,1,-23,2,-23,3,-21,2,-20,2,-19,1,-18,2,-19,2,-18,2,-19,3,-19,4,-18,4,-19,4,-17,2,-19,4,-16,3,-16,3,-16,4,-15,3,-16,4,-16,4,-15,3,-16,4,-16,5,-16,5,0,0,-16,5,-15,6,-15,6,-15,7,-13,5,-15,6,-16,7,-14,6,-16,7,-14,7,-15,9,-14,7,-16,8,-15,9,-16,8,-17,9,-18,8,-19,7,-18,7,-19,6,-18,6,-19,6,-20,5,-21,4,-20,2,-20,1,0,0,0,0,0,0,0,0,0,0
84,-64,4,0,0,0,0,0,0,0,0,0,-11,18,-11,18,-10,19,-10,20,-9,19,-9,17,-8,18,-7,17,-8,18,-7,18,-6,20,-6,21,-6,20,-6,21,-6,19,-5,22,-5,19,-6,19,-4,20,-5,20,-5,19,-4,21,-6,19,-4,21,-3,23,-3,22,0,0,-3,23,-2,22,-3,23,-3,23,-3,21,-2,23,-2,23,-1,23,-5,24,-7,25,-1,25,-3,22,-3,23,-3,23,-3,22,-3,24,-4,25,-5,24,-5,23,-7,22,-7,22,-8,22,-8,21,-9,22,-10,19,-11,18,0,0,0,0,0,0,0,0,0,0
84,-64,4,0,0,0,0,0,0,0,0,0,11,-1,10,-1,10,-2,11,-1,10,0,10,-1,9,-2,8,-2,9,-2,8,-1,9,-2,9,-2,8,-2,8,-2,8,-2,8,-3,7,-3,7,-3,7,-3,6,-2,7,-2,6,-2,7,-2,6,-2,6,-2,6,-3,0,0,6,-3,6,-2,6,-3,6,-3,5,-2,6,-3,6,-3,6,-4,6,-5,6,-4,6,-5,6,-4,6,-5,6,-5,7,-6,7,-5,7,-5,8,-5,8,-5,9,-5,8,-4,8,-3,9,-4,8,-3,9,-3,9,-2,0,0,0,0,0,0,0,0,0,0
84,-64,4,0,0,0,0,0,0,0,0,0,-26,5,-22,5,-24,5,-24,6,-22,7,-21,5,-19,5,-20,5,-19,6,-19,6,-19,7,-18,7,-19,8,-20,6,-17,5,-19,7,-16,5,-17,7,-17,8,-14,6,-17,7,-16,9,-14,5,-15,8,-18,10,-16,9,0,0,-14,10,-16,11,-14,9,-17,11,-14,11,-14,10,-15,12,-12,9,-6,17,-3,13,-12,13,-16,10,-17,12,-15,13,-16,12,-14,14,-19,16,-18,13,-18,12,-18,11,-19,12,-20,10,-21,10,-20,11,-21,7,-21,6,0,0,0,0,0,0,0,0,0,0
84,-64,4,0,0,0,0,0,0,0,0,0,-20,8,-18,8,-19,9,-18,9,-18,10,-16,8,-16,10,-14,9,-14,10,-14,9,-16,11,-15,11,-14,11,-15,11,-13,10,-14,13,-12,11,-12,11,-11,11,-11,13,-12,12,-10,13,-12,11,-11,13,-11,14,-11,14,0,0,-10,15,-10,16,-9,15,-9,17,-9,14,-7,18,-9,17,-6,15,-7,21,-10,16,-7,15,-9,15,-10,18,-10,19,-9,19,-9,19,-10,21,-11,19,-9,19,-11,18,-12,17,-11,18,-14,18,-14,18,-16,15,-15,14,0,0,0,0,0,0,0,0,0,0
84,-64,4,0,0,0,0,0,0,0,0,0,-25,6,-23,7,-24,6,-24,8,-22,7,-21,6,-20,6,-18,6,-19,7,-18,7,-20,9,-20,9,-19,9,-18,9,-17,7,-18,10,-16,10,-16,7,-16,9,-14,9,-16,8,-18,10,-17,6,-17,9,-15,10,-17,9,0,0,-17,12,-16,12,-16,13,-14,13,-14,9,-17,12,-16,11,-12,13,-26,21,-20,17,-14,15,-13,11,-16,13,-15,15,-13,14,-14,16,-18,15,-18,14,-18,13,-20,12,-20,12,-21,11,-22,11,-22,12,-22,8,-22,8,0,0,0,0,0,0,0,0,0,0
84,-64,4,0,0,0,0,0,0,0,0,0,25,7,24,7,24,7,25,6,22,5,20,6,20,5,20,4,20,5,18,3,20,2,20,2,19,1,19,3,17,3,19,2,17,2,17,2,17,2,16,2,16,1,18,1,14,2,16,1,17,-1,17,-1,0,0,16,-1,15,-2,16,-2,17,-1,15,-2,15,-3,15,-5,14,-4,17,3,13,-4,15,-9,14,-7,15,-5,15,-6,15,-7,17,-8,19,-7,18,-6,18,-7,19,-6,18,-5,20,-5,20,-5,22,-3,20,-3,21,-1,0,0,0,0,0,0,0,0,0,0
84,-64,4,0,0,0,0,0,0,0,0,0,6,-10,6,-10,4,-11,7,-11,5,-10,5,-10,4,-11,4,-10,5,-10,3,-10,4,-12,3,-12,3,-12,3,-11,4,-11,2,-12,2,-12,2,-11,1,-12,2,-11,3,-11,1,-12,2,-11,-1,-12,0,-13,1,-12,0,0,0,-12,0,-12,0,-13,0,-12,-1,-12,1,-13,-1,-13,0,-12,-4,-11,-1,-12,-2,-15,-1,-13,0,-13,-1,-13,0,-13,0,-14,0,-13,1,-14,1,-14,1,-14,2,-13,2,-13,2,-13,2,-13,4,-13,4,-12,0,0,0,0,0,0,0,0,0,0
84,-64,4,0,0,0,0,0,0,0,0,0,13,-29,7,-28,8,-31,13,-32,8,-33,10,-27,8,-32,10,-25,6,-31,3,-25,3,-31,0,-32,0,-32,2,-30,3,-25,-5,-34,-5,-29,0,-20,-6,-28,-7,-29,-1,-29,-6,-30,-3,-23,-7,-30,-10,-33,-7,-26,0,0,-15,-32,-8,-32,-12,-39,-17,-28,-12,-29,-13,-32,-12,-38,-15,-34,-28,-47,-30,-42,-17,-37,-13,-32,-15,-34,-14,-35,-11,-33,-16,-38,-15,-46,-12,-40,-8,-39,-9,-41,-7,-39,-8,-42,-5,-40,-4,-45,-3,-36,-1,-37,0,0,0,0,0,0,0,0,0,0
84,-64,4,0,0,0,0,0,0,0,0,0,8,6,8,5,8,4,9,6,7,5,7,5,7,4,7,3,7,4,7,3,8,3,8,3,8,3,8,3,8,3,9,2,7,2,7,2,8,2,8,2,8,1,8,2,7,2,8,0,9,2,9,0,0,0,9,0,9,1,9,0,8,0,9,1,10,0,10,0,9,0,10,-1,9,-1,11,0,10,0,11,0,11,0,10,0,11,1,12,1,11,1,11,1,11,2,11,2,11,3,11,4,11,4,10,4,10,5,0,0,0,0,0,0,0,0,0,0
84,-64,4,0,0,0,0,0,0,0,0,0,7,20,8,20,8,19,9,20,8,18,8,17,9,17,8,16,9,17,10,15,12,16,12,16,12,16,12,16,11,16,14,16,12,15,11,14,12,14,12,14,13,14,14,14,11,13,13,13,16,14,16,13,0,0,17,13,17,13,17,14,17,14,16,13,18,14,18,13,17,13,19,14,18,13,20,13,17,14,19,15,20,15,18,14,20,15,20,16,19,17,18,15,17,17,17,17,16,19,14,18,15,20,13,20,12,21,0,0,0,0,0,0,0,0,0,0
84,-64,4,0,0,0,0,0,0,0,0,0,-25,11,-24,11,-25,12,-24,12,-23,11,-20,8,-21,8,-20,8,-20,9,-18,8,-19,11,-20,11,-19,12,-19,10,-17,9,-18,12,-16,10,-16,9,-16,10,-16,10,-16,9,-16,11,-15,9,-15,11,-15,11,-13,11,0,0,-14,10,-13,13,-13,12,-14,13,-11,11,-13,12,-14,12,-14,11,-23,13,-12,14,-14,15,-12,14,-13,16,-13,16,-13,16,-13,16,-16,17,-15,15,-15,14,-18,15,-18,13,-19,13,-20,13,-20,13,-20,11,-20,10,0,0,0,0,0,0,0,0,0,0
84,-64,4,0,0,0,0,0,0,0,0,0,-12,4,-11,5,-11,5,-11,5,-11,5,-10,5,-10,6,-10,5,-10,6,-9,5,-10,6,-10,7,-9,7,-9,6,-10,6,-9,7,-8,7,-8,7,-8,7,-8,7,-8,7,-8,8,-8,7,-6,9,-8,8,-8,9,0,0,-7,9,-7,8,-7,8,-7,10,-7,9,-8,9,-7,10,-7,9,-7,11,-8,11,-8,11,-8,10,-8,9,-8,9,-8,11,-8,11,-9,10,-10,11,-10,11,-11,10,-11,9,-10,9,-11,8,-11,8,-12,8,-12,7,0,0,0,0,0,0,0,0,0,0
84,-64,4,0,0,0,0,0,0,0,0,0,-11,21,-11,20,-11,21,-10,22,-10,20,-9,18,-9,18,-7,17,-8,18,-6,17,-7,19,-6,19,-5,18,-7,18,-6,18,-5,19,-5,16,-5,16,-4,17,-4,16,-3,16,-3,17,-4,15,-3,16,-2,19,-2,18,0,0,-1,18,-1,17,-2,18,0,18,-1,16,0,18,0,18,0,17,1,19,0,17,2,19,0,17,1,20,1,20,1,19,1,21,2,22,0,22,-1,21,-2,22,-3,22,-4,22,-4,21,-4,22,-7,21,-7,21,0,0,0,0,0,0,0,0,0,0
84,-64,4,0,0,0,0,0,0,0,0,0,6,-10,6,-10,5,-10,7,-10,5,-10,5,-10,5,-11,4,-9,4,-10,3,-10,4,-11,3,-12,3,-11,3,-11,3,-11,2,-12,2,-11,2,-11,1,-11,2,-11,2,-11,1,-11,2,-11,-1,-11,1,-12,0,-12,0,0,0,-13,0,-13,0,-12,-1,-13,0,-12,-1,-12,0,-13,-1,-13,0,-14,0,-13,-2,-13,0,-13,-1,-13,0,-14,-1,-14,-1,-15,1,-14,0,-14,2,-15,1,-14,1,-14,3,-14,2,-14,3,-14,3,-13,5,-13,0,0,0,0,0,0,0,0,0,0
84,-64,4,0,0,0,0,0,0,0,0,0,-3,10,-3,10,-1,9,-3,9,-3,8,-3,8,-2,8,-3,7,-3,8,-2,6,-2,8,-1,8,-2,7,-2,7,-2,7,-1,7,-1,7,-2,6,-1,6,-2,6,-2,6,-1,6,-2,5,0,6,0,6,0,5,0,0,0,6,-1,5,0,6,0,6,0,5,0,5,1,5,0,5,0,6,1,5,1,5,1,5,2,5,2,5,1,6,1,6,2,7,0,7,1,6,0,7,0,7,0,7,0,7,0,7,-1,8,-1,7,0,0,0,0,0,0,0,0,0,0
84,-64,4,0,0,0,0,0,0,0,0,0,46,1,42,-1,42,-13,45,-6,37,-5,39,-1,38,-8,32,3,42,-6,27,-13,44,-13,42,-23,39,-17,34,-19,32,-6,34,-24,33,-28,37,-9,31,-26,30,-9,33,-8,30,-23,35,-13,23,-34,21,-26,38,-30,0,0,19,-31,26,-38,24,-32,11,-40,29,-23,22,-34,26,-32,35,-25,39,-36,37,-22,38,-44,19,-32,27,-27,25,-42,21,-23,33,-49,24,-45,40,-38,39,-32,31,-38,34,-40,29,-41,31,-29,25,-42,43,-11,53,-9,0,0,0,0,0,0,0,0,0,0
84,-64,4,0,0,0,0,0,0,0,0,0,8,-8,7,-7,7,-8,8,-7,7,-7,7,-6,7,-6,5,-6,6,-6,5,-6,7,-6,6,-6,6,-6,5,-5,6,-5,5,-6,4,-6,5,-5,4,-5,4,-5,4,-5,4,-5,4,-4,3,-5,4,-5,4,-5,0,0,4,-5,3,-5,3,-5,4,-6,3,-5,3,-5,2,-5,2,-5,2,-5,2,-5,2,-5,1,-5,2,-5,2,-6,2,-6,2,-6,2,-7,2,-6,2,-6,3,-6,3,-6,3,-6,4,-6,3,-7,5,-5,5,-5,0,0,0,0,0,0,0,0,0,0
84,-64,4,0,0,0,0,0,0,0,0,0,-7,8,-6,8,-6,9,-7,9,-6,9,-6,8,-6,9,-5,8,-5,8,-4,8,-5,10,-4,10,-4,10,-4,9,-5,9,-4,10,-3,9,-4,9,-3,9,-3,9,-4,9,-3,10,-3,9,-1,10,-2,11,-2,11,0,0,-1,11,-2,10,-1,11,0,11,-1,10,-2,11,-1,11,-1,11,-1,12,-1,11,-1,12,-2,11,-1,11,-1,11,-2,12,-1,12,-2,13,-3,13,-3,13,-3,12,-3,12,-4,11,-4,11,-4,12,-5,11,-6,11,0,0,0,0,0,0,0,0,0,0
84,-64,4,0,0,0,0,0,0,0,0,0,3,-38,-2,-34,-5,-40,1,-44,-2,-37,-2,-32,0,-32,-3,-27,-12,-33,-9,-30,-5,-38,-15,-38,-13,-34,-5,-34,-9,-26,-18,-30,-22,-24,-10,-31,-15,-28,-9,-27,-7,-35,-13,-36,-10,-29,-29,-20,-18,-32,-23,-29,0,0,-28,-25,-24,-36,-29,-34,-31,-25,-13,-26,-25,-36,-22,-33,-18,-29,-32,-37,-9,-23,-23,-26,-25,-31,-24,-33,-30,-35,-25,-35,-23,-34,-30,-42,-27,-38,-30,-39,-23,-32,-24,-32,-19,-34,-21,-37,-20,-45,-11,-36,-13,-41,0,0,0,0,0,0,0,0,0,0
84,-64,4,0,0,0,0,0,0,0,0,0,-22,-18,-21,-18,-20,-17,-22,-17,-19,-17,-17,-16,-18,-16,-17,-15,-17,-15,-16,-13,-18,-14,-19,-14,-18,-14,-17,-14,-16,-13,-17,-14,-16,-13,-13,-12,-14,-12,-14,-12,-14,-12,-15,-12,-12,-11,-14,-11,-15,-11,-14,-11,0,0,-14,-11,-14,-10,-14,-10,-13,-10,-12,-8,-12,-9,-13,-9,-13,-9,-14,-8,-13,-7,-13,-6,-13,-7,-14,-8,-15,-7,-13,-7,-15,-7,-15,-8,-15,-7,-15,-8,-14,-9,-14,-8,-15,-9,-14,-9,-15,-9,-14,-10,-13,-11,0,0,0,0,0,0,0,0,0,0
84,-64,4,0,0,0,0,0,0,0,0,0,-74,-15,-69,-13,-72,-16,-78,-12,-68,-13,-59,-12,-65,-13,-60,-13,-62,-7,-56,-9,-62,-4,-65,-7,-61,-9,-60,-9,-54,-6,-61,-2,-51,-2,-49,-8,-46,-1,-49,-7,-51,0,-58,-1,-43,-4,-48,-1,-58,-7,-54,-4,0,0,-48,-4,-47,3,-50,7,-50,-1,-41,-3,-44,6,-48,6,-40,2,-47,9,-46,5,-46,14,-46,7,-50,10,-53,14,-44,11,-48,14,-54,14,-53,9,-48,11,-52,10,-52,9,-54,4,-56,7,-54,3,-53,-2,-49,-3,0,0,0,0,0,0,0,0,0,0
84,-64,4,0,0,0,0,0,0,0,0,0,8,9,8,9,9,8,9,8,8,8,8,8,9,7,7,6,8,7,8,6,10,7,10,7,10,6,9,7,9,6,10,6,9,5,9,6,10,4,10,5,10,5,10,5,9,6,11,3,11,5,11,4,0,0,11,4,12,4,12,4,11,3,11,4,12,4,14,3,11,5,11,2,6,1,12,3,11,3,13,5,13,5,12,4,12,4,14,4,13,5,12,6,11,6,12,7,12,7,11,7,11,8,9,8,9,9,0,0,0,0,0,0,0,0,0,0
84,-64,4,0,0,0,0,0,0,0,0,0,-22,-17,-20,-17,-20,-16,-22,-16,-19,-15,-17,-14,-17,-14,-16,-13,-17,-14,-16,-12,-18,-13,-19,-13,-18,-13,-17,-13,-16,-12,-18,-12,-15,-11,-14,-11,-15,-11,-15,-11,-15,-10,-15,-11,-12,-10,-14,-10,-16,-10,-15,-10,0,0,-15,-10,-15,-9,-14,-9,-14,-8,-13,-8,-14,-8,-15,-9,-13,-8,-14,-8,-13,-7,-14,-6,-13,-7,-15,-7,-16,-6,-14,-6,-16,-6,-17,-7,-16,-8,-15,-8,-14,-9,-15,-9,-15,-10,-15,-10,-15,-10,-13,-11,-13,-12,0,0,0,0,0,0,0,0,0,0
84,-64,4,0,0,0,0,0,0,0,0,0,22,-13,21,-13,21,-13,21,-14,20,-13,19,-12,17,-12,17,-12,17,-13,15,-12,16,-14,17,-15,16,-15,16,-13,15,-14,15,-15,14,-13,14,-13,14,-14,13,-13,14,-14,13,-15,13,-12,13,-14,14,-16,14,-15,0,0,13,-15,12,-16,12,-16,12,-15,11,-15,12,-16,11,-17,11,-16,6,-19,11,-17,9,-20,12,-15,12,-16,11,-18,11,-17,11,-18,14,-18,13,-17,12,-18,14,-16,13,-15,15,-15,16,-16,16,-15,16,-13,16,-12,0,0,0,0,0,0,0,0,0,0
84,-64,4,0,0,0,0,0,0,0,0,0,-13,0,-13,1,-13,2,-14,1,-13,1,-12,2,-12,2,-11,3,-12,2,-11,3,-13,3,-12,4,-12,4,-12,4,-12,3,-12,5,-11,4,-11,3,-11,5,-12,4,-12,4,-12,5,-11,4,-11,6,-12,6,-12,6,0,0,-11,7,-12,6,-12,7,-11,7,-12,7,-12,7,-12,7,-11,7,-12,8,-11,7,-12,9,-12,7,-12,7,-12,7,-12,7,-12,7,-14,7,-13,7,-14,6,-13,6,-13,5,-14,4,-13,4,-14,4,-14,3,-14,2,0,0,0,0,0,0,0,0,0,0
84,-64,4,0,0,0,0,0,0,0,0,0,-10,5,-9,5,-9,7,-11,7,-9,5,-10,5,-9,6,-8,6,-8,6,-7,6,-8,7,-7,8,-7,7,-8,8,-8,6,-8,8,-7,7,-7,6,-7,8,-7,6,-8,7,-8,8,-6,7,-6,9,-6,9,-6,8,0,0,-7,9,-7,9,-6,9,-6,9,-6,9,-6,8,-6,9,-6,9,-6,9,-6,10,-6,10,-5,10,-5,10,-6,10,-7,10,-8,10,-8,10,-9,9,-7,9,-9,9,-8,7,-9,9,-10,7,-11,9,-11,7,-11,7,0,0,0,0,0,0,0,0,0,0
84,-64,4,0,0,0,0,0,0,0,0,0,8,5,8,5,9,4,9,5,8,4,7,4,7,4,6,4,6,4,7,3,7,4,7,3,7,3,7,3,6,3,7,3,6,2,6,2,7,2,6,3,6,3,6,2,5,2,6,2,7,2,6,1,0,0,6,1,7,2,7,1,7,1,6,1,7,1,7,1,7,1,7,0,7,0,7,0,6,1,7,1,7,1,7,0,7,0,8,1,8,1,7,1,8,1,7,2,7,3,7,3,7,3,7,4,6,4,0,0,0,0,0,0,0,0,0,0
82,-96,4,0,0,0,0,0,0,0,0,0,72,9,72,11,73,11,71,6,70,14,62,10,62,7,57,12,58,7,59,6,65,1,61,4,67,6,59,10,52,8,64,0,54,2,52,4,50,1,53,5,50,2,54,2,48,7,52,0,55,3,55,1,0,0,53,-1,51,-1,51,-6,51,-5,47,-5,49,-1,47,-9,53,-7,38,4,58,19,50,-2,53,-6,55,-5,55,-14,51,-10,56,-9,59,-12,51,-9,55,-5,57,-2,55,-1,56,0,58,5,58,4,50,9,53,9,0,0,0,0,0,0,0,0,0,0
84,-64,4,0,0,0,0,0,0,0,0,0,12,-17,11,-16,12,-18,10,-18,10,-17,9,-15,8,-16,8,-15,7,-16,8,-15,8,-18,7,-18,7,-17,8,-17,6,-16,6,-19,5,-17,5,-16,5,-16,4,-17,4,-17,3,-18,5,-16,4,-17,4,-19,4,-18,0,0,2,-18,1,-20,1,-19,1,-20,2,-17,1,-19,1,-20,1,-19,1,-20,1,-19,0,-21,1,-18,2,-21,0,-21,0,-21,0,-21,1,-23,2,-22,2,-21,3,-21,3,-21,4,-21,6,-22,7,-21,8,-19,8,-19,0,0,0,0,0,0,0,0,0,0
