28,-64,1,0,0,0,0,0,0,0,0,0,6,-11,5,-11,6,-12,5,-13,4,-13,4,-12,4,-13,4,-13,3,-13,3,-14,2,-16,2,-16,2,-16,2,-16,2,-16,1,-18,1,-17,2,-16,2,-17,1,-17,2,-18,1,-18,2,-17,0,-19,0,-21,0,-21,0,0,0,-22,-1,-22,-1,-23,-1,-23,0,-21,0,-23,0,-24,1,-23,0,-24,0,-22,-2,-25,0,-23,0,-25,-1,-25,-1,-24,-1,-26,0,-27,1,-26,1,-25,3,-25,3,-25,4,-26,4,-25,3,-27,5,-25,6,-25,0,0,0,0,0,0,0,0,0,0
-99,-48,9,0,0,0,0,0,0,0,0,0,-13,5,-13,5,-13,6,-14,8,-12,7,-12,7,-12,8,-12,7,-12,9,-11,9,-12,12,-12,13,-11,13,-13,12,-12,12,-12,15,-12,13,-11,12,-12,14,-12,14,-12,14,-12,16,-12,14,-11,16,-12,19,-12,19,0,0,-12,20,-11,20,-12,22,-12,21,-12,20,-13,21,-13,23,-14,22,-15,23,-10,20,-11,26,-12,22,-13,24,-13,24,-12,23,-13,25,-14,26,-14,25,-14,24,-16,23,-15,24,-16,24,-17,24,-18,25,-19,22,-20,22,0,0,0,0,0,0,0,0,0,0
-121,112,8,0,0,0,0,0,0,0,0,0,-9,8,-9,9,-8,9,-9,11,-8,10,-7,10,-7,11,-6,10,-7,12,-5,11,-5,14,-5,15,-5,15,-5,15,-5,15,-4,17,-4,15,-5,15,-4,16,-4,16,-4,16,-3,18,-4,15,-3,18,-2,20,-3,20,0,0,-2,21,-2,21,-2,23,-2,22,-3,20,-2,22,-2,23,-2,22,-2,24,-1,21,1,24,-2,22,-2,25,-1,25,-1,23,-1,26,-1,27,-2,26,-2,26,-4,26,-4,26,-5,26,-4,26,-4,27,-6,26,-7,26,0,0,0,0,0,0,0,0,0,0
-122,-31,23,0,0,0,0,0,0,0,0,0,-9,4,-9,4,-9,5,-9,5,-8,6,-8,6,-8,7,-7,7,-7,8,-7,8,-7,8,-8,9,-8,9,-7,10,-7,10,-7,10,-7,11,-7,10,-7,11,-7,11,-7,11,-7,12,-7,12,-6,13,-7,13,-7,14,0,0,-6,14,-7,14,-7,14,-6,15,-6,15,-6,15,-6,15,-6,15,-6,16,-6,16,-7,17,-6,16,-7,16,-7,17,-8,17,-8,18,-8,17,-9,18,-9,18,-10,18,-10,18,-10,17,-11,17,-11,17,-12,17,-13,17,0,0,0,0,0,0,0,0,0,0
-122,-31,23,0,0,0,0,0,0,0,0,0,-12,-6,-12,-5,-12,-5,-13,-4,-13,-4,-12,-3,-13,-3,-12,-2,-14,-1,-13,-1,-16,-1,-16,0,-16,1,-16,0,-15,0,-17,2,-16,0,-16,0,-17,2,-17,2,-17,2,-18,3,-17,2,-18,3,-20,5,-20,4,0,0,-20,5,-21,6,-21,6,-21,6,-20,5,-22,6,-23,7,-22,6,-23,7,-22,6,-23,8,-22,6,-24,6,-24,7,-24,7,-24,7,-26,8,-25,6,-25,6,-25,5,-25,5,-26,5,-26,5,-27,4,-26,2,-26,2,0,0,0,0,0,0,0,0,0,0
82,-96,4,0,0,0,0,0,0,0,0,0,5,-51,5,-47,-10,-63,-10,-65,-8,-60,-5,-51,-12,-64,-3,-45,-14,-57,-7,-65,-32,-83,-30,-86,-27,-82,-22,-85,-14,-61,-36,-94,-30,-81,-17,-63,-21,-66,-16,-74,-13,-64,-28,-79,-3,-64,-11,-87,-32,-105,-24,-91,0,0,-34,-93,-34,-100,-32,-98,-34,-97,-14,-84,-24,-96,-33,-92,-26,-93,-20,-88,-20,-80,-32,-94,-5,-64,-16,-77,-17,-70,-26,-86,-29,-93,-36,-105,-22,-81,-33,-89,-11,-65,-29,-80,-17,-79,-5,-65,-19,-72,0,-58,-1,-54,0,0,0,0,0,0,0,0,0,0
82,-96,4,0,0,0,0,0,0,0,0,0,-11,9,-11,9,-10,10,-10,11,-10,11,-9,10,-10,11,-8,11,-9,12,-8,12,-8,14,-8,15,-8,15,-9,15,-8,15,-8,17,-8,16,-8,15,-8,16,-8,17,-8,17,-7,18,-8,16,-8,19,-8,20,-8,20,0,0,-8,21,-7,21,-8,23,-7,22,-8,21,-8,22,-8,23,-8,22,-8,24,-8,21,-7,24,-8,21,-9,24,-8,24,-8,23,-8,25,-9,26,-10,24,-10,23,-11,23,-11,23,-12,23,-12,23,-13,24,-14,22,-15,21,0,0,0,0,0,0,0,0,0,0
82,-96,4,0,0,0,0,0,0,0,0,0,-12,-7,-12,-6,-12,-6,-14,-5,-13,-5,-13,-4,-13,-4,-12,-3,-15,-3,-14,-2,-15,-1,-17,-1,-16,0,-17,-1,-16,-1,-18,0,-17,0,-17,0,-17,1,-18,0,-18,1,-19,2,-18,0,-19,2,-21,3,-21,3,0,0,-22,4,-22,4,-23,4,-22,4,-21,3,-23,4,-24,5,-22,4,-25,5,-23,5,-24,6,-23,4,-25,5,-26,6,-24,5,-26,6,-27,6,-26,5,-26,5,-26,3,-27,4,-27,2,-28,2,-28,2,-28,0,-28,0,0,0,0,0,0,0,0,0,0,0
82,-96,4,0,0,0,0,0,0,0,0,0,-8,-10,-7,-10,-8,-10,-9,-10,-9,-9,-9,-10,-10,-9,-10,-9,-11,-9,-11,-9,-11,-9,-12,-9,-13,-9,-13,-8,-13,-8,-14,-8,-14,-8,-13,-7,-16,-8,-15,-8,-15,-7,-16,-7,-15,-8,-16,-7,-17,-8,-17,-7,0,0,-18,-7,-17,-7,-19,-8,-18,-7,-19,-7,-19,-7,-20,-7,-20,-7,-20,-7,-19,-7,-21,-8,-20,-8,-21,-8,-21,-8,-21,-9,-22,-9,-22,-9,-22,-10,-22,-10,-22,-11,-22,-11,-21,-11,-21,-12,-21,-13,-20,-14,-19,-15,0,0,0,0,0,0,0,0,0,0
82,-96,4,0,0,0,0,0,0,0,0,0,-5,7,-5,7,-5,7,-5,8,-5,8,-4,8,-4,9,-3,9,-3,9,-2,9,-3,10,-2,10,-2,10,-1,10,-1,11,-1,11,-1,11,-1,11,0,12,0,12,0,11,1,12,1,12,2,13,1,13,1,13,0,0,2,14,2,14,2,14,3,15,3,15,3,15,3,15,4,15,3,16,4,16,4,17,3,16,3,17,3,17,3,18,3,18,3,19,3,19,2,19,2,20,2,20,1,20,0,20,1,20,-1,21,-1,20,0,0,0,0,0,0,0,0,0,0
82,-96,4,0,0,0,0,0,0,0,0,0,12,4,13,4,13,3,14,3,13,3,13,2,13,2,13,1,14,1,14,0,15,0,16,-1,16,-1,16,-1,16,-1,17,-2,16,-1,16,-1,16,-2,16,-2,17,-2,18,-3,16,-2,17,-3,19,-5,19,-4,0,0,20,-5,20,-5,21,-5,20,-5,19,-5,21,-6,21,-6,20,-5,22,-6,20,-6,21,-8,20,-5,22,-6,22,-7,22,-6,23,-7,24,-7,23,-6,23,-6,23,-5,23,-5,24,-4,24,-4,25,-4,23,-2,23,-2,0,0,0,0,0,0,0,0,0,0
37,80,2,0,0,0,0,0,0,0,0,0,-22,44,-24,42,-14,65,-14,68,-21,55,-15,51,-11,62,-21,46,-6,59,-11,69,-5,91,1,91,2,80,-9,80,-20,65,-2,94,2,80,-13,66,-2,68,-11,68,-16,62,1,87,-20,60,-17,76,-7,103,-10,85,0,0,-2,96,5,106,6,102,-8,97,-10,84,-14,89,-4,91,-11,87,-10,89,2,78,7,100,-10,67,-3,81,1,75,-4,83,-5,93,1,111,-5,90,0,91,-12,69,-9,85,-11,85,-15,63,-2,73,-17,54,-27,58,0,0,0,0,0,0,0,0,0,0
37,80,2,0,0,0,0,0,0,0,0,0,-11,8,-10,9,-11,9,-11,11,-10,10,-9,10,-9,10,-8,11,-9,12,-8,11,-8,13,-8,14,-8,14,-9,14,-8,14,-8,16,-7,14,-7,14,-7,15,-7,15,-7,16,-6,17,-7,15,-7,17,-7,19,-6,19,0,0,-6,19,-6,20,-6,21,-5,20,-6,19,-5,21,-5,22,-6,21,-6,22,-5,20,-5,23,-6,21,-7,23,-6,24,-6,22,-6,25,-6,25,-7,24,-7,24,-8,24,-8,24,-9,24,-9,24,-10,25,-12,23,-12,23,0,0,0,0,0,0,0,0,0,0
84,-64,4,0,0,0,0,0,0,0,0,0,-13,-6,-13,-5,-14,-5,-14,-5,-15,-4,-13,-4,-14,-3,-13,-3,-15,-2,-14,-3,-16,-1,-17,-1,-17,-1,-17,-1,-16,-2,-18,0,-17,0,-17,0,-17,1,-17,0,-17,0,-19,2,-18,0,-19,1,-21,3,-20,2,0,0,-20,3,-22,4,-21,4,-22,4,-20,3,-22,4,-22,4,-21,4,-26,4,-21,4,-23,6,-22,4,-25,5,-24,6,-24,4,-24,5,-27,6,-25,4,-25,4,-26,3,-26,3,-26,2,-27,2,-28,2,-27,0,-26,-1,0,0,0,0,0,0,0,0,0,0
84,-64,4,0,0,0,0,0,0,0,0,0,-44,-44,-35,-37,-59,-38,-66,-41,-46,-39,-44,-34,-58,-33,-41,-33,-52,-27,-60,-27,-85,-36,-92,-34,-83,-31,-81,-36,-56,-34,-84,-33,-78,-28,-50,-36,-58,-32,-70,-36,-53,-35,-79,-35,-53,-36,-71,-42,-93,-38,-88,-37,0,0,-95,-36,-97,-37,-98,-31,-87,-39,-76,-43,-90,-41,-86,-34,-79,-42,-76,-34,-85,-27,-98,-31,-65,-35,-66,-33,-68,-32,-84,-30,-97,-34,-104,-37,-75,-31,-81,-34,-63,-29,-78,-34,-76,-38,-47,-34,-60,-23,-40,-31,-39,-34,0,0,0,0,0,0,0,0,0,0
84,-64,4,0,0,0,0,0,0,0,0,0,-12,7,-11,7,-12,9,-11,9,-11,9,-10,9,-10,10,-9,10,-10,11,-9,11,-10,13,-10,14,-9,13,-10,14,-9,13,-9,16,-8,14,-9,14,-8,15,-8,16,-7,16,-7,18,-8,16,-9,17,-8,20,-8,19,0,0,-7,20,-7,21,-6,21,-7,23,-7,20,-6,23,-6,24,-6,23,-6,24,-6,23,-6,25,-7,23,-8,25,-7,25,-6,25,-6,26,-8,29,-8,26,-8,26,-9,27,-9,26,-10,27,-11,27,-13,28,-14,25,-15,25,0,0,0,0,0,0,0,0,0,0
84,-64,4,0,0,0,0,0,0,0,0,0,-8,58,-8,54,2,69,-3,69,1,62,-4,51,3,57,-4,52,7,58,11,65,22,85,38,82,32,82,15,77,6,63,27,89,29,78,6,65,19,67,5,76,11,68,17,75,3,68,13,79,25,100,20,89,0,0,25,95,40,106,36,99,18,89,13,81,17,89,35,91,11,88,20,88,13,80,37,95,5,77,12,77,20,78,31,75,31,95,46,112,25,80,25,91,5,65,15,84,16,78,7,67,11,63,-3,51,-5,62,0,0,0,0,0,0,0,0,0,0
84,-64,4,0,0,0,0,0,0,0,0,0,-15,-4,-14,-4,-15,-3,-16,-2,-15,-2,-14,-2,-15,-1,-14,-1,-15,0,-15,0,-17,1,-17,2,-17,2,-17,2,-16,2,-18,3,-17,2,-17,2,-17,3,-17,3,-18,4,-19,4,-17,3,-18,5,-20,6,-20,6,0,0,-20,6,-20,7,-21,7,-21,7,-20,7,-22,7,-22,8,-21,7,-23,8,-21,8,-23,10,-22,7,-23,8,-23,9,-23,8,-24,9,-26,10,-25,8,-25,7,-25,6,-26,6,-26,5,-26,6,-27,6,-26,4,-27,2,0,0,0,0,0,0,0,0,0,0
84,-64,4,0,0,0,0,0,0,0,0,0,52,27,47,26,68,24,71,27,58,26,51,24,63,21,46,21,57,11,65,20,83,17,94,7,92,12,83,14,64,16,94,9,89,8,57,18,65,9,75,15,63,13,77,10,53,18,78,18,101,14,93,16,0,0,97,7,104,6,103,7,91,9,79,7,97,7,95,2,92,18,83,6,86,2,107,0,69,17,79,6,77,0,85,2,99,0,107,-2,84,11,86,2,67,15,87,3,79,9,60,11,65,8,46,20,53,16,0,0,0,0,0,0,0,0,0,0
84,-64,4,0,0,0,0,0,0,0,0,0,-7,9,-6,10,-5,10,-6,10,-5,10,-5,10,-5,11,-4,11,-4,11,-3,11,-4,12,-3,13,-3,13,-3,13,-3,13,-3,13,-2,13,-2,13,-2,13,-2,13,-2,14,-2,15,-2,14,0,14,-1,15,0,15,0,0,0,16,-1,16,0,16,1,16,0,16,0,17,0,17,1,16,1,18,1,17,1,18,1,17,0,18,1,18,0,19,1,19,0,20,-1,20,0,19,-1,20,-2,20,-2,20,-2,20,-2,20,-4,20,-5,20,0,0,0,0,0,0,0,0,0,0
84,-64,4,0,0,0,0,0,0,0,0,0,11,5,12,5,12,4,13,4,12,4,13,4,13,3,13,3,13,3,13,2,14,2,15,1,15,1,15,1,16,1,16,0,16,0,15,1,16,0,16,0,16,0,17,-1,16,-1,17,-3,18,-1,18,-2,0,0,18,-3,18,-2,19,-3,18,-4,19,-3,19,-4,21,-3,18,-3,16,-5,20,-4,20,-2,20,-3,21,-4,21,-4,21,-2,22,-3,22,-3,23,-3,22,-2,21,-1,22,0,22,0,22,0,23,0,22,1,23,2,0,0,0,0,0,0,0,0,0,0
84,-64,4,0,0,0,0,0,0,0,0,0,10,5,10,4,11,3,11,4,11,4,10,4,11,3,11,2,11,3,12,2,13,2,13,1,13,1,13,1,13,1,14,0,13,-1,13,0,14,-1,14,0,14,0,15,-1,14,0,15,-3,16,-1,15,-2,0,0,16,-3,17,-3,17,-4,17,-4,16,-3,18,-4,18,-4,17,-4,18,-5,17,-4,19,-5,17,-4,18,-4,18,-4,19,-4,19,-5,21,-5,20,-4,20,-4,20,-4,20,-3,20,-2,21,-2,21,-2,21,0,21,0,0,0,0,0,0,0,0,0,0,0
84,-64,4,0,0,0,0,0,0,0,0,0,-2,9,-2,9,0,10,-2,11,-1,10,-1,9,-1,10,0,9,0,11,1,10,0,12,2,12,2,12,2,11,0,11,3,13,3,10,1,12,3,10,2,12,1,12,3,12,1,12,5,12,4,14,5,13,0,0,6,13,5,14,6,14,7,15,5,13,6,14,6,15,6,14,8,17,6,15,8,16,6,14,6,16,7,15,6,16,8,16,9,18,7,17,7,18,6,18,6,18,5,18,4,20,6,20,2,19,2,19,0,0,0,0,0,0,0,0,0,0
84,-64,4,0,0,0,0,0,0,0,0,0,-10,5,-10,5,-9,6,-10,6,-10,7,-9,7,-9,8,-9,8,-9,8,-8,9,-9,9,-9,10,-9,10,-9,10,-9,10,-9,11,-8,11,-8,11,-8,11,-8,12,-8,11,-8,12,-8,12,-7,13,-9,12,-8,13,0,0,-8,14,-8,14,-7,14,-7,15,-8,14,-7,15,-8,15,-9,16,-10,16,-9,18,-9,18,-8,17,-8,17,-7,17,-9,18,-8,18,-10,18,-9,18,-10,18,-10,18,-11,18,-11,17,-12,17,-13,17,-14,17,-14,17,0,0,0,0,0,0,0,0,0,0
84,-64,4,0,0,0,0,0,0,0,0,0,-8,-11,-8,-10,-9,-10,-10,-10,-10,-10,-10,-10,-10,-10,-10,-9,-11,-9,-11,-8,-12,-9,-13,-8,-13,-9,-13,-8,-13,-9,-14,-8,-14,-8,-13,-8,-15,-8,-14,-8,-14,-8,-15,-8,-14,-8,-16,-6,-16,-7,-16,-7,0,0,-17,-7,-17,-7,-18,-7,-17,-7,-17,-7,-18,-7,-19,-7,-18,-6,-19,-7,-18,-6,-20,-7,-19,-7,-20,-7,-21,-7,-20,-8,-21,-8,-21,-9,-21,-9,-21,-9,-20,-9,-20,-11,-20,-11,-20,-11,-20,-12,-19,-13,-19,-14,0,0,0,0,0,0,0,0,0,0
84,-64,4,0,0,0,0,0,0,0,0,0,-9,-12,-10,-11,-11,-10,-11,-12,-11,-11,-11,-11,-12,-10,-11,-10,-12,-11,-12,-9,-14,-11,-15,-10,-15,-10,-15,-10,-14,-10,-16,-10,-15,-9,-14,-9,-16,-8,-16,-9,-15,-10,-17,-9,-15,-10,-18,-7,-19,-10,-18,-8,0,0,-19,-8,-19,-9,-20,-8,-20,-8,-19,-8,-20,-8,-21,-9,-20,-8,-22,-9,-20,-8,-22,-8,-20,-9,-21,-9,-21,-9,-22,-10,-22,-9,-24,-10,-22,-10,-21,-11,-21,-11,-21,-12,-22,-13,-21,-14,-22,-13,-19,-15,-19,-15,0,0,0,0,0,0,0,0,0,0
84,-64,4,0,0,0,0,0,0,0,0,0,8,-9,7,-9,7,-10,8,-10,7,-10,7,-10,6,-10,6,-10,7,-11,5,-11,7,-12,6,-13,6,-12,6,-12,7,-12,6,-13,5,-13,6,-12,5,-13,5,-13,6,-13,5,-14,5,-13,4,-14,5,-15,5,-15,0,0,4,-16,5,-15,5,-16,5,-16,5,-15,5,-17,5,-17,4,-16,5,-17,4,-16,4,-18,4,-16,5,-17,4,-17,5,-16,5,-18,6,-18,6,-17,6,-17,6,-17,6,-17,7,-17,7,-16,7,-17,9,-16,9,-15,0,0,0,0,0,0,0,0,0,0
84,-64,4,0,0,0,0,0,0,0,0,0,1,12,1,13,2,12,2,13,2,13,2,13,3,12,4,12,3,13,5,12,4,13,5,13,5,13,5,13,5,14,6,13,7,13,6,13,7,13,7,13,7,13,8,14,7,13,9,13,9,14,9,13,0,0,10,13,10,14,11,14,11,13,11,13,12,13,12,13,12,13,12,14,12,13,12,14,12,14,12,14,13,14,12,15,13,15,13,16,13,16,13,16,13,16,12,17,12,17,11,17,11,18,10,19,10,19,0,0,0,0,0,0,0,0,0,0
84,-64,4,0,0,0,0,0,0,0,0,0,9,5,9,4,10,3,10,4,10,4,10,4,10,3,9,2,10,3,11,1,12,2,12,1,12,1,12,1,12,2,13,0,12,0,12,1,12,-1,12,0,12,1,13,0,13,1,13,-2,14,-1,14,-2,0,0,14,-2,15,-3,15,-3,15,-3,15,-2,16,-3,17,-4,15,-3,16,-4,16,-4,17,-5,16,-4,18,-4,18,-4,18,-4,18,-4,20,-4,19,-4,19,-3,20,-3,20,-2,21,-1,21,-1,22,-1,21,1,21,1,0,0,0,0,0,0,0,0,0,0
84,-64,4,0,0,0,0,0,0,0,0,0,-7,10,-7,10,-6,11,-7,11,-7,11,-6,11,-6,11,-5,11,-6,12,-4,11,-5,13,-5,14,-4,14,-5,14,-5,13,-4,15,-3,14,-4,13,-3,14,-4,14,-5,14,-3,15,-4,14,-1,15,-3,17,-2,17,0,0,-1,17,-2,17,-2,18,-1,18,-2,17,-1,18,-1,20,-1,17,0,20,3,18,0,20,-1,18,-1,19,-1,20,-1,20,0,21,-2,22,-2,22,-3,21,-3,21,-4,21,-5,21,-5,21,-5,22,-7,21,-8,21,0,0,0,0,0,0,0,0,0,0
84,-64,4,0,0,0,0,0,0,0,0,0,-13,-2,-13,-1,-13,1,-15,-1,-14,0,-14,0,-14,0,-12,1,-14,1,-13,2,-16,2,-16,4,-16,4,-15,3,-16,2,-16,4,-14,4,-14,3,-14,5,-15,4,-16,3,-16,5,-14,3,-14,7,-17,6,-16,7,0,0,-16,8,-17,7,-18,9,-16,9,-17,7,-18,8,-18,9,-16,8,-18,9,-15,9,-19,11,-17,8,-18,9,-19,10,-18,9,-19,10,-20,11,-20,10,-20,9,-19,8,-20,8,-20,7,-20,6,-22,8,-20,5,-21,4,0,0,0,0,0,0,0,0,0,0
84,-64,4,0,0,0,0,0,0,0,0,0,-4,12,-4,13,-3,13,-3,14,-3,14,-3,13,-2,14,-2,13,-2,14,-1,14,-2,15,-1,15,0,15,-1,15,-1,15,0,16,1,15,0,15,1,15,1,15,0,15,1,16,1,16,3,16,2,17,3,16,0,0,3,17,3,17,3,17,4,17,4,17,4,17,3,18,5,17,4,22,5,20,5,20,4,18,4,18,5,18,4,20,5,20,4,20,3,20,3,20,2,20,2,20,2,20,1,20,1,20,0,21,-1,21,0,0,0,0,0,0,0,0,0,0
84,-64,4,0,0,0,0,0,0,0,0,0,7,-12,6,-13,5,-14,6,-14,5,-14,5,-14,4,-14,4,-15,4,-15,3,-15,4,-16,3,-17,3,-17,2,-16,3,-16,2,-17,1,-16,2,-17,1,-17,1,-17,2,-17,1,-18,1,-17,0,-18,1,-19,0,-19,0,0,0,-19,-1,-19,-1,-20,-1,-20,-1,-19,-2,-20,-2,-20,-2,-20,2,-23,-2,-21,-3,-23,-2,-21,-1,-21,-2,-22,-2,-23,-2,-22,-1,-24,-1,-23,-1,-24,0,-24,1,-24,1,-24,2,-24,2,-24,3,-24,4,-24,0,0,0,0,0,0,0,0,0,0
84,-64,4,0,0,0,0,0,0,0,0,0,6,-13,5,-14,4,-14,6,-15,4,-15,4,-14,3,-15,3,-14,3,-15,2,-15,3,-17,1,-17,1,-17,1,-17,1,-17,1,-18,0,-18,1,-16,0,-18,0,-17,1,-18,0,-19,0,-17,-3,-18,-2,-20,-3,-19,0,0,-3,-20,-2,-20,-4,-21,-4,-21,-3,-21,-4,-21,-4,-22,-5,-20,-4,-26,-3,-19,-7,-22,-4,-21,-4,-22,-4,-23,-4,-23,-4,-24,-5,-25,-4,-25,-3,-25,-3,-25,-2,-25,-1,-25,-1,-25,-2,-25,1,-25,1,-26,0,0,0,0,0,0,0,0,0,0
84,-64,4,0,0,0,0,0,0,0,0,0,2,12,3,12,4,12,4,14,3,12,4,12,4,13,4,12,5,13,5,11,6,14,7,13,7,13,7,12,7,13,8,14,9,12,7,13,9,12,8,13,8,13,9,13,8,13,11,12,11,14,12,13,0,0,12,14,12,14,13,14,13,13,12,13,14,14,15,14,14,14,16,11,15,13,15,15,14,14,16,15,16,15,15,16,16,16,17,17,16,17,15,17,15,18,14,19,14,19,14,19,15,19,12,21,12,22,0,0,0,0,0,0,0,0,0,0
84,-64,4,0,0,0,0,0,0,0,0,0,-13,0,-12,1,-13,3,-15,1,-13,2,-13,2,-13,3,-12,3,-13,3,-12,4,-15,4,-14,6,-14,6,-14,5,-15,5,-15,7,-13,7,-13,6,-13,8,-14,7,-15,7,-14,8,-13,6,-12,10,-16,10,-14,11,0,0,-14,12,-15,12,-15,14,-14,14,-15,13,-15,13,-14,14,-15,15,-15,16,-13,16,-16,16,-14,14,-16,15,-16,16,-15,15,-15,17,-18,18,-18,17,-18,16,-17,16,-18,16,-19,15,-20,14,-21,16,-21,12,-21,12,0,0,0,0,0,0,0,0,0,0
84,-64,4,0,0,0,0,0,0,0,0,0,10,-5,10,-6,9,-7,10,-7,9,-7,9,-7,9,-8,9,-9,9,-8,8,-9,9,-9,9,-11,9,-11,9,-11,9,-11,9,-12,8,-12,8,-11,8,-13,8,-11,8,-12,8,-13,8,-12,7,-14,8,-14,8,-15,0,0,7,-16,8,-15,7,-16,7,-16,7,-16,8,-17,7,-16,6,-18,13,-19,8,-19,8,-19,7,-17,9,-18,8,-20,9,-18,10,-19,10,-19,10,-19,10,-20,11,-19,11,-19,13,-19,13,-18,13,-19,15,-18,15,-18,0,0,0,0,0,0,0,0,0,0
84,-64,4,0,0,0,0,0,0,0,0,0,-8,-7,-8,-6,-10,-5,-10,-7,-9,-6,-9,-6,-10,-5,-9,-4,-10,-5,-10,-3,-12,-5,-13,-3,-12,-4,-12,-4,-12,-5,-14,-3,-12,-2,-12,-4,-13,-2,-13,-3,-13,-4,-14,-2,-12,-4,-13,0,-15,-1,-15,-1,0,0,-16,1,-16,0,-17,0,-16,1,-16,0,-17,1,-17,2,-16,1,-18,2,-16,2,-19,3,-16,1,-18,1,-19,2,-18,2,-20,3,-21,3,-21,2,-20,1,-20,1,-20,0,-21,0,-20,-1,-22,0,-20,-3,-20,-3,0,0,0,0,0,0,0,0,0,0
84,-64,4,0,0,0,0,0,0,0,0,0,4,-10,3,-10,1,-10,4,-12,2,-10,2,-10,1,-11,1,-10,1,-11,0,-11,1,-13,0,-14,0,-13,0,-12,1,-12,-1,-14,-2,-12,1,-12,-2,-13,0,-13,0,-13,-2,-14,0,-13,-4,-13,-2,-15,-3,-15,0,0,-4,-15,-3,-15,-4,-17,-5,-16,-3,-15,-4,-16,-5,-17,-4,-15,-5,-17,-5,-15,-6,-18,-4,-15,-5,-17,-5,-18,-5,-18,-6,-18,-6,-20,-5,-20,-4,-19,-3,-19,-3,-19,-2,-19,-2,-19,-3,-20,0,-19,0,-20,0,0,0,0,0,0,0,0,0,0
84,-64,4,0,0,0,0,0,0,0,0,0,7,4,8,3,9,2,10,3,8,3,8,2,9,2,7,2,9,2,9,0,11,2,11,0,11,0,11,0,10,1,12,-1,10,-1,10,0,11,-2,11,-1,11,0,11,-1,11,0,11,-3,13,-2,12,-3,0,0,13,-5,14,-4,14,-5,13,-5,13,-4,14,-5,14,-5,13,-5,13,-4,12,-4,16,-7,14,-5,16,-6,16,-7,15,-6,16,-7,18,-8,18,-7,18,-6,17,-5,18,-4,18,-5,18,-3,20,-4,18,-2,19,-1,0,0,0,0,0,0,0,0,0,0
84,-64,4,0,0,0,0,0,0,0,0,0,-6,-8,-6,-8,-8,-7,-8,-9,-7,-7,-7,-7,-8,-7,-7,-6,-8,-7,-8,-6,-9,-8,-11,-6,-10,-6,-10,-7,-9,-7,-12,-6,-11,-5,-10,-6,-11,-5,-10,-5,-11,-6,-12,-5,-10,-6,-12,-3,-13,-6,-13,-4,0,0,-14,-4,-14,-4,-15,-3,-15,-2,-15,-4,-15,-3,-16,-3,-16,-4,-15,-3,-13,-4,-18,-3,-15,-4,-17,-3,-17,-3,-17,-3,-18,-3,-20,-3,-19,-4,-19,-5,-18,-5,-18,-5,-19,-6,-18,-7,-19,-7,-17,-9,-17,-9,0,0,0,0,0,0,0,0,0,0
84,-64,4,0,0,0,0,0,0,0,0,0,10,5,10,3,11,3,11,3,11,3,11,3,11,2,11,2,12,2,12,1,12,1,13,0,13,0,13,1,13,1,14,0,13,-1,13,-1,14,-1,14,-1,14,-1,14,-1,14,-1,14,-3,15,-2,15,-3,0,0,15,-4,16,-4,16,-4,16,-4,16,-4,17,-4,17,-5,16,-5,17,-6,17,-6,18,-6,17,-5,18,-6,19,-6,19,-5,19,-6,21,-6,21,-5,21,-5,21,-5,21,-4,22,-3,21,-2,23,-2,22,-1,23,0,0,0,0,0,0,0,0,0,0,0
84,-64,4,0,0,0,0,0,0,0,0,0,-11,3,-11,3,-10,4,-12,4,-11,4,-11,5,-11,5,-10,5,-11,6,-10,6,-11,7,-11,7,-11,8,-11,8,-11,7,-11,8,-10,9,-10,9,-10,9,-11,9,-11,9,-11,10,-10,9,-9,11,-10,11,-10,11,0,0,-10,13,-10,12,-10,12,-10,13,-10,13,-10,13,-11,13,-10,13,-11,14,-10,14,-10,15,-10,14,-11,15,-11,15,-11,15,-11,16,-13,17,-13,16,-13,15,-14,15,-14,15,-15,14,-15,14,-16,15,-16,14,-17,13,0,0,0,0,0,0,0,0,0,0
84,-64,4,0,0,0,0,0,0,0,0,0,2,12,2,12,4,12,3,13,3,12,3,12,4,13,4,12,4,13,5,12,5,13,6,13,6,13,6,13,6,13,7,13,7,13,6,13,8,13,7,13,7,13,8,14,7,13,9,12,9,14,9,14,0,0,10,14,10,13,11,14,11,14,10,14,11,14,12,14,11,14,11,15,11,14,12,15,11,14,11,15,12,15,12,15,12,16,13,17,12,17,11,17,11,17,10,18,10,19,10,18,10,19,8,19,8,20,0,0,0,0,0,0,0,0,0,0
84,-64,4,0,0,0,0,0,0,0,0,0,-5,-13,-6,-13,-7,-12,-7,-13,-7,-12,-7,-13,-8,-13,-8,-12,-9,-13,-9,-11,-10,-13,-11,-12,-11,-12,-11,-12,-11,-13,-12,-13,-12,-12,-11,-12,-12,-12,-12,-12,-12,-13,-13,-12,-12,-12,-14,-11,-15,-12,-15,-12,0,0,-15,-12,-15,-12,-16,-12,-16,-12,-16,-11,-16,-12,-17,-12,-16,-11,-18,-12,-17,-12,-19,-12,-18,-11,-19,-12,-19,-12,-18,-13,-19,-13,-20,-14,-19,-14,-18,-14,-19,-15,-18,-16,-18,-17,-18,-16,-18,-17,-17,-18,-16,-19,0,0,0,0,0,0,0,0,0,0
84,-64,4,0,0,0,0,0,0,0,0,0,-10,5,-9,5,-9,6,-10,6,-9,6,-9,7,-9,7,-8,8,-8,8,-8,8,-9,9,-8,9,-8,9,-8,9,-8,9,-8,10,-7,10,-8,10,-7,10,-7,11,-7,10,-7,11,-8,11,-7,12,-7,12,-6,13,0,0,-6,13,-7,13,-6,13,-6,15,-6,13,-6,15,-6,15,-5,14,-9,16,-4,14,-5,16,-6,15,-7,16,-7,16,-7,17,-7,16,-8,18,-8,18,-8,17,-8,18,-9,17,-10,17,-11,18,-11,18,-12,17,-13,17,0,0,0,0,0,0,0,0,0,0
84,-64,4,0,0,0,0,0,0,0,0,0,9,-5,9,-5,8,-7,9,-6,8,-6,9,-7,8,-7,7,-7,8,-7,7,-8,8,-9,8,-10,8,-10,8,-9,8,-9,8,-11,7,-10,7,-9,7,-11,8,-10,8,-10,8,-11,7,-10,6,-12,8,-13,7,-13,0,0,7,-14,8,-13,7,-14,6,-14,7,-13,8,-14,8,-15,7,-14,9,-19,5,-19,8,-18,7,-15,8,-15,8,-17,8,-16,8,-17,10,-17,10,-18,11,-17,11,-17,12,-16,12,-16,13,-15,13,-17,14,-15,15,-16,0,0,0,0,0,0,0,0,0,0
84,-64,4,0,0,0,0,0,0,0,0,0,6,-10,5,-10,5,-11,5,-11,5,-11,4,-11,4,-11,3,-11,3,-12,2,-12,3,-13,2,-14,2,-13,2,-14,2,-13,2,-15,2,-15,1,-14,1,-14,1,-14,1,-15,1,-14,1,-15,-1,-15,0,-16,-1,-16,0,0,-1,-17,-1,-17,-2,-18,-2,-17,-1,-17,-2,-17,-2,-18,-1,-17,-6,-19,-3,-19,-2,-20,-2,-19,-3,-19,-3,-20,-3,-20,-3,-21,-2,-21,-2,-22,-1,-22,-2,-22,0,-22,0,-22,0,-23,0,-23,2,-22,3,-23,0,0,0,0,0,0,0,0,0,0
84,-64,4,0,0,0,0,0,0,0,0,0,5,-11,5,-11,4,-11,5,-12,4,-12,4,-11,3,-12,2,-12,2,-13,2,-12,2,-13,1,-14,1,-14,1,-14,1,-14,1,-15,0,-14,1,-14,0,-15,0,-15,0,-15,0,-15,0,-15,-2,-15,-1,-16,-2,-17,0,0,-2,-17,-2,-17,-3,-18,-3,-17,-3,-17,-3,-18,-3,-18,-3,-17,-4,-19,-4,-18,-5,-19,-4,-19,-4,-20,-4,-20,-4,-20,-4,-21,-4,-21,-4,-22,-3,-22,-3,-22,-2,-22,-2,-22,-2,-23,0,-22,2,-23,2,-24,0,0,0,0,0,0,0,0,0,0
84,-64,4,0,0,0,0,0,0,0,0,0,9,-5,9,-5,9,-6,10,-6,9,-6,9,-6,9,-7,8,-7,8,-7,8,-8,9,-9,8,-9,8,-9,8,-9,8,-9,8,-10,7,-10,8,-10,8,-11,8,-11,8,-10,8,-11,8,-11,6,-12,8,-12,7,-13,0,0,7,-13,7,-14,7,-14,6,-14,7,-14,7,-15,7,-15,6,-15,6,-16,6,-15,6,-17,7,-15,7,-17,7,-17,7,-17,7,-18,8,-19,8,-18,9,-18,9,-17,10,-18,11,-16,10,-17,11,-18,12,-17,13,-17,0,0,0,0,0,0,0,0,0,0
84,-64,4,0,0,0,0,0,0,0,0,0,1,12,2,11,3,11,3,12,3,11,3,11,4,11,4,11,5,11,5,11,6,12,7,11,7,12,7,11,7,11,8,11,8,11,7,11,9,10,9,11,8,11,9,11,9,11,11,10,11,11,11,11,0,0,12,11,12,11,13,10,13,11,13,10,13,11,14,11,14,10,14,11,14,11,15,11,15,10,15,11,16,12,15,12,17,13,17,13,17,13,16,14,16,14,16,15,16,15,15,15,16,16,14,17,13,17,0,0,0,0,0,0,0,0,0,0
84,-64,4,0,0,0,0,0,0,0,0,0,3,-13,2,-13,2,-13,2,-14,1,-13,1,-14,1,-14,0,-14,0,-14,-1,-14,-1,-15,-1,-16,-2,-15,-1,-15,-1,-16,-2,-17,-3,-16,-2,-16,-3,-16,-3,-16,-3,-16,-4,-16,-3,-16,-5,-17,-4,-17,-5,-17,0,0,-6,-18,-6,-18,-6,-18,-6,-18,-6,-18,-6,-18,-7,-19,-7,-18,-7,-20,-7,-19,-8,-21,-7,-19,-7,-20,-8,-20,-7,-21,-8,-22,-7,-22,-7,-22,-7,-22,-6,-22,-6,-23,-5,-23,-5,-24,-5,-23,-3,-24,-2,-24,0,0,0,0,0,0,0,0,0,0
84,-64,4,0,0,0,0,0,0,0,0,0,7,-11,7,-11,6,-12,7,-12,6,-12,6,-12,6,-13,6,-12,5,-13,5,-13,5,-14,3,-15,6,-15,5,-15,7,-14,5,-14,3,-14,5,-17,1,-16,2,-15,6,-16,3,-16,3,-16,1,-17,3,-17,2,-19,0,0,1,-21,4,-22,3,-19,2,-22,-2,-20,0,-18,4,-20,2,-18,2,-21,0,-20,0,-22,1,-20,1,-21,2,-22,2,-23,2,-23,2,-24,2,-24,3,-23,4,-24,5,-23,5,-23,6,-23,5,-23,7,-23,8,-23,0,0,0,0,0,0,0,0,0,0
84,-64,4,0,0,0,0,0,0,0,0,0,49,-14,42,-17,49,-24,48,-24,47,-19,38,-18,41,-17,33,-20,36,-18,29,-32,39,-32,37,-41,32,-44,35,-40,42,-33,30,-57,16,-47,34,-27,36,-46,31,-37,47,-23,22,-44,46,-34,23,-48,34,-49,39,-61,0,0,23,-73,24,-72,19,-71,15,-76,34,-38,29,-62,26,-67,36,-58,37,-60,28,-40,22,-71,33,-43,31,-60,20,-61,20,-64,22,-66,25,-75,33,-63,23,-62,32,-38,30,-47,27,-58,39,-42,33,-58,35,-18,50,-30,0,0,0,0,0,0,0,0,0,0
84,-64,4,0,0,0,0,0,0,0,0,0,-12,2,-11,2,-11,3,-12,3,-11,3,-11,4,-11,4,-11,5,-11,5,-11,5,-12,5,-12,6,-12,6,-12,6,-12,6,-12,7,-11,7,-12,7,-12,7,-11,8,-12,8,-12,8,-11,7,-11,9,-12,9,-11,9,0,0,-12,10,-12,10,-13,11,-12,11,-12,11,-12,11,-13,12,-12,11,-13,12,-12,12,-13,13,-13,12,-14,12,-14,13,-14,13,-14,13,-15,13,-15,13,-15,12,-15,13,-16,13,-17,11,-17,11,-18,11,-19,10,-19,10,0,0,0,0,0,0,0,0,0,0
84,-64,4,0,0,0,0,0,0,0,0,0,-7,-12,-8,-11,-9,-11,-9,-13,-9,-11,-9,-11,-9,-11,-9,-10,-10,-11,-10,-9,-11,-12,-13,-11,-12,-10,-12,-11,-11,-11,-13,-11,-12,-10,-11,-10,-13,-9,-13,-11,-12,-11,-14,-10,-12,-11,-15,-8,-15,-11,-16,-9,0,0,-16,-10,-16,-10,-17,-9,-17,-10,-16,-9,-17,-10,-17,-10,-17,-8,-20,-10,-17,-6,-20,-9,-17,-9,-18,-11,-19,-9,-18,-10,-19,-11,-20,-12,-19,-12,-18,-12,-18,-12,-18,-13,-18,-14,-18,-14,-19,-14,-16,-15,-16,-16,0,0,0,0,0,0,0,0,0,0
84,-64,4,0,0,0,0,0,0,0,0,0,-13,-8,-13,-8,-14,-7,-15,-7,-15,-7,-14,-7,-15,-6,-14,-6,-16,-6,-16,-5,-16,-5,-17,-5,-17,-5,-17,-5,-17,-4,-18,-4,-17,-3,-17,-4,-18,-3,-18,-3,-18,-3,-19,-3,-18,-3,-19,-1,-20,-2,-20,-2,0,0,-20,-2,-20,-1,-21,-1,-21,0,-21,0,-22,0,-23,0,-20,0,-24,7,-22,6,-23,1,-23,0,-24,0,-24,0,-24,0,-24,0,-26,-2,-26,-1,-25,-2,-26,-2,-26,-4,-26,-4,-25,-5,-27,-4,-26,-6,-25,-6,0,0,0,0,0,0,0,0,0,0
84,-64,4,0,0,0,0,0,0,0,0,0,13,-1,13,-2,12,-3,13,-2,13,-3,12,-3,13,-4,13,-4,13,-4,13,-5,14,-5,14,-6,14,-6,13,-6,14,-5,14,-7,14,-8,13,-6,14,-8,13,-7,14,-7,14,-8,14,-8,13,-9,15,-9,14,-10,0,0,15,-10,14,-10,14,-10,15,-12,15,-11,15,-11,15,-11,16,-12,11,-12,13,-11,17,-13,17,-12,17,-12,16,-13,17,-12,17,-13,18,-14,18,-13,18,-12,19,-11,19,-12,20,-11,20,-10,20,-11,21,-9,22,-8,0,0,0,0,0,0,0,0,0,0
84,-64,4,0,0,0,0,0,0,0,0,0,0,-16,-1,-15,-1,-16,-2,-17,-2,-16,-2,-15,-3,-15,-2,-15,-4,-15,-3,-15,-4,-17,-5,-17,-5,-17,-4,-17,-5,-17,-7,-18,-5,-17,-5,-16,-6,-16,-6,-17,-6,-16,-7,-17,-5,-16,-7,-18,-8,-19,-7,-18,0,0,-9,-18,-9,-19,-10,-19,-10,-19,-8,-18,-10,-19,-11,-19,-9,-18,-11,-19,-9,-18,-11,-20,-9,-19,-9,-21,-11,-20,-10,-19,-11,-20,-12,-21,-10,-20,-10,-20,-9,-20,-9,-20,-8,-20,-8,-21,-8,-22,-6,-21,-5,-22,0,0,0,0,0,0,0,0,0,0
84,-64,4,0,0,0,0,0,0,0,0,0,-11,2,-10,3,-10,3,-11,3,-10,3,-10,3,-11,4,-10,4,-10,5,-10,5,-10,5,-11,8,-10,7,-10,5,-10,7,-12,6,-9,9,-9,9,-10,10,-11,8,-12,6,-8,11,-10,7,-9,10,-8,12,-9,12,0,0,-7,10,-12,8,-10,13,-10,13,-11,10,-11,10,-10,9,-11,13,-11,12,-10,12,-12,14,-10,12,-10,13,-10,15,-10,13,-11,15,-12,14,-12,14,-12,13,-13,14,-14,14,-14,13,-14,14,-14,14,-15,13,-16,13,0,0,0,0,0,0,0,0,0,0
84,-64,4,0,0,0,0,0,0,0,0,0,-5,-13,-5,-12,-7,-13,-6,-13,-7,-13,-6,-13,-7,-12,-7,-12,-8,-12,-8,-12,-8,-13,-9,-13,-9,-13,-9,-13,-9,-12,-10,-13,-10,-12,-10,-13,-11,-12,-11,-13,-10,-13,-12,-12,-10,-13,-12,-12,-12,-13,-12,-13,0,0,-13,-13,-13,-13,-13,-12,-14,-13,-13,-12,-14,-12,-15,-13,-15,-12,-15,-13,-14,-13,-15,-13,-14,-13,-15,-14,-15,-13,-15,-14,-15,-14,-17,-15,-15,-15,-15,-15,-15,-15,-15,-16,-14,-16,-14,-17,-14,-18,-12,-19,-12,-18,0,0,0,0,0,0,0,0,0,0
84,-64,4,0,0,0,0,0,0,0,0,0,-4,-50,-3,-49,-20,-52,-8,-53,-10,-45,-10,-44,-18,-45,-9,-39,-23,-40,-26,-37,-34,-41,-44,-44,-37,-35,-35,-52,-26,-38,-50,-41,-47,-42,-18,-41,-46,-32,-45,-53,-35,-41,-53,-39,-31,-34,-61,-42,-54,-35,-45,-38,0,0,-59,-26,-61,-33,-67,-36,-49,-25,-52,-35,-66,-36,-50,-21,-56,-36,-60,-22,-60,-26,-75,-19,-50,-32,-63,-20,-55,-30,-62,-20,-75,-12,-82,-19,-79,-23,-67,-20,-50,-29,-61,-20,-57,-18,-46,-25,-80,-25,-30,-36,-34,-34,0,0,0,0,0,0,0,0,0,0
84,-64,4,0,0,0,0,0,0,0,0,0,-3,-13,-4,-13,-4,-13,-5,-14,-5,-13,-5,-13,-6,-13,-6,-13,-6,-13,-7,-13,-7,-14,-8,-14,-8,-14,-8,-14,-8,-14,-9,-15,-9,-14,-8,-13,-9,-13,-9,-13,-9,-14,-10,-14,-9,-14,-11,-13,-11,-15,-11,-14,0,0,-12,-14,-12,-14,-12,-15,-13,-15,-12,-14,-12,-14,-13,-15,-13,-14,-14,-16,-14,-15,-14,-15,-14,-15,-14,-15,-14,-15,-14,-16,-14,-17,-14,-17,-14,-18,-14,-17,-13,-18,-13,-19,-13,-20,-13,-19,-13,-20,-11,-21,-10,-21,0,0,0,0,0,0,0,0,0,0
84,-64,4,0,0,0,0,0,0,0,0,0,-2,11,-2,12,-1,11,-1,12,-1,11,0,12,0,12,0,11,0,12,1,11,1,12,2,12,2,13,2,12,2,13,2,13,3,13,3,13,3,13,3,13,3,13,4,13,3,13,5,13,5,14,5,14,0,0,5,14,5,14,6,15,6,15,6,14,7,14,7,15,6,15,5,16,9,16,8,18,8,16,8,15,8,16,8,17,9,17,8,18,8,18,8,19,7,19,7,19,6,19,6,19,6,20,5,20,3,21,0,0,0,0,0,0,0,0,0,0
84,-64,4,0,0,0,0,0,0,0,0,0,-11,3,-10,4,-11,5,-11,5,-11,5,-10,5,-11,6,-10,5,-11,6,-10,6,-12,7,-11,8,-11,8,-11,8,-11,8,-11,9,-10,9,-10,8,-10,9,-10,9,-11,8,-11,10,-11,9,-9,11,-10,11,-10,11,0,0,-10,11,-10,12,-10,12,-10,13,-10,12,-10,13,-12,13,-8,12,-7,20,-7,16,-10,15,-11,13,-11,15,-11,14,-12,15,-12,16,-13,17,-12,16,-13,15,-13,15,-15,14,-15,13,-15,14,-16,15,-16,13,-17,14,0,0,0,0,0,0,0,0,0,0
84,-64,4,0,0,0,0,0,0,0,0,0,4,-10,2,-10,2,-11,3,-11,2,-11,2,-10,2,-11,1,-10,1,-11,0,-11,1,-12,0,-13,-1,-13,0,-12,1,-12,-1,-13,-2,-12,-1,-12,-2,-12,-1,-13,-1,-13,-2,-13,-1,-13,-3,-13,-2,-15,-3,-14,0,0,-4,-14,-4,-15,-5,-15,-4,-15,-4,-14,-5,-15,-5,-15,-5,-15,-3,-17,-7,-20,-5,-18,-5,-15,-6,-16,-6,-16,-5,-17,-6,-17,-6,-18,-5,-18,-5,-19,-4,-18,-4,-19,-3,-19,-3,-20,-3,-20,-1,-20,-1,-20,0,0,0,0,0,0,0,0,0,0
84,-64,4,0,0,0,0,0,0,0,0,0,-14,5,-13,5,-13,6,-14,5,-14,6,-13,6,-14,6,-13,7,-14,7,-13,7,-14,8,-14,9,-14,9,-14,9,-14,8,-14,10,-13,10,-13,9,-14,10,-14,10,-15,10,-14,10,-13,10,-13,12,-14,11,-14,12,0,0,-14,12,-15,12,-14,13,-14,13,-14,12,-15,13,-15,13,-14,13,-15,13,-14,13,-15,15,-15,13,-15,13,-16,14,-16,13,-16,15,-17,15,-17,15,-18,13,-18,13,-19,12,-19,12,-19,12,-20,11,-21,10,-20,10,0,0,0,0,0,0,0,0,0,0
84,-64,4,0,0,0,0,0,0,0,0,0,12,8,11,8,12,7,13,8,12,7,12,7,13,7,13,7,13,7,14,6,15,6,15,6,15,6,15,6,15,6,16,6,15,5,15,5,16,5,16,5,16,6,17,6,15,5,16,3,17,5,17,4,0,0,18,4,18,4,18,4,18,3,18,4,19,4,19,3,19,3,19,4,18,3,20,3,19,3,20,4,20,4,20,4,20,4,21,5,21,5,20,5,21,6,20,6,21,7,20,8,21,7,19,8,20,9,0,0,0,0,0,0,0,0,0,0
84,-64,4,0,0,0,0,0,0,0,0,0,7,-10,6,-10,5,-10,6,-11,5,-11,5,-11,5,-12,4,-11,4,-12,5,-12,5,-12,4,-13,5,-13,4,-13,3,-12,3,-14,3,-12,2,-12,4,-12,4,-15,6,-17,2,-14,6,-13,-1,-15,4,-17,2,-17,0,0,4,-18,2,-13,2,-17,1,-16,3,-15,2,-17,2,-20,3,-15,2,-20,1,-19,1,-19,1,-18,2,-20,2,-19,4,-18,1,-20,3,-20,4,-20,3,-20,4,-21,5,-21,6,-20,7,-20,7,-20,9,-20,9,-20,0,0,0,0,0,0,0,0,0,0
84,-64,4,0,0,0,0,0,0,0,0,0,12,1,11,0,12,0,13,0,12,0,12,-1,12,-2,12,-2,12,-2,12,-3,13,-2,13,-4,13,-3,13,-4,13,-3,13,-4,12,-4,13,-4,13,-5,13,-5,13,-5,14,-6,13,-5,13,-7,15,-7,14,-7,0,0,14,-8,14,-7,14,-8,14,-8,14,-8,15,-8,15,-9,14,-9,15,-10,15,-10,16,-11,15,-10,16,-10,16,-10,16,-10,17,-10,18,-10,18,-11,19,-10,19,-10,19,-10,20,-9,20,-9,21,-8,21,-7,22,-7,0,0,0,0,0,0,0,0,0,0
84,-64,4,0,0,0,0,0,0,0,0,0,-11,4,-10,4,-10,5,-11,5,-10,5,-10,5,-10,6,-9,6,-10,7,-9,7,-10,7,-10,8,-10,8,-10,8,-10,8,-10,9,-9,8,-10,9,-9,9,-10,9,-10,9,-9,10,-10,9,-9,10,-10,10,-9,11,0,0,-10,12,-10,11,-10,12,-9,12,-9,11,-10,13,-10,13,-9,13,-10,14,-9,13,-10,14,-10,13,-11,14,-10,14,-11,14,-11,15,-12,15,-12,16,-13,15,-13,15,-14,14,-14,14,-14,14,-15,14,-16,13,-17,13,0,0,0,0,0,0,0,0,0,0
84,-64,4,0,0,0,0,0,0,0,0,0,-11,0,-11,1,-11,2,-13,1,-12,2,-11,3,-12,3,-11,4,-11,3,-10,4,-12,5,-12,5,-12,5,-12,5,-12,5,-12,6,-12,6,-11,6,-12,7,-12,6,-12,6,-12,6,-12,7,-12,8,-12,7,-12,8,0,0,-12,8,-13,9,-14,9,-12,9,-13,9,-13,9,-13,10,-13,10,-13,10,-13,11,-14,11,-13,10,-14,11,-14,12,-15,10,-15,11,-16,12,-16,12,-16,11,-16,11,-17,10,-18,9,-18,10,-19,10,-19,9,-20,8,0,0,0,0,0,0,0,0,0,0
84,-64,4,0,0,0,0,0,0,0,0,0,3,-13,2,-12,2,-13,3,-13,1,-13,1,-13,1,-14,0,-13,0,-13,-1,-14,0,-15,-2,-15,-1,-15,-2,-15,-1,-15,-2,-16,-3,-15,-2,-14,-3,-15,-3,-15,-3,-16,-3,-15,-3,-16,-4,-15,-4,-16,-5,-16,0,0,-5,-16,-5,-17,-6,-17,-6,-17,-6,-17,-6,-17,-7,-17,-7,-17,-7,-18,-7,-17,-8,-19,-7,-18,-8,-19,-9,-19,-7,-20,-8,-20,-8,-21,-8,-21,-7,-21,-7,-22,-6,-22,-6,-22,-6,-22,-5,-23,-4,-23,-3,-24,0,0,0,0,0,0,0,0,0,0
84,-64,4,0,0,0,0,0,0,0,0,0,-8,-8,-8,-8,-9,-8,-10,-8,-9,-8,-9,-8,-10,-8,-10,-7,-10,-7,-10,-6,-11,-7,-12,-6,-12,-6,-12,-7,-12,-7,-12,-6,-12,-6,-12,-6,-13,-6,-13,-6,-13,-6,-14,-5,-13,-6,-14,-5,-15,-6,-15,-5,0,0,-15,-6,-15,-5,-15,-6,-16,-5,-16,-4,-16,-5,-16,-5,-15,-4,-18,-7,-14,-4,-16,-5,-16,-5,-18,-5,-18,-5,-18,-6,-18,-6,-19,-6,-19,-6,-19,-7,-19,-7,-19,-8,-19,-9,-18,-9,-19,-10,-19,-11,-19,-12,0,0,0,0,0,0,0,0,0,0
84,-64,4,0,0,0,0,0,0,0,0,0,3,9,3,9,5,9,5,10,4,9,4,9,5,9,5,8,5,9,6,8,6,10,7,9,7,9,7,9,6,9,8,9,7,8,7,9,8,8,8,9,8,9,9,9,7,10,10,8,10,10,10,9,0,0,11,9,10,9,11,9,12,9,10,9,12,9,12,10,10,8,12,11,10,8,13,9,11,9,13,11,13,10,13,11,13,11,15,11,14,11,13,12,13,12,13,13,14,14,13,14,13,14,11,16,11,16,0,0,0,0,0,0,0,0,0,0
84,-64,4,0,0,0,0,0,0,0,0,0,11,-6,11,-7,11,-8,12,-8,10,-7,11,-7,10,-8,9,-8,11,-8,9,-9,11,-10,10,-11,10,-11,11,-11,11,-10,11,-12,9,-11,10,-10,10,-12,10,-11,11,-11,10,-12,10,-11,8,-13,11,-14,9,-14,0,0,10,-14,10,-14,10,-15,9,-15,10,-14,10,-15,10,-16,9,-15,10,-16,9,-15,10,-17,10,-15,11,-16,11,-17,10,-16,10,-17,11,-18,11,-17,11,-17,11,-16,12,-16,14,-15,14,-15,14,-16,14,-14,15,-14,0,0,0,0,0,0,0,0,0,0
84,-64,4,0,0,0,0,0,0,0,0,0,-11,9,-10,9,-10,10,-11,10,-10,10,-10,10,-10,10,-9,10,-10,11,-9,11,-10,12,-9,13,-9,13,-9,13,-9,12,-9,14,-8,13,-8,13,-8,13,-9,13,-9,13,-8,14,-8,13,-7,15,-8,15,-8,15,0,0,-8,16,-9,15,-8,16,-7,16,-8,16,-8,16,-8,16,-8,15,-8,17,-7,16,-8,18,-8,16,-8,17,-8,16,-8,17,-8,17,-9,18,-9,18,-10,17,-10,17,-10,17,-11,16,-11,16,-11,16,-12,16,-13,15,0,0,0,0,0,0,0,0,0,0
84,-64,4,0,0,0,0,0,0,0,0,0,-11,-5,-11,-4,-12,-4,-12,-4,-12,-4,-12,-4,-12,-3,-11,-3,-12,-3,-12,-2,-13,-3,-14,-2,-14,-2,-13,-2,-13,-2,-14,-1,-14,-1,-13,-1,-14,-1,-14,-1,-14,-1,-15,0,-14,-1,-15,0,-16,-1,-15,0,0,0,-16,1,-16,0,-16,1,-16,1,-16,1,-17,1,-17,1,-16,1,-17,1,-16,1,-18,2,-17,1,-18,1,-19,2,-18,1,-19,1,-20,1,-19,1,-19,0,-19,0,-19,-1,-20,-2,-20,-2,-20,-2,-20,-4,-20,-4,0,0,0,0,0,0,0,0,0,0
84,-64,4,0,0,0,0,0,0,0,0,0,10,3,10,3,11,1,11,2,11,2,10,1,11,2,10,0,12,1,11,0,12,0,12,0,12,0,12,0,12,0,13,-1,12,-1,13,-1,13,-2,13,-1,13,-1,13,-1,13,-1,13,-2,14,-2,14,-3,0,0,14,-3,14,-3,14,-3,15,-3,15,-3,15,-3,15,-3,15,-4,16,-4,16,-4,16,-4,15,-4,16,-4,16,-4,17,-4,17,-4,19,-3,18,-3,18,-3,18,-3,19,-2,19,-2,20,-1,20,-1,19,0,18,1,0,0,0,0,0,0,0,0,0,0
84,-64,4,0,0,0,0,0,0,0,0,0,7,7,7,6,9,6,9,7,8,6,8,6,9,5,8,4,9,5,10,4,11,5,11,4,11,4,11,4,11,5,12,4,11,3,11,4,12,3,12,3,12,4,13,3,11,3,13,1,14,3,14,2,0,0,14,1,15,1,15,1,15,1,15,1,15,1,16,0,15,0,16,0,15,0,17,-1,15,-1,17,0,17,-1,17,0,18,0,19,0,18,0,18,1,19,1,18,2,19,2,19,3,20,2,18,4,19,5,0,0,0,0,0,0,0,0,0,0
84,-64,4,0,0,0,0,0,0,0,0,0,4,10,5,10,6,9,5,11,5,9,5,10,6,9,6,8,6,10,7,8,8,10,9,9,9,9,9,9,8,10,10,9,9,8,9,9,10,8,9,9,9,10,10,9,9,9,11,8,12,9,12,9,0,0,13,8,13,8,14,9,13,8,13,9,14,9,16,9,13,8,16,8,14,3,16,8,15,7,15,9,16,8,15,9,17,9,18,10,17,10,16,11,16,11,16,13,16,13,16,13,18,13,15,14,15,15,0,0,0,0,0,0,0,0,0,0
84,-64,4,0,0,0,0,0,0,0,0,0,6,-10,4,-10,4,-11,5,-11,4,-11,4,-11,4,-12,3,-11,3,-12,3,-12,3,-13,2,-13,3,-13,2,-13,3,-13,2,-14,2,-13,2,-13,1,-13,2,-14,2,-14,2,-14,3,-14,1,-15,1,-15,0,-15,0,0,1,-16,1,-16,0,-16,0,-17,0,-15,0,-18,1,-16,-1,-16,1,-21,1,-17,-4,-18,-2,-18,-1,-17,0,-18,0,-20,0,-19,1,-20,1,-20,2,-21,2,-21,3,-20,4,-20,4,-21,4,-21,6,-21,6,-20,0,0,0,0,0,0,0,0,0,0
84,-64,4,0,0,0,0,0,0,0,0,0,2,11,3,11,4,10,4,12,4,11,4,11,5,11,5,9,5,11,6,9,7,11,8,11,8,11,8,11,7,12,9,11,9,10,7,10,9,10,9,10,9,11,10,11,8,10,11,9,12,11,12,11,0,0,13,10,12,11,13,11,13,10,13,11,14,10,14,10,13,9,15,11,13,9,15,10,14,9,15,10,16,11,14,11,17,11,17,11,16,12,16,12,15,12,15,13,16,13,15,13,16,13,14,15,14,15,0,0,0,0,0,0,0,0,0,0
84,-64,4,0,0,0,0,0,0,0,0,0,-6,-10,-7,-10,-8,-9,-8,-11,-8,-9,-8,-9,-9,-10,-8,-8,-9,-9,-9,-8,-10,-10,-11,-9,-11,-9,-11,-9,-11,-10,-12,-9,-12,-8,-11,-9,-13,-8,-12,-9,-12,-9,-13,-8,-12,-9,-14,-7,-15,-9,-15,-8,0,0,-15,-8,-15,-8,-16,-8,-16,-8,-16,-7,-16,-8,-17,-8,-16,-7,-18,-6,-14,-7,-19,-7,-17,-7,-17,-8,-18,-7,-18,-9,-19,-8,-19,-9,-20,-10,-18,-10,-18,-10,-18,-11,-18,-11,-18,-11,-19,-11,-17,-13,-17,-13,0,0,0,0,0,0,0,0,0,0
84,-64,4,0,0,0,0,0,0,0,0,0,10,4,11,4,11,2,12,3,11,2,11,3,11,2,11,1,12,1,11,-1,13,0,13,-2,13,-2,13,-2,13,0,14,-2,13,-3,13,-1,14,-3,14,-2,14,-1,15,-3,13,-2,13,-5,16,-4,15,-5,0,0,16,-5,15,-4,16,-6,16,-6,16,-6,17,-5,17,-7,17,-6,17,-4,14,-8,16,-11,16,-9,18,-8,18,-8,17,-7,19,-9,20,-9,20,-8,20,-8,20,-7,20,-7,21,-6,20,-5,22,-7,21,-4,23,-4,0,0,0,0,0,0,0,0,0,0
84,-64,4,0,0,0,0,0,0,0,0,0,1,-14,1,-14,-1,-14,0,-15,0,-14,0,-15,-1,-15,-2,-14,-2,-15,-3,-14,-3,-17,-5,-17,-4,-16,-4,-16,-3,-17,-6,-17,-6,-16,-4,-16,-6,-17,-5,-17,-5,-17,-6,-17,-5,-16,-8,-15,-7,-19,-8,-18,0,0,-9,-18,-9,-18,-10,-19,-9,-18,-9,-18,-9,-19,-10,-19,-10,-20,-8,-18,-11,-17,-11,-22,-10,-19,-12,-19,-12,-19,-11,-20,-12,-20,-12,-21,-12,-21,-11,-22,-11,-22,-10,-22,-9,-22,-9,-22,-10,-22,-7,-23,-7,-24,0,0,0,0,0,0,0,0,0,0
84,-64,4,0,0,0,0,0,0,0,0,0,-21,39,-15,36,-1,46,1,43,-5,38,-6,30,0,37,-2,32,-1,38,7,31,6,45,20,42,14,49,11,54,12,37,24,40,25,32,11,40,35,29,13,34,15,42,14,45,19,41,28,31,35,45,31,45,0,0,39,38,40,27,37,42,36,23,24,38,41,34,43,40,36,47,42,55,43,36,51,45,38,51,35,54,41,40,47,38,59,43,61,52,48,56,47,39,36,52,36,49,36,46,19,51,47,60,-2,45,14,45,0,0,0,0,0,0,0,0,0,0
84,-64,4,0,0,0,0,0,0,0,0,0,-17,46,-13,41,-1,49,-9,54,-9,44,-5,46,8,43,-6,35,-3,38,16,38,8,47,25,45,23,45,17,50,17,46,22,52,30,40,16,40,32,39,25,49,15,39,35,44,13,47,46,29,46,43,34,49,0,0,51,35,47,45,52,42,56,35,33,44,54,40,50,38,43,39,61,34,45,43,59,44,36,38,54,51,60,39,56,38,68,27,74,30,55,50,60,39,44,39,49,45,71,37,44,48,51,44,22,45,25,44,0,0,0,0,0,0,0,0,0,0
84,-64,4,0,0,0,0,0,0,0,0,0,-2,-46,-2,-41,-13,-46,-6,-48,-2,-44,-5,-44,-18,-43,-8,-34,-7,-39,-15,-33,-25,-35,-37,-36,-30,-33,-31,-38,-24,-35,-44,-36,-47,-32,-23,-39,-35,-30,-38,-38,-34,-36,-45,-30,-34,-41,-49,-23,-43,-37,-45,-38,0,0,-56,-21,-67,-26,-61,-21,-43,-19,-43,-26,-58,-22,-59,-22,-55,-28,-78,-20,-50,-27,-73,-25,-54,-34,-53,-32,-63,-17,-53,-23,-73,-6,-82,-14,-65,-28,-63,-20,-49,-31,-46,-30,-62,-21,-39,-34,-69,-20,-27,-39,-42,-40,0,0,0,0,0,0,0,0,0,0
84,-64,4,0,0,0,0,0,0,0,0,0,43,13,41,11,49,-6,43,0,40,-1,43,8,40,-5,35,-6,38,-4,33,-12,38,-13,47,-15,45,-20,47,-19,36,-5,57,-31,44,-32,45,-13,37,-28,43,-22,42,-13,42,-37,44,-21,35,-37,43,-30,53,-29,0,0,34,-48,41,-44,42,-43,32,-51,37,-31,39,-40,40,-51,39,-41,30,-49,35,-41,53,-61,41,-32,47,-36,47,-45,36,-61,38,-68,47,-72,53,-55,45,-58,58,-52,42,-55,35,-41,55,-32,40,-58,35,-9,68,-16,0,0,0,0,0,0,0,0,0,0
84,-64,4,0,0,0,0,0,0,0,0,0,-36,25,-28,29,-19,38,-32,40,-23,38,-20,30,-15,30,-18,26,-17,34,-9,39,-9,41,-1,45,2,43,-4,46,-6,43,9,53,17,44,7,35,13,42,6,51,-8,44,14,46,-2,42,24,33,24,57,16,55,0,0,33,40,36,54,37,53,44,48,20,48,36,53,35,45,29,46,49,46,39,44,42,54,24,33,42,48,43,45,44,54,49,28,65,41,44,52,41,41,37,53,43,47,55,46,36,58,48,54,8,49,11,48,0,0,0,0,0,0,0,0,0,0
84,-64,4,0,0,0,0,0,0,0,0,0,-43,34,-37,27,-27,48,-43,39,-36,29,-34,40,-23,29,-23,32,-30,40,-7,42,-26,45,-18,50,-6,62,-15,49,-26,40,-16,59,-1,53,-10,35,6,43,-8,38,-26,32,-6,55,-17,38,28,46,6,55,4,58,0,0,25,67,-4,65,19,67,20,73,1,45,2,63,11,58,14,49,11,70,6,54,21,66,13,51,9,61,16,59,18,60,20,65,23,66,-3,64,16,68,4,65,8,59,12,70,2,46,0,60,-5,52,-11,44,0,0,0,0,0,0,0,0,0,0
84,-64,4,0,0,0,0,0,0,0,0,0,-9,-9,-9,-8,-10,-8,-11,-9,-10,-8,-10,-8,-11,-7,-10,-6,-11,-7,-12,-6,-13,-7,-13,-5,-13,-6,-13,-7,-14,-6,-16,-5,-13,-5,-14,-7,-16,-3,-14,-5,-14,-6,-15,-7,-15,-7,-15,-5,-16,-4,-16,-4,0,0,-19,-3,-19,-6,-20,-4,-15,-1,-15,-6,-18,-4,-18,-4,-18,-1,-14,-9,-17,-5,-22,-3,-20,-3,-21,-4,-20,-3,-20,-4,-21,-3,-23,-4,-22,-4,-22,-4,-21,-5,-22,-6,-22,-8,-21,-7,-23,-7,-21,-9,-21,-10,0,0,0,0,0,0,0,0,0,0
84,-64,4,0,0,0,0,0,0,0,0,0,2,14,2,14,4,13,3,15,3,14,2,14,4,14,4,13,4,14,5,13,6,16,7,15,7,15,5,14,5,15,8,15,6,13,6,14,8,14,5,15,6,16,8,16,7,17,8,15,9,16,9,17,0,0,9,17,8,16,8,17,9,16,9,17,9,17,10,16,10,16,12,16,10,15,12,17,11,15,10,17,10,18,10,17,10,19,11,19,11,19,9,18,9,18,8,19,8,19,8,19,9,19,6,19,5,20,0,0,0,0,0,0,0,0,0,0
84,-64,4,0,0,0,0,0,0,0,0,0,10,3,10,3,11,1,12,3,11,2,11,2,11,1,10,0,12,1,11,-1,13,0,12,0,13,0,12,0,14,0,13,0,13,-2,12,0,12,-3,14,-3,13,-1,15,-1,12,-1,15,-4,16,-5,15,-4,0,0,16,-3,17,-5,18,-3,17,-4,14,-3,15,-5,17,-3,16,-5,17,-7,18,-4,16,-5,17,-4,17,-5,19,-5,18,-4,19,-6,20,-6,20,-4,19,-5,20,-4,20,-3,20,-3,21,-2,21,-2,21,0,20,1,0,0,0,0,0,0,0,0,0,0
82,-96,4,0,0,0,0,0,0,0,0,0,14,-15,13,-16,12,-17,15,-18,13,-17,13,-17,12,-18,10,-18,12,-18,10,-18,13,-21,12,-21,11,-22,11,-21,11,-19,8,-22,8,-22,8,-22,6,-20,9,-21,11,-22,8,-25,8,-23,7,-26,10,-24,8,-25,0,0,3,-26,7,-29,6,-27,7,-23,11,-23,7,-28,8,-27,3,-22,8,-26,2,-28,4,-31,6,-27,8,-27,6,-27,6,-28,6,-28,6,-31,6,-30,6,-29,7,-29,8,-28,8,-29,9,-28,8,-29,12,-28,11,-27,0,0,0,0,0,0,0,0,0,0
82,-96,4,0,0,0,0,0,0,0,0,0,11,-3,11,-4,11,-5,12,-5,11,-5,11,-5,11,-6,10,-6,11,-5,10,-6,12,-7,12,-9,12,-8,12,-8,12,-7,12,-9,11,-9,11,-7,11,-9,12,-8,12,-8,12,-9,12,-8,11,-11,13,-11,12,-12,0,0,12,-12,13,-11,13,-13,13,-12,13,-11,13,-12,14,-12,13,-12,14,-13,13,-12,14,-14,13,-12,14,-13,14,-13,15,-12,15,-13,16,-14,16,-13,16,-13,16,-12,17,-12,18,-11,17,-10,18,-11,18,-9,19,-9,0,0,0,0,0,0,0,0,0,0
84,-64,4,0,0,0,0,0,0,0,0,0,-3,-14,-4,-13,-5,-13,-4,-15,-4,-13,-4,-13,-5,-14,-5,-13,-5,-14,-7,-12,-7,-15,-9,-14,-8,-14,-8,-14,-7,-14,-9,-15,-8,-13,-8,-14,-10,-13,-9,-15,-8,-15,-11,-14,-8,-14,-11,-13,-12,-15,-12,-14,0,0,-13,-15,-12,-15,-14,-15,-14,-14,-13,-14,-15,-15,-14,-16,-13,-13,-15,-19,-13,-14,-16,-15,-14,-14,-15,-16,-16,-16,-14,-16,-16,-18,-17,-17,-15,-18,-15,-18,-14,-19,-14,-19,-14,-19,-14,-19,-15,-20,-12,-21,-11,-21,0,0,0,0,0,0,0,0,0,0
84,-64,4,0,0,0,0,0,0,0,0,0,-2,12,-2,12,0,12,-2,13,0,12,-1,13,0,13,0,12,-1,14,2,12,1,14,2,15,3,14,2,14,1,14,3,14,3,14,2,14,4,14,3,15,2,14,4,15,3,14,6,14,5,16,6,16,0,0,7,16,6,16,6,16,7,16,6,16,7,17,7,17,6,16,10,17,5,16,7,19,7,17,9,18,9,18,7,18,9,21,9,20,8,20,6,21,6,21,6,21,5,22,6,21,7,21,4,22,3,23,0,0,0,0,0,0,0,0,0,0
84,-64,4,0,0,0,0,0,0,0,0,0,5,9,5,9,7,8,7,9,7,8,7,9,7,8,7,7,7,8,8,7,9,8,9,8,10,8,9,7,9,8,11,7,10,6,9,7,11,7,10,7,10,8,11,7,10,7,12,5,13,7,13,6,0,0,13,6,14,6,15,6,15,6,14,6,14,7,15,6,14,7,14,5,15,4,17,6,15,5,17,6,17,7,16,7,17,6,18,7,18,8,17,8,17,9,17,10,17,10,17,10,18,10,16,11,16,12,0,0,0,0,0,0,0,0,0,0
84,-64,4,0,0,0,0,0,0,0,0,0,-23,49,-24,38,-6,56,-10,52,-16,42,-9,42,-9,47,-1,41,-7,50,10,35,-13,52,14,61,20,53,5,48,-4,50,22,54,25,45,0,44,29,38,15,49,-11,49,17,50,3,37,26,46,24,59,21,49,0,0,39,60,28,63,40,65,42,61,15,45,35,61,29,61,11,47,35,45,25,53,30,70,15,54,15,53,18,45,27,60,40,59,33,57,26,51,28,50,5,46,18,62,14,43,4,45,3,53,-4,37,-14,46,0,0,0,0,0,0,0,0,0,0
84,-64,4,0,0,0,0,0,0,0,0,0,7,-10,6,-10,5,-11,7,-11,6,-11,6,-11,5,-11,4,-11,5,-12,4,-12,5,-13,4,-14,4,-13,4,-14,5,-13,3,-15,3,-14,3,-14,2,-14,3,-14,4,-14,3,-15,3,-14,1,-15,2,-18,1,-17,0,0,1,-17,1,-17,1,-18,0,-17,1,-17,1,-19,1,-18,1,-18,2,-17,1,-20,0,-20,1,-20,0,-20,0,-20,0,-21,0,-22,0,-22,1,-22,1,-22,2,-22,3,-22,4,-22,4,-22,3,-23,6,-22,6,-22,0,0,0,0,0,0,0,0,0,0
84,-64,4,0,0,0,0,0,0,0,0,0,2,52,-8,46,15,51,4,54,6,52,6,43,12,51,6,32,13,41,22,32,19,54,40,43,34,42,27,40,25,39,39,33,38,27,16,38,37,19,29,30,20,45,42,29,24,27,46,19,48,27,42,32,0,0,65,14,52,26,60,16,60,1,39,8,63,1,71,6,52,17,42,11,41,20,56,11,48,22,60,21,56,15,53,7,80,1,70,8,59,17,64,2,52,28,59,6,56,18,46,15,58,33,37,30,49,34,0,0,0,0,0,0,0,0,0,0
84,-64,4,0,0,0,0,0,0,0,0,0,-7,9,-6,9,-6,10,-7,11,-6,10,-6,10,-6,11,-5,10,-5,11,-4,10,-5,13,-3,13,-3,13,-4,13,-4,12,-2,14,-2,12,-3,12,-2,13,-3,14,-3,13,-2,14,-3,13,1,14,-1,16,0,15,0,0,1,16,1,16,1,17,2,16,0,16,1,17,1,18,0,16,3,17,2,18,2,18,2,16,3,18,3,18,3,19,4,20,3,21,3,21,1,20,2,21,0,21,0,20,-1,21,1,22,-2,22,-2,22,0,0,0,0,0,0,0,0,0,0
84,-64,4,0,0,0,0,0,0,0,0,0,-9,-10,-9,-10,-10,-9,-11,-10,-10,-10,-10,-9,-11,-9,-10,-8,-11,-9,-12,-7,-13,-9,-14,-8,-14,-8,-13,-8,-13,-9,-15,-8,-14,-7,-13,-7,-14,-7,-14,-7,-14,-9,-16,-7,-14,-8,-16,-5,-16,-8,-17,-6,0,0,-17,-6,-18,-6,-18,-6,-19,-5,-18,-7,-19,-6,-19,-5,-17,-6,-22,-3,-19,-8,-19,-5,-19,-6,-21,-7,-21,-7,-21,-6,-21,-6,-24,-7,-23,-7,-23,-8,-22,-8,-22,-10,-22,-11,-22,-12,-23,-12,-21,-13,-21,-14,0,0,0,0,0,0,0,0,0,0
84,-64,4,0,0,0,0,0,0,0,0,0,-11,-6,-11,-5,-12,-4,-12,-5,-13,-4,-12,-4,-13,-4,-11,-3,-13,-3,-12,-2,-14,-3,-15,-2,-15,-2,-15,-2,-14,-3,-15,-1,-14,-1,-14,-1,-15,0,-15,-1,-16,-2,-16,-1,-15,-2,-16,1,-17,-1,-17,1,0,0,-17,1,-18,1,-18,1,-18,2,-18,1,-18,1,-19,2,-18,2,-19,2,-18,2,-20,3,-18,2,-21,2,-20,3,-20,2,-20,3,-23,2,-23,2,-22,1,-21,1,-22,0,-23,-1,-23,-2,-23,-2,-22,-4,-23,-4,0,0,0,0,0,0,0,0,0,0
84,-64,4,0,0,0,0,0,0,0,0,0,11,1,11,0,12,-1,13,0,11,-1,11,0,11,-1,11,-1,12,-1,11,-2,13,-2,13,-4,13,-4,12,-3,13,-3,14,-5,12,-5,12,-4,13,-5,13,-4,14,-3,13,-5,13,-4,13,-7,15,-7,14,-7,0,0,14,-8,14,-7,15,-8,14,-10,14,-7,15,-9,16,-9,14,-9,17,-11,15,-8,15,-9,14,-9,16,-11,16,-10,17,-10,17,-11,19,-12,18,-11,18,-11,18,-10,19,-9,20,-9,20,-8,20,-9,21,-7,21,-7,0,0,0,0,0,0,0,0,0,0
84,-64,4,0,0,0,0,0,0,0,0,0,7,-8,6,-8,5,-9,7,-9,5,-9,5,-9,5,-10,4,-9,5,-10,4,-10,5,-11,4,-12,4,-12,4,-12,4,-11,3,-13,3,-11,3,-12,2,-12,3,-12,3,-12,2,-13,4,-13,1,-14,2,-15,2,-14,0,0,1,-15,2,-15,1,-15,0,-15,1,-15,0,-15,1,-17,0,-14,1,-21,0,-18,0,-17,0,-15,1,-17,0,-17,1,-18,0,-19,0,-20,1,-19,1,-19,2,-20,2,-19,2,-20,3,-20,3,-21,6,-20,6,-19,0,0,0,0,0,0,0,0,0,0
84,-64,4,0,0,0,0,0,0,0,0,0,12,-2,12,-3,12,-5,14,-3,12,-4,13,-4,12,-5,11,-5,12,-5,11,-6,14,-7,13,-8,13,-8,13,-7,13,-7,13,-9,12,-9,12,-8,13,-9,13,-8,14,-8,13,-9,13,-8,12,-11,14,-11,13,-12,0,0,13,-13,14,-12,14,-13,14,-13,13,-12,15,-13,14,-14,14,-14,14,-16,13,-15,14,-16,14,-13,16,-14,16,-14,16,-15,16,-16,18,-16,17,-15,17,-16,18,-15,19,-15,20,-14,21,-13,21,-14,21,-12,22,-11,0,0,0,0,0,0,0,0,0,0
84,-64,4,0,0,0,0,0,0,0,0,0,2,-12,1,-12,1,-12,2,-13,1,-12,1,-13,0,-13,-1,-12,0,-13,-2,-12,-1,-14,-2,-14,-2,-14,-2,-14,-1,-14,-3,-15,-3,-14,-2,-14,-4,-14,-3,-14,-3,-15,-3,-15,-3,-14,-5,-14,-5,-16,-6,-16,0,0,-6,-16,-5,-17,-7,-17,-7,-16,-6,-16,-7,-17,-7,-17,-7,-16,-8,-18,-8,-17,-9,-19,-7,-17,-7,-18,-8,-18,-7,-19,-8,-19,-9,-21,-8,-21,-8,-21,-7,-21,-6,-21,-6,-21,-6,-21,-6,-22,-3,-22,-3,-23,0,0,0,0,0,0,0,0,0,0
84,-64,4,0,0,0,0,0,0,0,0,0,8,6,8,6,9,5,9,6,8,5,8,5,9,4,9,4,9,4,9,3,11,4,11,3,11,3,11,3,11,3,12,2,11,2,10,3,12,1,12,2,12,2,12,1,11,2,12,-1,14,1,13,0,0,0,14,0,14,0,15,-1,14,-1,14,0,15,-1,16,-1,15,-2,16,-2,14,-2,17,-2,15,-2,17,-2,17,-2,16,-1,18,-2,19,-2,18,-1,18,-1,18,-1,18,-1,19,0,19,1,20,1,19,2,19,3,0,0,0,0,0,0,0,0,0,0
84,-64,4,0,0,0,0,0,0,0,0,0,-6,10,-6,10,-5,10,-6,11,-5,10,-5,10,-5,11,-3,10,-5,11,-3,11,-4,13,-3,13,-3,13,-3,13,-3,13,-2,14,-1,13,-3,13,-1,13,-2,13,-3,13,-1,14,-2,13,1,14,-1,16,0,15,0,0,1,16,-1,15,0,16,1,16,0,16,0,17,1,17,1,16,1,19,2,16,2,19,1,17,1,18,2,19,0,19,2,20,1,20,1,21,1,20,0,21,-2,21,-2,21,-2,21,-2,22,-4,21,-5,22,0,0,0,0,0,0,0,0,0,0
84,-64,4,0,0,0,0,0,0,0,0,0,-12,-2,-12,-2,-12,0,-14,-1,-12,-1,-13,-1,-13,0,-12,1,-13,0,-12,2,-14,1,-14,3,-14,3,-14,3,-14,1,-14,3,-13,3,-13,2,-14,4,-14,3,-14,3,-14,4,-14,3,-14,6,-16,5,-15,6,0,0,-16,6,-16,6,-16,7,-15,7,-16,6,-16,7,-17,7,-15,7,-17,8,-15,8,-17,10,-16,7,-18,8,-19,9,-18,8,-19,9,-20,9,-20,9,-20,8,-20,7,-21,7,-21,5,-21,5,-22,6,-22,4,-23,3,0,0,0,0,0,0,0,0,0,0
84,-64,4,0,0,0,0,0,0,0,0,0,7,9,7,8,9,7,9,8,8,7,8,8,9,8,8,6,9,7,9,6,11,7,11,6,11,6,11,6,11,7,13,6,11,5,11,6,12,5,12,6,12,6,13,6,11,6,14,3,15,5,15,4,0,0,15,4,16,5,16,4,16,3,16,5,16,4,17,4,16,4,18,4,17,3,19,3,17,3,19,4,18,4,18,4,19,4,21,4,20,5,19,6,19,6,19,7,20,8,19,9,21,8,18,10,19,11,0,0,0,0,0,0,0,0,0,0
84,-64,4,0,0,0,0,0,0,0,0,0,-12,1,-12,1,-12,2,-14,1,-12,2,-12,2,-13,3,-11,3,-13,3,-11,3,-13,5,-12,6,-13,6,-13,6,-13,4,-13,6,-12,6,-12,6,-12,7,-13,6,-13,6,-13,7,-12,6,-12,9,-14,9,-13,10,0,0,-13,11,-14,9,-14,11,-13,11,-14,10,-14,11,-14,11,-13,11,-14,12,-12,11,-14,14,-13,12,-14,13,-15,13,-14,12,-15,14,-16,14,-16,14,-17,13,-16,13,-17,12,-19,11,-18,12,-19,13,-20,10,-20,10,0,0,0,0,0,0,0,0,0,0
84,-64,4,0,0,0,0,0,0,0,0,0,0,-11,-1,-11,-2,-11,-1,-12,-1,-11,-2,-11,-2,-12,-2,-11,-3,-11,-3,-10,-4,-12,-5,-12,-5,-12,-4,-12,-4,-13,-5,-13,-5,-12,-4,-12,-6,-12,-5,-12,-5,-13,-6,-13,-5,-12,-8,-12,-7,-13,-8,-13,0,0,-8,-14,-8,-14,-9,-14,-9,-14,-8,-13,-8,-14,-9,-14,-9,-14,-10,-15,-9,-13,-11,-15,-9,-14,-10,-15,-11,-15,-9,-16,-10,-16,-11,-17,-10,-17,-9,-18,-9,-17,-8,-18,-8,-18,-8,-19,-9,-19,-7,-19,-6,-20,0,0,0,0,0,0,0,0,0,0
84,-64,4,0,0,0,0,0,0,0,0,0,-42,17,-32,15,-31,27,-39,30,-36,27,-31,21,-25,20,-29,26,-27,24,-17,29,-30,34,-18,45,-11,43,-18,43,-16,29,-2,53,-7,36,-13,34,-7,40,-4,34,-22,45,-10,57,-16,42,6,36,12,55,-2,57,0,0,30,50,17,50,29,47,28,51,9,46,30,55,31,45,14,43,18,51,19,56,33,64,21,54,26,55,36,56,43,53,45,62,35,62,20,54,34,60,35,47,30,53,42,50,28,46,35,65,-1,45,0,64,0,0,0,0,0,0,0,0,0,0
84,-64,4,0,0,0,0,0,0,0,0,0,-12,1,-12,2,-12,3,-13,3,-12,3,-12,3,-12,4,-11,4,-12,5,-11,5,-15,5,-13,6,-13,6,-11,5,-13,6,-13,8,-11,5,-11,6,-11,8,-15,7,-12,7,-13,9,-11,8,-10,10,-13,10,-12,11,0,0,-12,10,-12,12,-14,8,-13,11,-14,10,-15,10,-14,12,-13,12,-10,15,-13,11,-14,13,-14,12,-15,14,-14,15,-15,14,-15,14,-17,16,-17,15,-16,14,-16,14,-17,14,-18,13,-19,13,-19,13,-20,11,-20,10,0,0,0,0,0,0,0,0,0,0
84,-64,4,0,0,0,0,0,0,0,0,0,-2,11,-1,11,1,11,0,12,0,11,0,12,1,12,1,11,1,12,2,10,2,13,3,13,4,13,3,13,3,13,5,13,5,12,4,12,5,12,5,13,4,13,6,13,4,13,7,12,7,15,7,14,0,0,8,14,7,14,8,14,9,14,8,14,8,15,10,15,9,14,9,15,9,14,10,16,9,14,10,15,10,15,10,16,11,16,11,17,10,18,9,17,9,18,8,18,8,19,8,18,9,19,6,19,6,20,0,0,0,0,0,0,0,0,0,0
84,-64,4,0,0,0,0,0,0,0,0,0,-11,-7,-11,-6,-12,-5,-13,-6,-12,-5,-11,-5,-12,-4,-11,-3,-12,-4,-12,-3,-14,-4,-14,-2,-14,-2,-14,-2,-14,-3,-15,-1,-14,-1,-13,-2,-14,-1,-14,-1,-14,-1,-15,0,-14,-1,-15,1,-17,0,-16,1,0,0,-16,2,-17,1,-18,3,-17,3,-17,2,-18,3,-18,3,-17,3,-19,3,-17,4,-19,4,-18,3,-19,3,-20,4,-19,3,-20,4,-22,4,-21,4,-21,3,-21,3,-21,2,-23,1,-22,1,-23,1,-22,-2,-23,-2,0,0,0,0,0,0,0,0,0,0
84,-64,4,0,0,0,0,0,0,0,0,0,-45,0,-41,3,-38,17,-38,9,-38,4,-43,7,-31,9,-29,11,-37,12,-25,20,-38,22,-37,31,-30,30,-33,34,-29,24,-38,38,-33,43,-28,26,-26,32,-30,31,-39,20,-25,36,-31,29,-19,44,-31,45,-39,47,0,0,-16,48,-27,52,-23,49,-18,44,-27,38,-19,45,-25,48,-25,47,-20,58,-20,55,-23,69,-19,48,-26,47,-25,52,-25,61,-18,67,-17,72,-36,59,-29,50,-43,55,-37,50,-26,55,-33,35,-23,60,-30,26,-49,49,0,0,0,0,0,0,0,0,0,0
84,-64,4,0,0,0,0,0,0,0,0,0,11,1,10,0,11,0,12,0,11,0,10,0,10,-1,10,-1,10,-1,11,-2,13,-2,11,-3,13,-3,12,-3,12,0,13,-3,11,-4,11,-1,12,-4,13,-2,13,-3,12,-4,13,-1,11,-6,13,-5,14,-6,0,0,13,-4,14,-3,14,-6,13,-7,12,-3,14,-6,16,-4,14,-5,14,-6,15,-6,16,-6,15,-5,16,-6,16,-7,15,-5,16,-6,17,-6,17,-5,16,-5,16,-4,16,-4,18,-4,17,-3,18,-3,17,-2,17,-2,0,0,0,0,0,0,0,0,0,0
84,-64,4,0,0,0,0,0,0,0,0,0,1,-12,0,-12,-1,-12,0,-13,-1,-12,-1,-12,-1,-12,-2,-11,-2,-12,-3,-11,-3,-14,-4,-13,-4,-13,-4,-13,-4,-13,-5,-14,-5,-13,-5,-12,-6,-12,-6,-13,-5,-13,-6,-13,-5,-13,-8,-13,-7,-14,-8,-14,0,0,-9,-14,-9,-15,-10,-14,-10,-14,-9,-14,-10,-15,-10,-15,-10,-14,-11,-15,-10,-14,-12,-16,-10,-15,-11,-15,-12,-15,-11,-16,-11,-17,-13,-17,-12,-17,-11,-18,-11,-17,-10,-18,-10,-18,-10,-19,-10,-19,-7,-20,-7,-20,0,0,0,0,0,0,0,0,0,0
84,-64,4,0,0,0,0,0,0,0,0,0,-12,2,-11,3,-11,4,-13,3,-12,4,-12,4,-12,4,-11,5,-12,5,-10,5,-13,6,-11,8,-12,7,-12,7,-12,7,-12,8,-11,8,-11,7,-11,9,-11,8,-12,8,-11,9,-11,8,-10,11,-12,11,-11,11,0,0,-11,12,-12,11,-12,12,-12,13,-12,12,-12,13,-13,13,-11,11,-10,18,-9,16,-12,15,-12,12,-13,14,-13,15,-13,14,-13,15,-14,16,-14,15,-14,14,-14,14,-15,14,-16,13,-16,12,-16,14,-16,12,-17,12,0,0,0,0,0,0,0,0,0,0
84,-64,4,0,0,0,0,0,0,0,0,0,-11,3,-10,4,-10,5,-11,5,-10,5,-10,5,-10,6,-9,5,-10,6,-9,6,-11,6,-10,8,-10,8,-10,8,-12,8,-9,9,-9,9,-9,7,-10,10,-9,9,-11,7,-9,10,-11,7,-9,10,-11,9,-11,11,0,0,-9,13,-10,13,-10,13,-10,13,-9,10,-10,11,-11,14,-11,14,-11,14,-10,14,-10,16,-9,13,-9,13,-9,12,-10,13,-10,14,-12,13,-12,14,-11,13,-11,12,-13,12,-12,12,-13,11,-13,12,-14,11,-14,11,0,0,0,0,0,0,0,0,0,0
84,-64,4,0,0,0,0,0,0,0,0,0,-3,24,-2,22,2,23,4,27,1,26,3,25,4,25,4,21,8,23,7,21,4,30,10,27,9,26,9,27,7,26,11,24,14,26,9,27,14,26,10,27,10,28,14,29,8,24,18,26,16,30,17,31,0,0,23,30,20,29,21,29,23,28,19,29,22,32,23,32,21,31,26,32,21,27,26,29,22,30,24,31,25,32,24,31,27,32,27,39,26,38,25,36,24,36,23,37,23,37,21,39,22,40,16,39,18,40,0,0,0,0,0,0,0,0,0,0
84,-64,4,0,0,0,0,0,0,0,0,0,7,7,7,6,9,6,9,7,8,6,8,6,9,6,8,5,9,5,9,4,10,5,11,4,11,4,11,4,11,5,12,4,11,3,10,4,12,3,11,4,12,4,12,4,11,4,13,2,14,3,14,2,0,0,14,2,15,3,16,2,15,2,15,2,16,2,16,2,15,2,16,2,15,1,17,1,16,1,17,2,17,2,17,3,18,2,19,2,18,3,18,4,18,4,18,5,19,6,18,6,19,6,17,7,18,8,0,0,0,0,0,0,0,0,0,0
84,-64,4,0,0,0,0,0,0,0,0,0,10,2,9,2,10,1,11,2,10,1,10,1,10,1,10,0,10,0,10,0,12,0,12,-1,11,-2,11,-1,12,-1,13,-2,11,-3,11,-2,11,-3,12,-2,12,-2,13,-3,12,-2,12,-5,14,-4,13,-5,0,0,13,-5,14,-5,14,-6,14,-6,13,-5,14,-6,15,-6,14,-6,15,-6,14,-6,16,-7,15,-6,16,-6,16,-7,16,-6,16,-7,18,-7,17,-6,17,-6,18,-6,18,-5,18,-4,19,-4,19,-4,19,-2,19,-2,0,0,0,0,0,0,0,0,0,0
84,-64,4,0,0,0,0,0,0,0,0,0,0,10,0,10,2,9,1,11,1,10,1,10,2,10,2,9,2,10,4,9,4,10,4,10,5,10,5,10,4,10,6,10,6,9,5,9,6,9,6,10,6,10,7,10,5,10,8,9,8,11,8,10,0,0,9,10,8,10,10,11,10,10,9,10,10,11,10,11,10,10,11,11,10,10,12,11,10,10,11,11,11,11,11,12,12,12,13,13,12,13,11,13,11,14,11,14,11,15,11,15,11,15,9,16,9,16,0,0,0,0,0,0,0,0,0,0
84,-64,4,0,0,0,0,0,0,0,0,0,10,0,10,-1,10,-2,11,-1,10,-1,10,-1,10,-2,9,-3,10,-3,10,-3,11,-3,11,-4,11,-5,11,-4,11,-4,11,-6,10,-6,10,-5,10,-6,10,-5,11,-5,11,-6,11,-5,10,-7,12,-7,11,-8,0,0,11,-8,12,-8,12,-9,11,-9,12,-8,12,-9,13,-9,12,-9,13,-10,12,-10,13,-11,12,-9,14,-10,14,-10,14,-9,14,-11,16,-11,15,-10,15,-9,16,-10,16,-9,17,-8,17,-8,18,-8,18,-6,18,-6,0,0,0,0,0,0,0,0,0,0
84,-64,4,0,0,0,0,0,0,0,0,0,-46,-17,-40,-17,-47,-7,-49,-4,-46,-11,-44,-7,-43,-2,-34,-10,-40,5,-33,3,-41,7,-40,14,-38,10,-38,12,-37,5,-50,28,-35,31,-37,10,-32,22,-45,19,-40,11,-40,23,-43,9,-34,29,-42,36,-44,27,0,0,-22,41,-44,40,-32,42,-30,37,-40,34,-34,40,-42,48,-36,40,-35,50,-37,40,-36,63,-29,30,-43,37,-33,46,-37,52,-30,61,-24,83,-52,53,-44,47,-47,42,-34,50,-31,46,-48,34,-25,50,-46,13,-48,24,0,0,0,0,0,0,0,0,0,0
84,-64,4,0,0,0,0,0,0,0,0,0,-13,-2,-14,-3,-14,0,-14,-2,-14,0,-14,-1,-14,0,-13,1,-14,0,-13,2,-15,2,-15,3,-15,3,-15,3,-15,2,-16,4,-14,4,-14,3,-15,5,-15,3,-16,3,-16,5,-15,4,-15,7,-17,6,-16,7,0,0,-17,8,-17,7,-18,8,-16,7,-17,6,-18,8,-19,8,-17,9,-17,8,-18,10,-19,12,-18,10,-18,10,-18,10,-20,9,-20,11,-22,9,-22,10,-22,9,-22,8,-23,7,-23,7,-23,7,-24,7,-24,5,-25,5,0,0,0,0,0,0,0,0,0,0
84,-64,4,0,0,0,0,0,0,0,0,0,-2,-11,-2,-11,-4,-11,-3,-12,-3,-11,-3,-12,-4,-11,-4,-10,-4,-11,-5,-10,-5,-12,-7,-11,-7,-11,-6,-11,-6,-12,-7,-12,-7,-11,-6,-11,-9,-10,-8,-12,-7,-12,-9,-12,-7,-11,-10,-10,-10,-12,-11,-12,0,0,-11,-11,-11,-12,-12,-12,-12,-11,-11,-11,-12,-12,-13,-12,-12,-11,-12,-16,-13,-13,-15,-12,-13,-12,-13,-13,-14,-12,-13,-13,-15,-13,-15,-14,-14,-14,-14,-14,-14,-14,-13,-15,-13,-15,-13,-16,-14,-16,-11,-17,-11,-18,0,0,0,0,0,0,0,0,0,0
84,-64,4,0,0,0,0,0,0,0,0,0,-1,10,-1,11,1,10,0,12,0,11,0,11,1,11,1,10,1,11,3,9,2,12,4,12,4,12,3,12,3,12,4,12,4,12,3,11,5,11,4,12,4,12,5,13,4,12,7,12,7,13,7,13,0,0,8,13,7,13,8,14,8,13,8,14,8,13,9,14,8,12,10,15,12,12,10,14,8,13,10,14,10,14,9,15,10,16,11,17,10,17,9,17,9,17,8,18,8,18,7,17,8,19,6,18,6,20,0,0,0,0,0,0,0,0,0,0
84,-64,4,0,0,0,0,0,0,0,0,0,38,-28,31,-26,25,-36,42,-39,37,-32,36,-30,27,-34,19,-29,19,-35,14,-44,24,-45,16,-56,-1,-47,8,-51,19,-52,10,-61,-2,-55,5,-37,6,-52,8,-55,18,-40,2,-54,21,-47,-9,-51,-8,-65,-1,-63,0,0,-19,-60,-4,-66,-15,-71,-16,-61,0,-58,-4,-69,-8,-61,-13,-56,-21,-75,-25,-68,-24,-77,-6,-48,-11,-68,-14,-71,-17,-61,-21,-64,-31,-74,-6,-69,-18,-63,-8,-58,-19,-67,-20,-68,2,-57,-6,-70,15,-40,8,-41,0,0,0,0,0,0,0,0,0,0
84,-64,4,0,0,0,0,0,0,0,0,0,6,8,6,7,8,7,8,7,7,7,7,7,8,7,8,5,9,6,9,6,10,6,10,6,10,6,10,5,9,6,12,5,10,3,11,5,11,4,11,5,11,5,12,4,11,5,12,3,14,4,13,3,0,0,14,3,14,4,14,3,15,2,13,3,16,3,16,3,13,3,16,4,14,3,17,2,15,2,17,2,16,2,17,3,17,3,20,4,18,4,17,4,18,4,17,6,18,6,18,7,19,7,17,8,17,9,0,0,0,0,0,0,0,0,0,0
84,-64,4,0,0,0,0,0,0,0,0,0,-11,-6,-11,-5,-12,-5,-12,-6,-12,-4,-11,-5,-12,-4,-11,-3,-13,-4,-12,-2,-14,-3,-14,-2,-14,-2,-14,-2,-14,-2,-16,-2,-14,-1,-13,-1,-14,0,-15,-1,-15,-2,-16,0,-14,-1,-15,2,-17,0,-16,1,0,0,-17,2,-18,1,-18,3,-17,2,-17,1,-18,2,-19,2,-17,5,-21,4,-17,7,-19,6,-17,4,-19,4,-19,3,-20,3,-20,4,-23,4,-21,3,-22,3,-22,2,-21,1,-22,1,-23,0,-23,0,-22,-2,-22,-2,0,0,0,0,0,0,0,0,0,0
84,-64,4,0,0,0,0,0,0,0,0,0,-13,-1,-12,-1,-13,1,-13,0,-12,0,-12,1,-13,2,-11,2,-12,2,-12,3,-14,3,-13,4,-14,4,-14,4,-14,3,-14,5,-13,5,-13,4,-13,5,-14,5,-14,5,-14,6,-13,4,-13,7,-15,6,-14,8,0,0,-14,9,-15,8,-15,9,-14,9,-15,8,-15,9,-15,10,-17,10,-14,7,-13,7,-17,12,-16,10,-16,11,-16,11,-17,10,-17,11,-18,12,-18,11,-19,11,-18,10,-20,9,-20,8,-20,9,-21,9,-21,7,-21,6,0,0,0,0,0,0,0,0,0,0
84,-64,4,0,0,0,0,0,0,0,0,0,-11,5,-11,5,-10,6,-12,6,-11,6,-11,6,-11,7,-9,7,-10,7,-9,7,-11,8,-11,9,-11,9,-11,8,-11,8,-10,10,-9,10,-10,9,-9,10,-10,10,-11,9,-9,10,-10,9,-8,11,-10,11,-10,12,0,0,-9,13,-10,12,-10,13,-9,13,-9,12,-10,13,-10,14,-9,13,-10,14,-8,13,-9,15,-9,12,-10,13,-10,14,-10,13,-10,14,-11,15,-11,15,-10,14,-11,14,-12,13,-12,13,-12,13,-12,13,-13,12,-13,12,0,0,0,0,0,0,0,0,0,0
84,-64,4,0,0,0,0,0,0,0,0,0,2,-13,1,-13,0,-13,1,-15,1,-13,1,-13,0,-14,-1,-12,0,-13,-1,-13,0,-15,-2,-15,-2,-15,-1,-14,-1,-15,-2,-15,-2,-15,-1,-14,-3,-14,-2,-14,-2,-15,-3,-15,-1,-14,-4,-15,-4,-16,-4,-16,0,0,-5,-16,-4,-16,-5,-17,-5,-16,-4,-16,-5,-16,-5,-17,-5,-16,-5,-18,-5,-16,-5,-18,-5,-16,-5,-17,-5,-17,-4,-17,-5,-18,-5,-18,-4,-18,-4,-17,-3,-17,-3,-18,-3,-18,-2,-17,-3,-18,-1,-18,0,-18,0,0,0,0,0,0,0,0,0,0
84,-64,4,0,0,0,0,0,0,0,0,0,-1,14,0,14,1,13,0,15,0,14,0,14,1,14,2,13,1,15,3,13,3,16,4,16,4,16,3,15,3,16,5,16,5,15,3,15,5,14,4,15,4,15,5,16,3,15,8,14,7,17,7,16,0,0,8,17,7,16,8,17,8,16,7,16,7,17,8,17,8,16,8,18,8,16,9,18,8,16,8,17,9,18,8,18,9,19,9,19,8,19,7,19,7,19,6,19,6,20,6,19,6,20,4,20,4,20,0,0,0,0,0,0,0,0,0,0
84,-64,4,0,0,0,0,0,0,0,0,0,8,7,9,6,10,5,10,7,9,6,9,6,9,5,9,4,10,6,10,4,11,6,12,5,11,5,12,5,11,5,13,4,12,3,11,5,12,4,12,4,12,5,13,4,11,4,13,2,14,4,14,3,0,0,14,3,15,3,15,3,14,2,14,3,15,3,16,3,15,3,16,3,15,2,16,2,14,3,16,3,16,3,16,3,16,3,17,4,16,4,16,4,16,4,16,5,16,6,16,6,16,6,15,7,15,8,0,0,0,0,0,0,0,0,0,0
84,-64,4,0,0,0,0,0,0,0,0,0,2,-13,1,-14,0,-14,1,-15,0,-14,0,-14,-1,-14,-1,-13,-1,-14,-2,-13,-1,-16,-2,-16,-2,-16,-2,-15,-1,-15,-3,-16,-4,-15,-2,-15,-4,-15,-3,-16,-2,-16,-4,-16,-2,-16,-5,-16,-4,-18,-5,-17,0,0,-6,-18,-5,-18,-6,-19,-6,-18,-6,-17,-6,-19,-6,-18,-6,-16,-6,-20,-5,-16,-8,-20,-6,-17,-6,-19,-6,-19,-5,-19,-6,-20,-6,-21,-5,-21,-5,-20,-5,-21,-3,-20,-4,-21,-3,-21,-3,-22,0,-21,0,-21,0,0,0,0,0,0,0,0,0,0
84,-64,4,0,0,0,0,0,0,0,0,0,-12,8,-11,7,-10,10,-12,9,-11,9,-11,9,-11,10,-9,9,-10,10,-9,10,-11,12,-10,13,-10,13,-10,13,-11,11,-10,14,-9,13,-9,13,-8,13,-9,13,-10,13,-9,15,-10,13,-7,16,-9,16,-8,17,0,0,-8,17,-9,17,-8,17,-7,19,-8,17,-9,19,-8,18,-7,17,-10,21,-8,17,-8,20,-9,18,-9,19,-9,20,-10,20,-9,20,-9,22,-10,21,-10,20,-11,20,-12,20,-12,20,-12,19,-13,20,-14,19,-15,18,0,0,0,0,0,0,0,0,0,0
84,-64,4,0,0,0,0,0,0,0,0,0,3,-12,2,-12,1,-13,2,-13,1,-13,2,-12,1,-13,0,-12,1,-13,0,-13,0,-15,-2,-15,-2,-15,-2,-14,0,-14,-2,-16,-3,-14,-1,-14,-3,-14,-2,-14,-1,-15,-3,-15,-1,-15,-5,-15,-4,-17,-5,-16,0,0,-5,-17,-5,-17,-5,-17,-6,-17,-4,-17,-5,-17,-6,-18,-5,-16,-7,-16,-6,-15,-8,-18,-6,-17,-6,-18,-6,-18,-5,-19,-6,-19,-6,-21,-5,-20,-5,-20,-4,-20,-3,-21,-3,-21,-3,-20,-4,-21,-2,-21,-1,-21,0,0,0,0,0,0,0,0,0,0
84,-64,4,0,0,0,0,0,0,0,0,0,13,-5,13,-6,12,-7,14,-6,13,-6,13,-6,13,-7,12,-6,13,-7,12,-7,14,-8,13,-9,13,-9,13,-9,13,-8,13,-10,12,-10,13,-9,12,-10,13,-9,14,-9,13,-11,13,-9,12,-12,14,-12,13,-12,0,0,13,-13,14,-13,13,-13,13,-14,14,-12,14,-13,15,-13,13,-12,14,-14,13,-13,14,-15,13,-13,14,-14,14,-14,14,-14,15,-14,16,-15,15,-14,16,-13,16,-13,16,-12,17,-12,17,-12,17,-12,18,-10,18,-9,0,0,0,0,0,0,0,0,0,0
84,-64,4,0,0,0,0,0,0,0,0,0,9,8,9,7,10,6,11,7,10,6,10,7,11,6,10,5,11,6,11,4,12,6,13,5,13,5,13,5,12,6,14,5,13,4,12,5,13,4,13,4,13,5,14,4,13,4,15,2,16,4,15,3,0,0,16,3,16,3,17,3,16,2,15,3,17,2,18,3,17,3,19,0,17,2,19,3,17,3,19,2,18,2,18,4,19,3,20,4,19,4,19,4,19,4,18,6,19,7,18,6,20,6,18,8,18,9,0,0,0,0,0,0,0,0,0,0
84,-64,4,0,0,0,0,0,0,0,0,0,-13,-5,-13,-4,-13,-2,-15,-4,-14,-3,-14,-3,-14,-2,-13,-1,-14,-1,-13,0,-15,-1,-16,0,-16,0,-16,0,-15,0,-16,1,-15,1,-15,1,-16,2,-16,1,-16,1,-17,2,-15,1,-16,4,-17,2,-18,4,0,0,-18,5,-18,4,-19,5,-17,5,-18,4,-18,5,-20,5,-17,4,-18,5,-19,5,-21,5,-19,5,-20,6,-21,7,-20,4,-21,6,-22,6,-22,6,-21,5,-22,4,-22,4,-23,3,-22,2,-24,3,-23,1,-23,0,0,0,0,0,0,0,0,0,0,0
84,-64,4,0,0,0,0,0,0,0,0,0,-6,-12,-6,-12,-8,-11,-7,-13,-7,-12,-7,-12,-8,-12,-8,-10,-8,-11,-9,-10,-10,-12,-11,-11,-11,-11,-11,-11,-10,-12,-12,-11,-11,-10,-10,-10,-12,-10,-12,-10,-12,-11,-13,-10,-11,-10,-14,-9,-15,-10,-14,-10,0,0,-15,-9,-15,-10,-17,-11,-15,-9,-16,-10,-16,-10,-18,-9,-17,-11,-14,-7,-15,-8,-18,-10,-18,-10,-18,-10,-19,-10,-17,-11,-19,-11,-20,-10,-19,-11,-19,-12,-18,-12,-19,-12,-19,-14,-19,-13,-19,-14,-17,-15,-17,-16,0,0,0,0,0,0,0,0,0,0
84,-64,4,0,0,0,0,0,0,0,0,0,17,54,17,48,34,48,21,54,20,48,25,42,24,45,20,36,20,47,35,31,34,51,49,42,51,35,36,41,34,46,54,37,51,24,28,29,43,23,41,37,27,49,45,31,29,41,56,12,55,26,54,32,0,0,58,18,59,32,70,27,61,11,44,36,59,25,50,27,49,32,60,23,50,22,63,25,46,30,48,27,55,26,49,13,68,14,65,15,59,28,56,23,43,33,60,18,50,28,40,25,52,34,25,27,16,46,0,0,0,0,0,0,0,0,0,0
84,-64,4,0,0,0,0,0,0,0,0,0,-11,10,-10,10,-10,12,-11,11,-10,11,-10,11,-11,12,-9,11,-10,12,-8,11,-10,13,-9,14,-9,14,-9,14,-10,13,-8,15,-7,14,-9,13,-8,14,-9,14,-10,14,-9,15,-9,13,-6,16,-9,16,-7,17,0,0,-7,17,-8,17,-8,18,-7,18,-8,17,-9,17,-9,18,-8,17,-11,19,-10,19,-9,20,-8,17,-8,18,-8,18,-9,18,-8,19,-10,19,-10,19,-10,18,-10,18,-11,17,-11,17,-12,17,-11,18,-13,16,-14,16,0,0,0,0,0,0,0,0,0,0
84,-64,4,0,0,0,0,0,0,0,0,0,-2,-15,-2,-15,-4,-14,-3,-16,-3,-15,-3,-15,-4,-15,-4,-14,-5,-15,-5,-14,-5,-17,-7,-16,-7,-16,-6,-16,-5,-16,-8,-16,-7,-15,-6,-15,-8,-15,-7,-16,-6,-16,-8,-15,-7,-15,-10,-15,-9,-17,-10,-16,0,0,-10,-16,-10,-17,-11,-17,-12,-16,-10,-16,-11,-18,-11,-17,-10,-15,-11,-20,-11,-14,-12,-17,-10,-16,-11,-18,-11,-17,-11,-18,-12,-18,-13,-18,-12,-19,-11,-19,-10,-19,-9,-19,-10,-20,-9,-20,-10,-20,-7,-21,-7,-21,0,0,0,0,0,0,0,0,0,0
84,-64,4,0,0,0,0,0,0,0,0,0,10,-6,9,-7,9,-8,11,-7,9,-7,9,-7,9,-8,8,-7,9,-8,8,-8,10,-10,9,-10,9,-10,9,-9,10,-9,9,-11,7,-10,9,-9,8,-11,9,-10,9,-10,9,-11,9,-10,7,-12,9,-12,9,-12,0,0,8,-13,10,-13,9,-14,8,-13,9,-12,8,-13,10,-13,9,-13,11,-14,10,-13,9,-15,9,-13,9,-14,9,-13,10,-14,10,-15,11,-15,11,-14,11,-13,12,-13,12,-12,12,-12,12,-12,12,-13,13,-11,13,-11,0,0,0,0,0,0,0,0,0,0
84,-64,4,0,0,0,0,0,0,0,0,0,-12,10,-11,10,-10,11,-13,11,-11,11,-11,10,-11,12,-10,11,-11,12,-9,12,-12,14,-10,14,-10,14,-11,14,-12,13,-10,15,-9,14,-10,13,-9,14,-10,14,-11,14,-10,15,-11,14,-8,16,-10,16,-9,17,0,0,-9,18,-10,18,-10,19,-8,18,-10,17,-9,19,-10,18,-9,18,-13,18,-14,23,-11,21,-10,18,-10,19,-10,20,-12,20,-11,20,-12,20,-13,19,-13,19,-13,19,-14,18,-14,18,-15,17,-15,18,-17,16,-17,17,0,0,0,0,0,0,0,0,0,0
84,-64,4,0,0,0,0,0,0,0,0,0,-6,-12,-7,-11,-8,-11,-8,-12,-8,-11,-7,-11,-8,-11,-8,-10,-9,-11,-9,-10,-9,-11,-11,-11,-11,-11,-10,-11,-10,-11,-12,-10,-11,-10,-10,-10,-12,-9,-11,-11,-11,-11,-12,-9,-10,-11,-14,-8,-14,-11,-14,-10,0,0,-15,-9,-14,-10,-16,-9,-16,-9,-15,-10,-16,-10,-16,-10,-14,-9,-15,-11,-14,-8,-17,-10,-16,-10,-16,-11,-17,-11,-16,-11,-17,-11,-19,-11,-17,-12,-17,-12,-17,-12,-16,-13,-16,-14,-16,-14,-18,-14,-15,-15,-14,-16,0,0,0,0,0,0,0,0,0,0
84,-64,4,0,0,0,0,0,0,0,0,0,-13,-6,-13,-6,-14,-4,-14,-6,-14,-5,-13,-5,-14,-4,-13,-4,-15,-4,-14,-3,-16,-4,-16,-2,-16,-3,-16,-3,-15,-4,-17,-1,-15,-1,-16,-2,-15,-1,-16,-2,-16,-2,-17,-1,-16,-3,-17,1,-19,-1,-18,0,0,0,-19,0,-19,0,-20,1,-19,2,-19,1,-20,0,-20,1,-18,1,-22,-1,-18,3,-20,2,-19,1,-21,0,-21,1,-22,0,-21,1,-25,1,-23,0,-22,0,-22,-2,-23,-2,-23,-3,-23,-3,-24,-3,-23,-6,-22,-6,0,0,0,0,0,0,0,0,0,0
84,-64,4,0,0,0,0,0,0,0,0,0,-12,2,-12,2,-12,4,-14,3,-12,3,-12,3,-12,4,-11,4,-12,4,-11,5,-14,5,-13,7,-13,7,-13,7,-13,6,-13,8,-11,8,-12,6,-11,8,-12,7,-13,6,-12,8,-12,6,-10,10,-14,10,-12,10,0,0,-12,12,-13,11,-14,12,-12,12,-13,11,-13,12,-13,13,-12,12,-13,13,-11,12,-13,15,-13,12,-13,13,-14,14,-13,13,-14,15,-16,15,-16,15,-16,14,-15,14,-17,13,-17,13,-18,12,-18,13,-18,10,-19,10,0,0,0,0,0,0,0,0,0,0
84,-64,4,0,0,0,0,0,0,0,0,0,6,-8,6,-8,5,-9,7,-9,6,-8,5,-8,5,-9,4,-8,5,-9,4,-9,6,-11,4,-12,4,-11,4,-11,5,-10,4,-13,3,-11,4,-10,2,-11,3,-11,4,-11,3,-12,4,-11,1,-12,3,-13,2,-14,0,0,1,-14,2,-14,1,-15,1,-15,2,-13,1,-14,1,-15,1,-14,1,-16,1,-15,0,-17,1,-14,1,-16,0,-16,1,-16,0,-17,1,-19,2,-18,1,-18,2,-18,3,-18,3,-18,5,-18,3,-19,6,-17,6,-17,0,0,0,0,0,0,0,0,0,0
84,-64,4,0,0,0,0,0,0,0,0,0,8,-5,7,-6,7,-7,9,-7,7,-6,7,-6,7,-7,6,-7,7,-7,6,-8,8,-9,7,-10,6,-10,6,-9,7,-8,7,-10,5,-10,7,-9,5,-10,6,-9,7,-9,6,-10,7,-9,4,-11,7,-11,6,-12,0,0,6,-12,7,-12,6,-14,6,-13,6,-12,6,-13,6,-14,6,-12,5,-17,7,-13,6,-14,7,-12,7,-14,7,-15,7,-14,7,-16,7,-16,8,-16,8,-15,9,-15,10,-15,9,-15,10,-14,10,-16,12,-13,12,-13,0,0,0,0,0,0,0,0,0,0
84,-64,4,0,0,0,0,0,0,0,0,0,5,10,5,9,8,9,6,11,6,9,6,9,7,9,7,8,7,9,8,7,9,10,10,9,10,9,10,8,9,9,12,8,10,6,9,9,11,6,10,8,10,9,11,8,10,9,12,5,13,8,13,7,0,0,13,7,14,8,15,7,15,6,14,7,15,6,16,7,13,6,19,7,15,6,18,6,15,7,17,7,17,6,17,7,18,6,20,7,18,9,18,9,18,9,17,10,18,10,17,12,19,11,15,13,15,13,0,0,0,0,0,0,0,0,0,0
84,-64,4,0,0,0,0,0,0,0,0,0,-3,11,-3,12,-1,11,-3,13,-3,11,-3,12,-2,12,-1,10,-1,11,1,10,0,13,1,14,1,13,1,13,-1,13,2,14,2,12,0,12,3,12,1,13,0,13,2,13,1,12,5,12,3,15,5,15,0,0,6,14,4,15,6,16,6,14,4,15,6,14,6,16,7,15,5,15,6,16,9,18,6,15,7,16,7,16,8,16,8,18,8,18,7,20,7,18,6,18,6,19,6,20,5,19,7,20,3,20,3,21,0,0,0,0,0,0,0,0,0,0
84,-64,4,0,0,0,0,0,0,0,0,0,-11,3,-11,4,-11,5,-13,4,-11,4,-11,4,-11,6,-10,6,-11,5,-9,6,-12,8,-11,9,-11,9,-11,8,-12,7,-10,10,-9,10,-10,7,-9,9,-10,8,-11,8,-10,10,-10,8,-8,11,-10,11,-9,12,0,0,-9,13,-10,12,-11,15,-9,13,-10,13,-10,13,-9,14,-9,14,-8,15,-8,15,-9,17,-10,13,-9,15,-10,16,-10,14,-10,18,-11,18,-11,18,-12,17,-11,16,-12,17,-13,16,-13,15,-14,17,-15,14,-16,14,0,0,0,0,0,0,0,0,0,0
84,-64,4,0,0,0,0,0,0,0,0,0,2,11,3,11,5,10,4,12,4,10,4,11,5,10,5,9,5,10,6,8,7,12,8,11,8,11,7,10,7,11,10,11,9,9,7,10,9,9,8,10,8,10,10,9,8,10,11,8,11,11,12,10,0,0,13,9,12,10,14,9,13,9,13,9,13,9,14,8,14,8,11,10,13,7,17,9,13,9,14,9,16,9,14,9,17,9,19,9,18,11,17,10,16,11,16,12,16,12,15,12,18,13,14,14,14,15,0,0,0,0,0,0,0,0,0,0
84,-64,4,0,0,0,0,0,0,0,0,0,9,3,9,2,10,1,11,3,9,2,9,2,9,1,9,0,10,1,9,-1,11,1,11,-2,11,-1,11,-1,11,0,11,-2,11,-2,10,0,11,-3,10,-1,11,-1,12,-2,10,-1,10,-5,13,-3,12,-4,0,0,12,-5,12,-4,14,-5,12,-4,13,-4,13,-5,14,-6,11,-5,15,-7,9,-8,13,-8,12,-6,13,-6,14,-7,14,-6,14,-7,16,-7,16,-6,16,-6,16,-6,16,-5,17,-4,16,-4,18,-5,16,-3,17,-3,0,0,0,0,0,0,0,0,0,0
84,-64,4,0,0,0,0,0,0,0,0,0,-60,-14,-50,-16,-76,-10,-80,-11,-63,-11,-53,-14,-75,-8,-50,-10,-66,-7,-72,-8,-89,-2,-98,7,-99,3,-92,0,-67,-1,-98,6,-84,3,-62,-4,-67,1,-77,-1,-66,-1,-82,5,-54,-9,-82,-8,-103,1,-93,-2,0,0,-97,9,-101,10,-99,7,-96,6,-73,0,-93,10,-93,14,-91,2,-81,11,-81,-1,-104,17,-74,-7,-84,2,-80,7,-92,16,-99,14,-104,23,-82,5,-92,12,-74,3,-84,16,-87,8,-67,-7,-71,0,-51,-14,-59,-9,0,0,0,0,0,0,0,0,0,0
84,-64,4,0,0,0,0,0,0,0,0,0,-3,-10,-3,-10,-5,-10,-4,-12,-4,-10,-4,-11,-5,-10,-5,-9,-5,-10,-7,-9,-7,-11,-8,-10,-8,-10,-8,-10,-7,-11,-9,-10,-9,-9,-7,-10,-9,-9,-8,-10,-8,-10,-9,-9,-7,-9,-11,-7,-11,-9,-11,-9,0,0,-13,-8,-12,-9,-14,-9,-13,-8,-12,-9,-12,-8,-14,-8,-12,-9,-11,-8,-13,-6,-15,-7,-14,-7,-15,-8,-16,-8,-14,-9,-16,-8,-17,-9,-16,-9,-16,-10,-15,-10,-15,-11,-16,-11,-15,-11,-17,-11,-14,-12,-14,-13,0,0,0,0,0,0,0,0,0,0
84,-64,4,0,0,0,0,0,0,0,0,0,12,2,11,1,12,-1,14,1,12,1,12,0,12,-1,11,-1,12,-1,11,-2,14,-2,13,-4,14,-4,13,-3,13,-2,14,-4,12,-4,13,-2,13,-5,13,-4,14,-2,14,-4,13,-3,12,-7,15,-6,15,-7,0,0,14,-7,15,-7,16,-8,14,-8,15,-7,15,-8,16,-8,14,-8,19,-8,18,-12,18,-11,15,-8,15,-9,17,-10,17,-9,17,-12,19,-10,19,-10,19,-9,19,-9,20,-8,20,-7,20,-6,21,-8,20,-5,21,-5,0,0,0,0,0,0,0,0,0,0
84,-64,4,0,0,0,0,0,0,0,0,0,8,13,8,13,9,14,10,13,9,13,9,12,9,12,9,12,10,12,10,11,13,12,13,12,13,11,13,12,12,12,15,12,13,11,12,11,13,12,13,12,13,12,14,12,12,12,15,12,17,12,16,12,0,0,17,12,18,12,18,12,18,12,17,12,18,13,19,13,17,13,20,14,18,12,21,12,18,12,20,13,20,13,20,13,21,13,23,15,20,15,20,15,20,17,19,17,20,18,19,18,21,19,18,20,17,20,0,0,0,0,0,0,0,0,0,0
84,-64,4,0,0,0,0,0,0,0,0,0,-56,26,-41,22,-39,44,-60,18,-45,27,-49,18,-47,40,-34,34,-38,41,-30,29,-48,50,-34,54,-43,51,-39,43,-35,31,-36,49,-27,53,-45,30,-16,53,-21,47,-36,39,-25,58,-31,30,4,61,-13,59,-24,45,0,0,-4,71,-10,50,-7,51,-6,57,-17,49,3,59,5,63,-7,46,-14,61,6,50,-17,70,-8,47,-18,38,-3,55,-15,55,10,67,-2,73,-15,50,-4,56,-20,46,-4,47,1,46,-14,29,0,57,-13,24,-30,22,0,0,0,0,0,0,0,0,0,0
84,-64,4,0,0,0,0,0,0,0,0,0,9,4,9,3,10,1,11,4,10,3,10,3,10,2,9,2,10,2,10,0,12,1,12,0,13,-1,12,0,12,2,13,-1,11,-2,11,1,12,-2,12,0,12,1,13,-1,11,1,12,-4,14,-3,14,-2,0,0,14,-3,14,-3,16,-4,15,-5,14,-3,15,-4,15,-4,13,-4,15,-5,13,-4,15,-6,15,-4,16,-5,17,-6,15,-4,17,-6,18,-6,18,-5,18,-4,18,-3,18,-3,19,-3,18,-2,20,-4,18,-1,18,0,0,0,0,0,0,0,0,0,0,0
84,-64,4,0,0,0,0,0,0,0,0,0,3,-11,2,-10,0,-11,3,-12,2,-11,2,-11,1,-11,0,-10,1,-11,-1,-11,0,-13,-2,-13,-1,-13,-1,-13,0,-12,-2,-14,-3,-12,-1,-12,-3,-13,-1,-12,0,-13,-2,-13,-1,-12,-5,-12,-3,-14,-4,-14,0,0,-5,-15,-4,-15,-6,-15,-6,-16,-4,-15,-5,-15,-7,-15,-4,-15,-7,-15,-4,-10,-7,-16,-5,-15,-6,-17,-6,-17,-6,-16,-7,-18,-8,-18,-7,-19,-6,-18,-5,-18,-4,-18,-5,-19,-4,-18,-5,-20,-2,-18,-2,-19,0,0,0,0,0,0,0,0,0,0
84,-64,4,0,0,0,0,0,0,0,0,0,26,-52,23,-47,20,-65,22,-77,21,-59,16,-59,16,-66,22,-58,10,-62,13,-71,8,-94,4,-99,3,-85,11,-78,18,-63,8,-97,4,-83,9,-58,5,-67,18,-75,11,-56,10,-81,27,-58,21,-81,8,-103,12,-97,0,0,4,-101,1,-108,2,-104,7,-93,17,-73,14,-91,6,-87,15,-85,6,-79,4,-83,-6,-99,16,-64,10,-74,4,-69,4,-92,0,-93,-5,-102,7,-81,0,-98,12,-66,9,-86,14,-84,19,-64,10,-70,18,-50,25,-55,0,0,0,0,0,0,0,0,0,0
84,-64,4,0,0,0,0,0,0,0,0,0,10,-3,10,-3,10,-5,12,-4,10,-4,11,-4,10,-5,9,-5,10,-5,9,-6,12,-6,11,-8,10,-8,10,-7,11,-6,11,-9,9,-9,10,-7,9,-9,10,-8,11,-7,10,-9,10,-7,8,-11,11,-11,11,-12,0,0,10,-12,11,-12,10,-13,10,-13,10,-12,11,-12,11,-13,10,-12,14,-14,9,-12,10,-16,9,-12,11,-13,11,-14,11,-14,11,-15,12,-17,12,-16,13,-15,13,-14,13,-14,14,-14,14,-13,15,-14,15,-11,15,-11,0,0,0,0,0,0,0,0,0,0
84,-64,4,0,0,0,0,0,0,0,0,0,3,9,4,8,5,8,4,10,4,9,4,9,5,9,5,7,5,8,6,7,7,9,8,9,8,8,7,8,6,9,9,8,8,7,6,8,8,7,7,8,7,9,9,8,7,8,10,6,10,9,10,8,0,0,11,8,11,8,12,8,12,7,11,8,11,8,12,8,11,7,12,8,11,6,14,8,11,7,12,8,13,8,13,8,14,8,16,9,14,10,14,10,13,10,13,11,14,12,13,12,15,12,11,13,11,13,0,0,0,0,0,0,0,0,0,0
84,-64,4,0,0,0,0,0,0,0,0,0,27,42,24,36,40,30,25,47,25,37,26,32,32,32,31,16,37,30,33,5,37,27,56,19,47,14,41,25,41,33,52,6,47,1,30,12,37,-4,40,15,39,36,45,-1,32,17,36,-25,58,-3,52,0,0,0,63,-22,63,-6,71,-19,54,-30,51,-4,56,-14,54,-15,56,-9,47,-9,54,-19,75,-27,55,-6,49,-9,55,-14,55,-23,63,-31,57,-26,59,-20,61,-26,55,-8,63,-23,56,-19,51,-15,66,-7,37,-2,52,13,0,0,0,0,0,0,0,0,0,0
84,-64,4,0,0,0,0,0,0,0,0,0,-6,8,-5,9,-4,10,-6,10,-5,9,-5,9,-4,10,-3,9,-4,10,-3,9,-4,12,-2,12,-2,11,-3,12,-4,10,-2,13,-1,11,-3,11,-1,11,-2,11,-3,11,-1,12,-2,10,1,12,-1,14,0,14,0,0,2,14,0,14,1,16,1,15,0,14,1,14,2,15,2,15,1,14,3,14,3,18,2,14,2,15,2,16,2,16,4,17,2,18,2,18,2,18,1,18,0,17,0,17,-1,18,0,19,-3,17,-3,18,0,0,0,0,0,0,0,0,0,0
84,-64,4,0,0,0,0,0,0,0,0,0,-12,-5,-12,-4,-13,-2,-15,-6,-13,-4,-13,-4,-14,-4,-12,-3,-13,-3,-13,-1,-16,-3,-16,0,-16,-1,-15,-1,-14,-2,-16,0,-15,0,-14,-2,-15,1,-15,0,-16,-2,-16,1,-15,-1,-15,3,-18,2,-17,2,0,0,-18,3,-18,3,-20,4,-18,4,-18,3,-18,4,-20,4,-17,2,-20,6,-18,4,-20,5,-19,4,-19,5,-21,6,-19,5,-21,6,-22,6,-23,5,-22,4,-22,3,-22,3,-23,3,-22,1,-24,2,-22,-1,-23,-1,0,0,0,0,0,0,0,0,0,0
84,-64,4,0,0,0,0,0,0,0,0,0,-1,-11,-1,-11,-4,-11,-2,-13,-3,-12,-2,-12,-3,-12,-3,-11,-3,-12,-4,-10,-5,-13,-6,-13,-7,-13,-5,-13,-4,-13,-7,-13,-7,-12,-6,-11,-7,-11,-5,-12,-4,-15,-7,-11,-4,-10,-11,-10,-7,-14,-10,-15,0,0,-10,-14,-9,-12,-12,-13,-11,-13,-10,-14,-10,-14,-13,-13,-10,-14,-12,-15,-11,-10,-13,-15,-11,-12,-12,-12,-12,-15,-12,-15,-13,-14,-14,-15,-13,-16,-12,-16,-12,-16,-12,-16,-12,-16,-10,-17,-13,-18,-9,-18,-9,-18,0,0,0,0,0,0,0,0,0,0
84,-64,4,0,0,0,0,0,0,0,0,0,-2,9,-2,9,0,9,-2,11,-1,9,-1,10,-1,10,0,9,-1,9,0,9,0,11,1,11,1,11,1,10,-1,10,2,11,2,10,0,10,3,10,1,10,0,11,2,11,0,10,4,10,3,12,3,12,0,0,4,12,3,12,4,13,5,12,3,12,4,12,4,12,4,12,4,12,4,11,6,13,4,11,4,12,4,13,4,12,5,13,5,14,4,14,4,13,3,13,2,13,3,13,2,13,3,14,1,13,0,14,0,0,0,0,0,0,0,0,0,0
84,-64,4,0,0,0,0,0,0,0,0,0,-6,11,-5,11,-3,12,-6,13,-5,12,-5,11,-4,13,-3,11,-4,12,-2,11,-4,14,-2,15,-2,14,-2,14,-4,13,-2,15,-1,13,-3,13,-1,14,-2,14,-3,14,-1,15,-3,13,1,14,-1,16,0,16,0,0,1,16,0,16,1,17,2,17,0,16,1,16,1,17,1,15,1,17,2,15,2,19,0,15,1,16,1,17,1,17,2,18,1,19,0,19,0,18,0,18,-1,18,-1,17,-2,18,-1,19,-4,17,-4,17,0,0,0,0,0,0,0,0,0,0
84,-64,4,0,0,0,0,0,0,0,0,0,-10,8,-9,9,-7,10,-11,11,-9,10,-9,9,-8,11,-7,9,-8,11,-6,10,-9,12,-7,13,-7,13,-8,13,-9,12,-7,15,-5,13,-8,12,-5,13,-8,12,-8,12,-7,14,-8,11,-3,14,-7,16,-6,16,0,0,-4,17,-6,16,-6,17,-4,17,-6,16,-5,17,-5,17,-4,16,-6,21,-4,13,-3,20,-4,16,-5,17,-5,18,-5,17,-5,20,-5,20,-6,19,-7,18,-7,18,-8,18,-8,18,-9,17,-8,19,-10,17,-11,16,0,0,0,0,0,0,0,0,0,0
84,-64,4,0,0,0,0,0,0,0,0,0,1,-11,0,-11,-1,-11,1,-13,0,-11,0,-11,-1,-12,-2,-11,-1,-12,-2,-10,-2,-13,-4,-13,-4,-13,-3,-13,-3,-13,-5,-14,-5,-12,-3,-11,-5,-11,-4,-12,-3,-13,-6,-13,-3,-11,-7,-11,-6,-14,-7,-14,0,0,-9,-13,-7,-14,-10,-14,-9,-14,-7,-13,-9,-14,-9,-14,-10,-12,-9,-15,-8,-11,-12,-14,-8,-13,-9,-14,-10,-14,-10,-14,-10,-14,-11,-15,-10,-16,-10,-16,-9,-16,-8,-16,-9,-16,-8,-17,-10,-17,-7,-16,-6,-17,0,0,0,0,0,0,0,0,0,0
84,-64,4,0,0,0,0,0,0,0,0,0,6,8,7,8,8,6,9,9,7,7,8,8,8,7,8,6,8,7,9,5,11,7,12,5,12,5,11,6,10,6,13,5,12,3,10,5,12,3,11,4,12,6,13,4,10,5,13,2,15,4,15,3,0,0,16,1,15,3,17,2,15,1,16,2,16,2,16,1,15,0,15,2,15,-1,19,-1,15,1,17,1,18,0,17,1,18,-1,20,0,20,1,18,1,18,2,19,2,19,3,18,3,20,3,17,5,18,5,0,0,0,0,0,0,0,0,0,0
